2025-03-11T13:24:51.050Z - info: Initializing jsreport (version: 4.8.0, configuration file: none, nodejs: 20.15.1)
2025-03-11T13:24:51.055Z - info: Searching for available extensions in C:\Users\barua\OneDrive\Desktop\Gadify-Backend\
2025-03-11T13:24:51.063Z - info: Extensions location cache C:\Users\barua\AppData\Local\Temp\jsreport\core\locations.json contains older information, crawling
2025-03-11T13:24:55.623Z - info: Found 35 extension(s)
2025-03-11T13:24:55.678Z - debug: Writing extension locations cache to C:\Users\barua\AppData\Local\Temp\jsreport\core\locations.json
2025-03-11T13:24:55.681Z - debug: Discovered 35 extensions
2025-03-11T13:24:55.756Z - info: Using extension authentication@4.2.3
2025-03-11T13:24:56.040Z - debug: Extension authentication@4.2.3 was disabled
2025-03-11T13:24:56.041Z - info: Using extension base@4.0.0
2025-03-11T13:24:56.045Z - info: Using extension child-templates@4.1.0
2025-03-11T13:24:56.047Z - info: Using extension cli@4.1.0
2025-03-11T13:24:56.051Z - info: Using extension components@4.0.2
2025-03-11T13:24:56.053Z - info: Using extension data@4.1.0
2025-03-11T13:24:56.055Z - info: Using extension express@4.2.0
2025-03-11T13:24:56.376Z - info: Using extension freeze@4.0.0
2025-03-11T13:24:56.379Z - info: Using extension fs-store@4.1.0
2025-03-11T13:24:56.535Z - debug: Extension fs-store@4.1.0 was disabled
2025-03-11T13:24:56.536Z - info: Using extension handlebars@4.0.1
2025-03-11T13:24:56.538Z - info: Using extension import-export@4.0.6
2025-03-11T13:24:56.565Z - info: Using extension jsrender@4.0.0
2025-03-11T13:24:56.566Z - info: Using extension licensing@4.0.4
2025-03-11T13:24:56.617Z - info: Using extension localization@4.0.1
2025-03-11T13:24:56.619Z - info: Using extension npm@4.0.0
2025-03-11T13:24:56.624Z - info: Using extension pdf-utils@4.3.0
2025-03-11T13:24:56.628Z - info: Using extension reports@4.1.3
2025-03-11T13:24:56.633Z - info: Using extension tags@4.0.1
2025-03-11T13:24:56.636Z - info: Using extension text@4.0.2
2025-03-11T13:24:56.638Z - info: Using extension version-control@4.1.0
2025-03-11T13:24:56.658Z - info: Using extension assets@4.2.1
2025-03-11T13:24:56.678Z - info: Using extension authorization@4.1.0
2025-03-11T13:24:56.683Z - debug: Extension authorization@4.1.0 was disabled
2025-03-11T13:24:56.684Z - info: Using extension browser-client@4.1.0
2025-03-11T13:24:56.688Z - info: Using extension chrome-pdf@4.1.1
2025-03-11T13:24:56.691Z - debug: Chrome strategy is chrome-pool, numberOfWorkers: 1
2025-03-11T13:24:56.692Z - debug: Chrome custom launch options are protocolTimeout=60000
2025-03-11T13:24:56.693Z - info: Using extension docx@4.7.0
2025-03-11T13:24:56.696Z - info: Using extension html-to-xlsx@4.2.0
2025-03-11T13:24:56.946Z - info: html-to-xlsx detected chrome as available html engine
2025-03-11T13:24:56.946Z - info: Using extension pptx@4.4.0
2025-03-11T13:24:56.949Z - info: Using extension scheduling@4.1.0
2025-03-11T13:24:56.980Z - info: Using extension scripts@4.2.0
2025-03-11T13:24:56.981Z - info: Using extension static-pdf@4.1.0
2025-03-11T13:24:56.982Z - info: Using extension studio@4.3.0
2025-03-11T13:24:57.078Z - info: Using extension xlsx@4.4.0
2025-03-11T13:24:57.080Z - info: Using extension public-templates@4.0.0
2025-03-11T13:24:57.082Z - debug: Extension public-templates@4.0.0 was disabled
2025-03-11T13:24:57.083Z - info: Using extension sample-template@4.0.1
2025-03-11T13:24:57.085Z - info: Using extension studio-theme-dark@4.0.0
2025-03-11T13:24:57.086Z - info: Using general timeout for rendering (reportTimeout: 60000)
2025-03-11T13:24:57.087Z - info: Using memory provider for template store. The saved templates will be lost after restart
2025-03-11T13:24:57.101Z - debug: studio default theme is: light
2025-03-11T13:24:57.107Z - info: Creating default express app.
2025-03-11T13:24:57.126Z - info: jsreport server successfully started on http port: 5488
2025-03-11T13:24:57.128Z - info: Verifying license key free
2025-03-11T13:24:57.130Z - info: Using free license
2025-03-11T13:24:57.137Z - info: Migrating templates chrome settings (waitForNetworkIddle -> waitForNetworkIdle)
2025-03-11T13:24:57.138Z - info: Migration successful
2025-03-11T13:24:57.139Z - debug: Creating samples is disabled
2025-03-11T13:24:57.140Z - info: Initializing worker threads
2025-03-11T13:24:57.140Z - debug: Extensions in workers: base, child-templates, components, data, express, handlebars, jsrender, localization, npm, pdf-utils, reports, text, version-control, assets, browser-client, chrome-pdf, docx, html-to-xlsx, pptx, scripts, static-pdf, studio, xlsx
2025-03-11T13:24:57.844Z - info: 2 worker threads initialized in 704ms
2025-03-11T13:24:57.845Z - info: Starting temp files cleanup with 180000ms threshold
2025-03-11T13:24:57.853Z - info: reporter initialized
2025-03-11T13:25:12.544Z - info: Initializing jsreport (version: 4.8.0, configuration file: none, nodejs: 20.15.1)
2025-03-11T13:25:12.550Z - info: Searching for available extensions in C:\Users\barua\OneDrive\Desktop\Gadify-Backend\
2025-03-11T13:25:12.557Z - info: Extensions location cache contains up to date information, skipping crawling in C:\Users\barua\OneDrive\Desktop\Gadify-Backend\
2025-03-11T13:25:12.656Z - info: Found 35 extension(s)
2025-03-11T13:25:12.704Z - debug: Writing extension locations cache to C:\Users\barua\AppData\Local\Temp\jsreport\core\locations.json
2025-03-11T13:25:12.707Z - debug: Discovered 35 extensions
2025-03-11T13:25:12.770Z - info: Using extension authentication@4.2.3
2025-03-11T13:25:13.061Z - debug: Extension authentication@4.2.3 was disabled
2025-03-11T13:25:13.062Z - info: Using extension base@4.0.0
2025-03-11T13:25:13.067Z - info: Using extension child-templates@4.1.0
2025-03-11T13:25:13.070Z - info: Using extension cli@4.1.0
2025-03-11T13:25:13.075Z - info: Using extension components@4.0.2
2025-03-11T13:25:13.078Z - info: Using extension data@4.1.0
2025-03-11T13:25:13.081Z - info: Using extension express@4.2.0
2025-03-11T13:25:13.507Z - info: Using extension freeze@4.0.0
2025-03-11T13:25:13.510Z - info: Using extension fs-store@4.1.0
2025-03-11T13:25:13.740Z - debug: Extension fs-store@4.1.0 was disabled
2025-03-11T13:25:13.741Z - info: Using extension handlebars@4.0.1
2025-03-11T13:25:13.744Z - info: Using extension import-export@4.0.6
2025-03-11T13:25:13.782Z - info: Using extension jsrender@4.0.0
2025-03-11T13:25:13.785Z - info: Using extension licensing@4.0.4
2025-03-11T13:25:13.869Z - info: Using extension localization@4.0.1
2025-03-11T13:25:13.871Z - info: Using extension npm@4.0.0
2025-03-11T13:25:13.882Z - info: Using extension pdf-utils@4.3.0
2025-03-11T13:25:13.885Z - info: Using extension reports@4.1.3
2025-03-11T13:25:13.892Z - info: Using extension tags@4.0.1
2025-03-11T13:25:13.896Z - info: Using extension text@4.0.2
2025-03-11T13:25:13.898Z - info: Using extension version-control@4.1.0
2025-03-11T13:25:13.925Z - info: Using extension assets@4.2.1
2025-03-11T13:25:13.954Z - info: Using extension authorization@4.1.0
2025-03-11T13:25:13.963Z - debug: Extension authorization@4.1.0 was disabled
2025-03-11T13:25:13.963Z - info: Using extension browser-client@4.1.0
2025-03-11T13:25:13.968Z - info: Using extension chrome-pdf@4.1.1
2025-03-11T13:25:13.973Z - debug: Chrome strategy is chrome-pool, numberOfWorkers: 1
2025-03-11T13:25:13.974Z - debug: Chrome custom launch options are protocolTimeout=60000
2025-03-11T13:25:13.975Z - info: Using extension docx@4.7.0
2025-03-11T13:25:13.980Z - info: Using extension html-to-xlsx@4.2.0
2025-03-11T13:25:14.292Z - info: html-to-xlsx detected chrome as available html engine
2025-03-11T13:25:14.293Z - info: Using extension pptx@4.4.0
2025-03-11T13:25:14.296Z - info: Using extension scheduling@4.1.0
2025-03-11T13:25:14.330Z - info: Using extension scripts@4.2.0
2025-03-11T13:25:14.332Z - info: Using extension static-pdf@4.1.0
2025-03-11T13:25:14.333Z - info: Using extension studio@4.3.0
2025-03-11T13:25:14.432Z - info: Using extension xlsx@4.4.0
2025-03-11T13:25:14.436Z - info: Using extension public-templates@4.0.0
2025-03-11T13:25:14.437Z - debug: Extension public-templates@4.0.0 was disabled
2025-03-11T13:25:14.438Z - info: Using extension sample-template@4.0.1
2025-03-11T13:25:14.440Z - info: Using extension studio-theme-dark@4.0.0
2025-03-11T13:25:14.443Z - info: Using general timeout for rendering (reportTimeout: 60000)
2025-03-11T13:25:14.443Z - info: Using memory provider for template store. The saved templates will be lost after restart
2025-03-11T13:25:14.459Z - debug: studio default theme is: light
2025-03-11T13:25:14.465Z - info: Creating default express app.
2025-03-11T13:25:14.491Z - info: jsreport server successfully started on http port: 5488
2025-03-11T13:25:14.494Z - info: Verifying license key free
2025-03-11T13:25:14.495Z - info: Using free license
2025-03-11T13:25:14.502Z - info: Migrating templates chrome settings (waitForNetworkIddle -> waitForNetworkIdle)
2025-03-11T13:25:14.504Z - info: Migration successful
2025-03-11T13:25:14.505Z - debug: Creating samples is disabled
2025-03-11T13:25:14.506Z - info: Initializing worker threads
2025-03-11T13:25:14.506Z - debug: Extensions in workers: base, child-templates, components, data, express, handlebars, jsrender, localization, npm, pdf-utils, reports, text, version-control, assets, browser-client, chrome-pdf, docx, html-to-xlsx, pptx, scripts, static-pdf, studio, xlsx
2025-03-11T13:25:15.209Z - info: 2 worker threads initialized in 703ms
2025-03-11T13:25:15.210Z - info: Starting temp files cleanup with 180000ms threshold
2025-03-11T13:25:15.210Z - info: reporter initialized
2025-03-11T13:26:13.499Z - info: Render request 1 queued for execution and waiting for available worker rootId=ubb9hqjeyekwtk1, id=ubb9hqjeyekwtk1
2025-03-11T13:26:13.522Z - info: Starting rendering request 1 rootId=ubb9hqjeyekwtk1, id=ubb9hqjeyekwtk1
2025-03-11T13:26:13.524Z - info: Rendering anonymous template { recipe: chrome-pdf, engine: handlebars } rootId=ubb9hqjeyekwtk1, id=ubb9hqjeyekwtk1
2025-03-11T13:26:13.524Z - debug: Inline data specified. rootId=ubb9hqjeyekwtk1, id=ubb9hqjeyekwtk1
2025-03-11T13:26:13.534Z - debug: Base url not specified, skipping its injection. rootId=ubb9hqjeyekwtk1, id=ubb9hqjeyekwtk1
2025-03-11T13:26:13.535Z - debug: Rendering engine handlebars rootId=ubb9hqjeyekwtk1, id=ubb9hqjeyekwtk1
2025-03-11T13:26:14.506Z - debug: Executing recipe chrome-pdf rootId=ubb9hqjeyekwtk1, id=ubb9hqjeyekwtk1
2025-03-11T13:26:16.410Z - debug: Converting with chrome Chrome/133.0.6943.126 using chrome-pool strategy rootId=ubb9hqjeyekwtk1, id=ubb9hqjeyekwtk1
2025-03-11T13:26:16.511Z - debug: Page request: GET (document) file:///C:/Users/barua/AppData/Local/Temp/jsreport/autocleanup/280bfa21-cdc1-43c6-8bf2-78bf26d11ffe-chrome-pdf.html rootId=ubb9hqjeyekwtk1, id=ubb9hqjeyekwtk1
2025-03-11T13:26:16.550Z - debug: Page request finished: GET (document) 200 file:///C:/Users/barua/AppData/Local/Temp/jsreport/autocleanup/280bfa21-cdc1-43c6-8bf2-78bf26d11ffe-chrome-pdf.html rootId=ubb9hqjeyekwtk1, id=ubb9hqjeyekwtk1
2025-03-11T13:26:16.555Z - debug: Running chrome with params {"timeout":58978,"margin":{},"printBackground":true} rootId=ubb9hqjeyekwtk1, id=ubb9hqjeyekwtk1
2025-03-11T13:26:16.725Z - debug: Skipping storing report. rootId=ubb9hqjeyekwtk1, id=ubb9hqjeyekwtk1
2025-03-11T13:26:16.726Z - info: Rendering request 1 finished in 3232 ms rootId=ubb9hqjeyekwtk1, id=ubb9hqjeyekwtk1
2025-03-11T13:26:53.440Z - info: Initializing jsreport (version: 4.8.0, configuration file: none, nodejs: 20.15.1)
2025-03-11T13:26:53.447Z - info: Searching for available extensions in C:\Users\barua\OneDrive\Desktop\Gadify-Backend\
2025-03-11T13:26:53.458Z - info: Extensions location cache contains up to date information, skipping crawling in C:\Users\barua\OneDrive\Desktop\Gadify-Backend\
2025-03-11T13:26:53.579Z - info: Found 35 extension(s)
2025-03-11T13:26:53.631Z - debug: Writing extension locations cache to C:\Users\barua\AppData\Local\Temp\jsreport\core\locations.json
2025-03-11T13:26:53.633Z - debug: Discovered 35 extensions
2025-03-11T13:26:53.699Z - info: Using extension authentication@4.2.3
2025-03-11T13:26:53.980Z - debug: Extension authentication@4.2.3 was disabled
2025-03-11T13:26:53.981Z - info: Using extension base@4.0.0
2025-03-11T13:26:53.986Z - info: Using extension child-templates@4.1.0
2025-03-11T13:26:53.988Z - info: Using extension cli@4.1.0
2025-03-11T13:26:53.991Z - info: Using extension components@4.0.2
2025-03-11T13:26:53.995Z - info: Using extension data@4.1.0
2025-03-11T13:26:53.997Z - info: Using extension express@4.2.0
2025-03-11T13:26:54.517Z - info: Using extension freeze@4.0.0
2025-03-11T13:26:54.520Z - info: Using extension fs-store@4.1.0
2025-03-11T13:26:54.757Z - debug: Extension fs-store@4.1.0 was disabled
2025-03-11T13:26:54.757Z - info: Using extension handlebars@4.0.1
2025-03-11T13:26:54.761Z - info: Using extension import-export@4.0.6
2025-03-11T13:26:54.793Z - info: Using extension jsrender@4.0.0
2025-03-11T13:26:54.795Z - info: Using extension licensing@4.0.4
2025-03-11T13:26:54.799Z - info: Using extension localization@4.0.1
2025-03-11T13:26:54.802Z - info: Using extension npm@4.0.0
2025-03-11T13:26:54.809Z - info: Using extension pdf-utils@4.3.0
2025-03-11T13:26:54.813Z - info: Using extension reports@4.1.3
2025-03-11T13:26:54.819Z - info: Using extension tags@4.0.1
2025-03-11T13:26:54.823Z - info: Using extension text@4.0.2
2025-03-11T13:26:54.830Z - info: Using extension version-control@4.1.0
2025-03-11T13:26:54.854Z - info: Using extension assets@4.2.1
2025-03-11T13:26:54.879Z - info: Using extension authorization@4.1.0
2025-03-11T13:26:54.887Z - debug: Extension authorization@4.1.0 was disabled
2025-03-11T13:26:54.888Z - info: Using extension browser-client@4.1.0
2025-03-11T13:26:54.892Z - info: Using extension chrome-pdf@4.1.1
2025-03-11T13:26:54.896Z - debug: Chrome strategy is chrome-pool, numberOfWorkers: 1
2025-03-11T13:26:54.897Z - debug: Chrome custom launch options are protocolTimeout=60000
2025-03-11T13:26:54.898Z - info: Using extension docx@4.7.0
2025-03-11T13:26:54.902Z - info: Using extension html-to-xlsx@4.2.0
2025-03-11T13:26:55.310Z - info: html-to-xlsx detected chrome as available html engine
2025-03-11T13:26:55.311Z - info: Using extension pptx@4.4.0
2025-03-11T13:26:55.315Z - info: Using extension scheduling@4.1.0
2025-03-11T13:26:55.357Z - info: Using extension scripts@4.2.0
2025-03-11T13:26:55.359Z - info: Using extension static-pdf@4.1.0
2025-03-11T13:26:55.360Z - info: Using extension studio@4.3.0
2025-03-11T13:26:55.494Z - info: Using extension xlsx@4.4.0
2025-03-11T13:26:55.498Z - info: Using extension public-templates@4.0.0
2025-03-11T13:26:55.500Z - debug: Extension public-templates@4.0.0 was disabled
2025-03-11T13:26:55.501Z - info: Using extension sample-template@4.0.1
2025-03-11T13:26:55.504Z - info: Using extension studio-theme-dark@4.0.0
2025-03-11T13:26:55.508Z - info: Using general timeout for rendering (reportTimeout: 60000)
2025-03-11T13:26:55.508Z - info: Using memory provider for template store. The saved templates will be lost after restart
2025-03-11T13:26:55.529Z - debug: studio default theme is: light
2025-03-11T13:26:55.537Z - info: Creating default express app.
2025-03-11T13:26:55.570Z - info: jsreport server successfully started on http port: 5488
2025-03-11T13:26:55.575Z - info: Verifying license key free
2025-03-11T13:26:55.577Z - info: Using free license
2025-03-11T13:26:55.589Z - info: Migrating templates chrome settings (waitForNetworkIddle -> waitForNetworkIdle)
2025-03-11T13:26:55.590Z - info: Migration successful
2025-03-11T13:26:55.592Z - debug: Creating samples is disabled
2025-03-11T13:26:55.593Z - info: Initializing worker threads
2025-03-11T13:26:55.593Z - debug: Extensions in workers: base, child-templates, components, data, express, handlebars, jsrender, localization, npm, pdf-utils, reports, text, version-control, assets, browser-client, chrome-pdf, docx, html-to-xlsx, pptx, scripts, static-pdf, studio, xlsx
2025-03-11T13:26:56.618Z - info: 2 worker threads initialized in 1025ms
2025-03-11T13:26:56.620Z - info: Starting temp files cleanup with 180000ms threshold
2025-03-11T13:26:56.621Z - info: reporter initialized
2025-03-11T13:27:18.852Z - debug: OData query on templates
2025-03-11T13:27:18.871Z - debug: OData query on settings
2025-03-11T13:27:18.890Z - debug: OData query on folders
2025-03-11T13:27:18.930Z - debug: OData query on components
2025-03-11T13:27:18.942Z - debug: OData query on data
2025-03-11T13:27:18.954Z - debug: OData query on tags
2025-03-11T13:27:18.963Z - debug: OData query on assets
2025-03-11T13:27:18.973Z - debug: OData query on scripts
2025-03-11T13:27:18.984Z - debug: OData query on schedules
2025-03-11T13:27:19.053Z - debug: OData query on templates
2025-03-11T13:27:19.088Z - debug: OData query on profiles
2025-03-11T13:27:19.120Z - debug: OData query on profiles
2025-03-11T13:27:19.133Z - debug: OData query on profiles
2025-03-11T13:27:19.145Z - debug: OData query on profiles
2025-03-11T13:27:19.160Z - debug: OData query on profiles
2025-03-11T13:27:19.186Z - debug: OData query on profiles
2025-03-11T13:27:19.194Z - debug: OData query on templates
2025-03-11T13:27:34.489Z - debug: OData insert into folders
2025-03-11T13:28:12.611Z - debug: OData insert into templates
2025-03-11T13:28:16.093Z - debug: OData insert into data
2025-03-11T13:28:17.424Z - debug: OData query on templates
2025-03-11T13:29:04.828Z - debug: OData insert into assets
2025-03-11T13:29:04.862Z - debug: OData query on assets
2025-03-11T13:29:12.707Z - debug: OData query on templates
2025-03-11T13:29:28.090Z - debug: OData update on templates
2025-03-11T13:29:28.106Z - debug: OData query on templates
2025-03-11T13:29:29.396Z - info: Render request 1 queued for execution and waiting for available worker rootId=zfj2iqy5t6vgbgk, id=zfj2iqy5t6vgbgk
2025-03-11T13:29:29.410Z - info: Starting rendering request 1 rootId=zfj2iqy5t6vgbgk, id=zfj2iqy5t6vgbgk
2025-03-11T13:29:29.411Z - info: Rendering template { name: gadify_checklist_template, recipe: chrome-pdf, engine: handlebars, preview: true } rootId=zfj2iqy5t6vgbgk, id=zfj2iqy5t6vgbgk
2025-03-11T13:29:29.419Z - debug: Adding sample data 2xZak6pkX rootId=zfj2iqy5t6vgbgk, id=zfj2iqy5t6vgbgk
2025-03-11T13:29:29.422Z - debug: Base url not specified, skipping its injection. rootId=zfj2iqy5t6vgbgk, id=zfj2iqy5t6vgbgk
2025-03-11T13:29:29.425Z - debug: Rendering engine handlebars rootId=zfj2iqy5t6vgbgk, id=zfj2iqy5t6vgbgk
2025-03-11T13:29:30.247Z - debug: Executing recipe chrome-pdf rootId=zfj2iqy5t6vgbgk, id=zfj2iqy5t6vgbgk
2025-03-11T13:29:30.872Z - debug: Converting with chrome Chrome/133.0.6943.126 using chrome-pool strategy rootId=zfj2iqy5t6vgbgk, id=zfj2iqy5t6vgbgk
2025-03-11T13:29:31.135Z - debug: Page request: GET (document) file:///C:/Users/barua/AppData/Local/Temp/jsreport/autocleanup/6f2dd5f3-5025-4b15-94a7-2c3a3cd55423-chrome-pdf.html rootId=zfj2iqy5t6vgbgk, id=zfj2iqy5t6vgbgk
2025-03-11T13:29:31.179Z - debug: Page request finished: GET (document) 200 file:///C:/Users/barua/AppData/Local/Temp/jsreport/autocleanup/6f2dd5f3-5025-4b15-94a7-2c3a3cd55423-chrome-pdf.html rootId=zfj2iqy5t6vgbgk, id=zfj2iqy5t6vgbgk
2025-03-11T13:29:31.180Z - debug: Page request: GET (stylesheet) file:///C:/Users/barua/AppData/Local/Temp/jsreport/autocleanup/styles.css rootId=zfj2iqy5t6vgbgk, id=zfj2iqy5t6vgbgk
2025-03-11T13:29:31.182Z - warn: Page request failed: GET (stylesheet) file:///C:/Users/barua/AppData/Local/Temp/jsreport/autocleanup/styles.css, failure: net::ERR_ACCESS_DENIED rootId=zfj2iqy5t6vgbgk, id=zfj2iqy5t6vgbgk
2025-03-11T13:29:31.183Z - debug: [36m(console:error) Failed to load resource: net::ERR_ACCESS_DENIED[39m userLevel=true, rootId=zfj2iqy5t6vgbgk, id=zfj2iqy5t6vgbgk
2025-03-11T13:29:31.220Z - debug: Running chrome with params {"printBackground":true,"timeout":59133,"margin":{}} rootId=zfj2iqy5t6vgbgk, id=zfj2iqy5t6vgbgk
2025-03-11T13:29:31.878Z - debug: Skipping storing report. rootId=zfj2iqy5t6vgbgk, id=zfj2iqy5t6vgbgk
2025-03-11T13:29:31.878Z - info: Rendering request 1 finished in 2488 ms rootId=zfj2iqy5t6vgbgk, id=zfj2iqy5t6vgbgk
2025-03-11T13:30:13.448Z - debug: OData query on assets
2025-03-11T13:30:16.345Z - debug: OData update on assets
2025-03-11T13:30:16.361Z - debug: OData query on assets
2025-03-11T13:30:17.918Z - info: Render request 2 queued for execution and waiting for available worker rootId=evvjgk5o3cmzl2g, id=evvjgk5o3cmzl2g
2025-03-11T13:30:17.930Z - info: Starting rendering request 2 rootId=evvjgk5o3cmzl2g, id=evvjgk5o3cmzl2g
2025-03-11T13:30:17.932Z - info: Rendering template { name: gadify_checklist_template, recipe: chrome-pdf, engine: handlebars, preview: true } rootId=evvjgk5o3cmzl2g, id=evvjgk5o3cmzl2g
2025-03-11T13:30:17.939Z - debug: Adding sample data 2xZak6pkX rootId=evvjgk5o3cmzl2g, id=evvjgk5o3cmzl2g
2025-03-11T13:30:17.947Z - debug: Base url not specified, skipping its injection. rootId=evvjgk5o3cmzl2g, id=evvjgk5o3cmzl2g
2025-03-11T13:30:17.951Z - debug: Rendering engine handlebars rootId=evvjgk5o3cmzl2g, id=evvjgk5o3cmzl2g
2025-03-11T13:30:19.044Z - debug: Executing recipe chrome-pdf rootId=evvjgk5o3cmzl2g, id=evvjgk5o3cmzl2g
2025-03-11T13:30:19.614Z - debug: Converting with chrome Chrome/133.0.6943.126 using chrome-pool strategy rootId=evvjgk5o3cmzl2g, id=evvjgk5o3cmzl2g
2025-03-11T13:30:19.905Z - debug: Page request: GET (document) file:///C:/Users/barua/AppData/Local/Temp/jsreport/autocleanup/530ff25b-7656-48be-bf9a-cd1c556f709b-chrome-pdf.html rootId=evvjgk5o3cmzl2g, id=evvjgk5o3cmzl2g
2025-03-11T13:30:19.945Z - debug: Page request finished: GET (document) 200 file:///C:/Users/barua/AppData/Local/Temp/jsreport/autocleanup/530ff25b-7656-48be-bf9a-cd1c556f709b-chrome-pdf.html rootId=evvjgk5o3cmzl2g, id=evvjgk5o3cmzl2g
2025-03-11T13:30:19.946Z - debug: Page request: GET (stylesheet) file:///C:/Users/barua/AppData/Local/Temp/jsreport/autocleanup/styles.css rootId=evvjgk5o3cmzl2g, id=evvjgk5o3cmzl2g
2025-03-11T13:30:19.948Z - warn: Page request failed: GET (stylesheet) file:///C:/Users/barua/AppData/Local/Temp/jsreport/autocleanup/styles.css, failure: net::ERR_ACCESS_DENIED rootId=evvjgk5o3cmzl2g, id=evvjgk5o3cmzl2g
2025-03-11T13:30:19.949Z - debug: [36m(console:error) Failed to load resource: net::ERR_ACCESS_DENIED[39m userLevel=true, rootId=evvjgk5o3cmzl2g, id=evvjgk5o3cmzl2g
2025-03-11T13:30:19.985Z - debug: Running chrome with params {"printBackground":true,"timeout":58856,"margin":{}} rootId=evvjgk5o3cmzl2g, id=evvjgk5o3cmzl2g
2025-03-11T13:30:20.744Z - debug: Skipping storing report. rootId=evvjgk5o3cmzl2g, id=evvjgk5o3cmzl2g
2025-03-11T13:30:20.744Z - info: Rendering request 2 finished in 2832 ms rootId=evvjgk5o3cmzl2g, id=evvjgk5o3cmzl2g
2025-03-11T13:30:34.837Z - debug: OData remove from assets
2025-03-11T13:32:19.655Z - debug: OData update on templates
2025-03-11T13:32:19.667Z - debug: OData query on templates
2025-03-11T13:32:21.366Z - info: Render request 3 queued for execution and waiting for available worker rootId=bajya3hqevzpjxd, id=bajya3hqevzpjxd
2025-03-11T13:32:21.375Z - info: Starting rendering request 3 rootId=bajya3hqevzpjxd, id=bajya3hqevzpjxd
2025-03-11T13:32:21.376Z - info: Rendering template { name: gadify_checklist_template, recipe: chrome-pdf, engine: handlebars, preview: true } rootId=bajya3hqevzpjxd, id=bajya3hqevzpjxd
2025-03-11T13:32:21.381Z - debug: Adding sample data 2xZak6pkX rootId=bajya3hqevzpjxd, id=bajya3hqevzpjxd
2025-03-11T13:32:21.391Z - debug: Base url not specified, skipping its injection. rootId=bajya3hqevzpjxd, id=bajya3hqevzpjxd
2025-03-11T13:32:21.392Z - debug: Rendering engine handlebars rootId=bajya3hqevzpjxd, id=bajya3hqevzpjxd
2025-03-11T13:32:21.426Z - debug: Executing recipe chrome-pdf rootId=bajya3hqevzpjxd, id=bajya3hqevzpjxd
2025-03-11T13:32:21.433Z - debug: Converting with chrome Chrome/133.0.6943.126 using chrome-pool strategy rootId=bajya3hqevzpjxd, id=bajya3hqevzpjxd
2025-03-11T13:32:21.570Z - debug: Page request: GET (document) file:///C:/Users/barua/AppData/Local/Temp/jsreport/autocleanup/354cce94-dd97-4219-8368-03974e460a33-chrome-pdf.html rootId=bajya3hqevzpjxd, id=bajya3hqevzpjxd
2025-03-11T13:32:21.623Z - debug: Page request finished: GET (document) 200 file:///C:/Users/barua/AppData/Local/Temp/jsreport/autocleanup/354cce94-dd97-4219-8368-03974e460a33-chrome-pdf.html rootId=bajya3hqevzpjxd, id=bajya3hqevzpjxd
2025-03-11T13:32:21.663Z - debug: Running chrome with params {"printBackground":true,"timeout":59932,"margin":{}} rootId=bajya3hqevzpjxd, id=bajya3hqevzpjxd
2025-03-11T13:32:22.230Z - debug: Skipping storing report. rootId=bajya3hqevzpjxd, id=bajya3hqevzpjxd
2025-03-11T13:32:22.230Z - info: Rendering request 3 finished in 867 ms rootId=bajya3hqevzpjxd, id=bajya3hqevzpjxd
2025-03-11T13:34:11.632Z - debug: OData query on data
2025-03-11T13:34:34.445Z - info: Render request 4 queued for execution and waiting for available worker rootId=kqp2dagvkwi91w5, id=kqp2dagvkwi91w5
2025-03-11T13:34:34.455Z - info: Starting rendering request 4 rootId=kqp2dagvkwi91w5, id=kqp2dagvkwi91w5
2025-03-11T13:34:34.455Z - info: Rendering template { name: gadify_checklist_template, recipe: chrome-pdf, engine: handlebars, preview: true } rootId=kqp2dagvkwi91w5, id=kqp2dagvkwi91w5
2025-03-11T13:34:34.457Z - debug: Inline data specified. rootId=kqp2dagvkwi91w5, id=kqp2dagvkwi91w5
2025-03-11T13:34:34.460Z - debug: Base url not specified, skipping its injection. rootId=kqp2dagvkwi91w5, id=kqp2dagvkwi91w5
2025-03-11T13:34:34.461Z - debug: Rendering engine handlebars rootId=kqp2dagvkwi91w5, id=kqp2dagvkwi91w5
2025-03-11T13:34:34.515Z - debug: Executing recipe chrome-pdf rootId=kqp2dagvkwi91w5, id=kqp2dagvkwi91w5
2025-03-11T13:34:34.521Z - debug: Converting with chrome Chrome/133.0.6943.126 using chrome-pool strategy rootId=kqp2dagvkwi91w5, id=kqp2dagvkwi91w5
2025-03-11T13:34:34.663Z - debug: Page request: GET (document) file:///C:/Users/barua/AppData/Local/Temp/jsreport/autocleanup/49d47039-3559-414a-b2c3-41eb72a47ef7-chrome-pdf.html rootId=kqp2dagvkwi91w5, id=kqp2dagvkwi91w5
2025-03-11T13:34:34.713Z - debug: Page request finished: GET (document) 200 file:///C:/Users/barua/AppData/Local/Temp/jsreport/autocleanup/49d47039-3559-414a-b2c3-41eb72a47ef7-chrome-pdf.html rootId=kqp2dagvkwi91w5, id=kqp2dagvkwi91w5
2025-03-11T13:34:34.749Z - debug: Running chrome with params {"printBackground":true,"timeout":59920,"margin":{}} rootId=kqp2dagvkwi91w5, id=kqp2dagvkwi91w5
2025-03-11T13:34:35.372Z - debug: Skipping storing report. rootId=kqp2dagvkwi91w5, id=kqp2dagvkwi91w5
2025-03-11T13:34:35.372Z - info: Rendering request 4 finished in 932 ms rootId=kqp2dagvkwi91w5, id=kqp2dagvkwi91w5
2025-03-11T13:34:46.142Z - info: Render request 5 queued for execution and waiting for available worker rootId=uych3xclxda71b0, id=uych3xclxda71b0
2025-03-11T13:34:46.157Z - info: Starting rendering request 5 rootId=uych3xclxda71b0, id=uych3xclxda71b0
2025-03-11T13:34:46.157Z - info: Rendering template { name: gadify_checklist_template, recipe: chrome-pdf, engine: handlebars, preview: true } rootId=uych3xclxda71b0, id=uych3xclxda71b0
2025-03-11T13:34:46.160Z - debug: Inline data specified. rootId=uych3xclxda71b0, id=uych3xclxda71b0
2025-03-11T13:34:46.169Z - debug: Base url not specified, skipping its injection. rootId=uych3xclxda71b0, id=uych3xclxda71b0
2025-03-11T13:34:46.170Z - debug: Rendering engine handlebars rootId=uych3xclxda71b0, id=uych3xclxda71b0
2025-03-11T13:34:46.214Z - debug: Executing recipe chrome-pdf rootId=uych3xclxda71b0, id=uych3xclxda71b0
2025-03-11T13:34:46.220Z - debug: Converting with chrome Chrome/133.0.6943.126 using chrome-pool strategy rootId=uych3xclxda71b0, id=uych3xclxda71b0
2025-03-11T13:34:46.341Z - debug: Page request: GET (document) file:///C:/Users/barua/AppData/Local/Temp/jsreport/autocleanup/e27a6e64-4ae2-4dbd-aa71-8d6224d092b6-chrome-pdf.html rootId=uych3xclxda71b0, id=uych3xclxda71b0
2025-03-11T13:34:46.390Z - debug: Page request finished: GET (document) 200 file:///C:/Users/barua/AppData/Local/Temp/jsreport/autocleanup/e27a6e64-4ae2-4dbd-aa71-8d6224d092b6-chrome-pdf.html rootId=uych3xclxda71b0, id=uych3xclxda71b0
2025-03-11T13:34:46.431Z - debug: Running chrome with params {"printBackground":true,"timeout":59921,"margin":{}} rootId=uych3xclxda71b0, id=uych3xclxda71b0
2025-03-11T13:34:47.094Z - debug: Skipping storing report. rootId=uych3xclxda71b0, id=uych3xclxda71b0
2025-03-11T13:34:47.094Z - info: Rendering request 5 finished in 954 ms rootId=uych3xclxda71b0, id=uych3xclxda71b0
2025-03-11T13:34:51.454Z - debug: OData update on data
2025-03-11T13:34:51.464Z - debug: OData update on templates
2025-03-11T13:34:51.485Z - debug: OData query on data
2025-03-11T13:34:51.489Z - debug: OData query on templates
2025-03-11T13:38:41.799Z - info: Render request 6 queued for execution and waiting for available worker rootId=zo8470k5wdqo1u1, id=zo8470k5wdqo1u1
2025-03-11T13:38:41.803Z - info: Starting rendering request 6 rootId=zo8470k5wdqo1u1, id=zo8470k5wdqo1u1
2025-03-11T13:38:41.803Z - info: Rendering template { name: gadify_checklist_template, recipe: chrome-pdf, engine: handlebars, preview: true } rootId=zo8470k5wdqo1u1, id=zo8470k5wdqo1u1
2025-03-11T13:38:41.804Z - debug: Inline data specified. rootId=zo8470k5wdqo1u1, id=zo8470k5wdqo1u1
2025-03-11T13:38:41.806Z - debug: Base url not specified, skipping its injection. rootId=zo8470k5wdqo1u1, id=zo8470k5wdqo1u1
2025-03-11T13:38:41.806Z - debug: Rendering engine handlebars rootId=zo8470k5wdqo1u1, id=zo8470k5wdqo1u1
2025-03-11T13:38:41.849Z - debug: Executing recipe chrome-pdf rootId=zo8470k5wdqo1u1, id=zo8470k5wdqo1u1
2025-03-11T13:38:41.853Z - debug: Converting with chrome Chrome/133.0.6943.126 using chrome-pool strategy rootId=zo8470k5wdqo1u1, id=zo8470k5wdqo1u1
2025-03-11T13:38:41.965Z - debug: Page request: GET (document) file:///C:/Users/barua/AppData/Local/Temp/jsreport/autocleanup/e7871d51-b0ff-4189-8982-a906ead710ad-chrome-pdf.html rootId=zo8470k5wdqo1u1, id=zo8470k5wdqo1u1
2025-03-11T13:38:42.016Z - debug: Page request finished: GET (document) 200 file:///C:/Users/barua/AppData/Local/Temp/jsreport/autocleanup/e7871d51-b0ff-4189-8982-a906ead710ad-chrome-pdf.html rootId=zo8470k5wdqo1u1, id=zo8470k5wdqo1u1
2025-03-11T13:38:42.036Z - debug: Running chrome with params {"printBackground":true,"timeout":59945,"margin":{}} rootId=zo8470k5wdqo1u1, id=zo8470k5wdqo1u1
2025-03-11T13:38:42.408Z - debug: Skipping storing report. rootId=zo8470k5wdqo1u1, id=zo8470k5wdqo1u1
2025-03-11T13:38:42.408Z - info: Rendering request 6 finished in 611 ms rootId=zo8470k5wdqo1u1, id=zo8470k5wdqo1u1
2025-03-11T13:38:53.868Z - info: Render request 7 queued for execution and waiting for available worker rootId=8miunslfesucgpw, id=8miunslfesucgpw
2025-03-11T13:38:53.873Z - info: Starting rendering request 7 rootId=8miunslfesucgpw, id=8miunslfesucgpw
2025-03-11T13:38:53.873Z - info: Rendering template { name: gadify_checklist_template, recipe: chrome-pdf, engine: handlebars, preview: true } rootId=8miunslfesucgpw, id=8miunslfesucgpw
2025-03-11T13:38:53.874Z - debug: Inline data specified. rootId=8miunslfesucgpw, id=8miunslfesucgpw
2025-03-11T13:38:53.875Z - debug: Base url not specified, skipping its injection. rootId=8miunslfesucgpw, id=8miunslfesucgpw
2025-03-11T13:38:53.876Z - debug: Rendering engine handlebars rootId=8miunslfesucgpw, id=8miunslfesucgpw
2025-03-11T13:38:53.891Z - debug: Executing recipe chrome-pdf rootId=8miunslfesucgpw, id=8miunslfesucgpw
2025-03-11T13:38:53.896Z - debug: Converting with chrome Chrome/133.0.6943.126 using chrome-pool strategy rootId=8miunslfesucgpw, id=8miunslfesucgpw
2025-03-11T13:38:54.017Z - debug: Page request: GET (document) file:///C:/Users/barua/AppData/Local/Temp/jsreport/autocleanup/ec1b0520-0aae-49cc-a828-c90010c7e2c7-chrome-pdf.html rootId=8miunslfesucgpw, id=8miunslfesucgpw
2025-03-11T13:38:54.049Z - debug: Page request finished: GET (document) 200 file:///C:/Users/barua/AppData/Local/Temp/jsreport/autocleanup/ec1b0520-0aae-49cc-a828-c90010c7e2c7-chrome-pdf.html rootId=8miunslfesucgpw, id=8miunslfesucgpw
2025-03-11T13:38:54.086Z - debug: Running chrome with params {"printBackground":true,"timeout":59972,"margin":{}} rootId=8miunslfesucgpw, id=8miunslfesucgpw
2025-03-11T13:38:54.601Z - debug: Skipping storing report. rootId=8miunslfesucgpw, id=8miunslfesucgpw
2025-03-11T13:38:54.601Z - info: Rendering request 7 finished in 734 ms rootId=8miunslfesucgpw, id=8miunslfesucgpw
2025-03-11T13:40:17.445Z - debug: OData update on templates
2025-03-11T13:40:17.461Z - debug: OData query on templates
2025-03-11T13:40:24.441Z - info: Render request 8 queued for execution and waiting for available worker rootId=pkdz5lco19uvfsc, id=pkdz5lco19uvfsc
2025-03-11T13:40:24.447Z - info: Starting rendering request 8 rootId=pkdz5lco19uvfsc, id=pkdz5lco19uvfsc
2025-03-11T13:40:24.447Z - info: Rendering template { name: gadify_checklist_template, recipe: chrome-pdf, engine: handlebars, preview: true } rootId=pkdz5lco19uvfsc, id=pkdz5lco19uvfsc
2025-03-11T13:40:24.448Z - debug: Inline data specified. rootId=pkdz5lco19uvfsc, id=pkdz5lco19uvfsc
2025-03-11T13:40:24.452Z - debug: Base url not specified, skipping its injection. rootId=pkdz5lco19uvfsc, id=pkdz5lco19uvfsc
2025-03-11T13:40:24.452Z - debug: Rendering engine handlebars rootId=pkdz5lco19uvfsc, id=pkdz5lco19uvfsc
2025-03-11T13:40:24.516Z - warn: Error when processing render request 8
(because) error when evaluating engine handlebars for template /gadify_checklist/gadify_checklist_template
(because) missing helper: "eq"

(sandbox.js line 13:18)
Error: Missing helper: "eq"
  at Object.<anonymous> (C:\Users\barua\OneDrive\Desktop\Gadify-Backend\node_modules\handlebars\dist\cjs\handlebars\helpers\helper-missing.js:19:13)
  at Object.wrapper (C:\Users\barua\OneDrive\Desktop\Gadify-Backend\node_modules\handlebars\dist\cjs\handlebars\internal\wrapHelper.js:15:19)
  at Object.main (eval at <anonymous> (eval at makeEvaluate (C:\Users\barua\OneDrive\Desktop\Gadify-Backend\node_modules\@jsreport\ses\index.js:6197:27)), <anonymous>:16:139)
  at main (C:\Users\barua\OneDrive\Desktop\Gadify-Backend\node_modules\handlebars\dist\cjs\handlebars\runtime.js:208:32)
  at ret (C:\Users\barua\OneDrive\Desktop\Gadify-Backend\node_modules\handlebars\dist\cjs\handlebars\runtime.js:212:12)
  at Object.execute (C:\Users\barua\OneDrive\Desktop\Gadify-Backend\node_modules\@jsreport\jsreport-handlebars\lib\handlebarsEngine.js:80:14)
  at Object.execute (C:\Users\barua\OneDrive\Desktop\Gadify-Backend\node_modules\@jsreport\jsreport-handlebars\lib\worker.js:27:43)
  at executionFn (C:\Users\barua\OneDrive\Desktop\Gadify-Backend\node_modules\@jsreport\jsreport-core\lib\worker\render\executeEngine.js:273:42)
  at eval (sandbox.js:13:18)
  at async run (C:\Users\barua\OneDrive\Desktop\Gadify-Backend\node_modules\@jsreport\jsreport-core\lib\worker\sandbox\createSandbox.js:132:18)
  at async WorkerReporter.runInSandbox [as _runInSandbox] (C:\Users\barua\OneDrive\Desktop\Gadify-Backend\node_modules\@jsreport\jsreport-core\lib\worker\sandbox\runInSandbox.js:214:14)
  at async executeEngine (C:\Users\barua\OneDrive\Desktop\Gadify-Backend\node_modules\@jsreport\jsreport-core\lib\worker\render\executeEngine.js:354:16)
  at async engine.engine (C:\Users\barua\OneDrive\Desktop\Gadify-Backend\node_modules\@jsreport\jsreport-core\lib\worker\render\executeEngine.js:162:14)
  at async invokeRender (C:\Users\barua\OneDrive\Desktop\Gadify-Backend\node_modules\@jsreport\jsreport-core\lib\worker\render\render.js:61:23)
  at async WorkerReporter._render (C:\Users\barua\OneDrive\Desktop\Gadify-Backend\node_modules\@jsreport\jsreport-core\lib\worker\render\render.js:148:7)
  at async C:\Users\barua\OneDrive\Desktop\Gadify-Backend\node_modules\@jsreport\jsreport-core\lib\worker\reporter.js:232:24
wrapped by:
Error: Error when evaluating engine handlebars for template /gadify_checklist/gadify_checklist_template
(because) missing helper: "eq"
  at module.exports (C:\Users\barua\OneDrive\Desktop\Gadify-Backend\node_modules\@jsreport\jsreport-core\lib\shared\createError.js:10:13)
  at WorkerReporter.createError (C:\Users\barua\OneDrive\Desktop\Gadify-Backend\node_modules\@jsreport\jsreport-core\lib\shared\reporter.js:53:12)
  at executeEngine (C:\Users\barua\OneDrive\Desktop\Gadify-Backend\node_modules\@jsreport\jsreport-core\lib\worker\render\executeEngine.js:377:35)
  at async engine.engine (C:\Users\barua\OneDrive\Desktop\Gadify-Backend\node_modules\@jsreport\jsreport-core\lib\worker\render\executeEngine.js:162:14)
  at async invokeRender (C:\Users\barua\OneDrive\Desktop\Gadify-Backend\node_modules\@jsreport\jsreport-core\lib\worker\render\render.js:61:23)
  at async WorkerReporter._render (C:\Users\barua\OneDrive\Desktop\Gadify-Backend\node_modules\@jsreport\jsreport-core\lib\worker\render\render.js:148:7)
  at async C:\Users\barua\OneDrive\Desktop\Gadify-Backend\node_modules\@jsreport\jsreport-core\lib\worker\reporter.js:232:24
  at async processAndResponse (C:\Users\barua\OneDrive\Desktop\Gadify-Backend\node_modules\@jsreport\advanced-workers\lib\workerHandler.js:41:17) rootId=pkdz5lco19uvfsc, id=pkdz5lco19uvfsc
2025-03-11T13:40:24.516Z - warn: Rendering request 8 finished with error in 77 ms rootId=pkdz5lco19uvfsc, id=pkdz5lco19uvfsc
2025-03-11T13:41:17.440Z - info: Render request 9 queued for execution and waiting for available worker rootId=717yxw0m2wulmoz, id=717yxw0m2wulmoz
2025-03-11T13:41:17.446Z - info: Starting rendering request 9 rootId=717yxw0m2wulmoz, id=717yxw0m2wulmoz
2025-03-11T13:41:17.446Z - info: Rendering template { name: gadify_checklist_template, recipe: chrome-pdf, engine: handlebars, preview: true } rootId=717yxw0m2wulmoz, id=717yxw0m2wulmoz
2025-03-11T13:41:17.447Z - debug: Inline data specified. rootId=717yxw0m2wulmoz, id=717yxw0m2wulmoz
2025-03-11T13:41:17.449Z - debug: Base url not specified, skipping its injection. rootId=717yxw0m2wulmoz, id=717yxw0m2wulmoz
2025-03-11T13:41:17.449Z - debug: Rendering engine handlebars rootId=717yxw0m2wulmoz, id=717yxw0m2wulmoz
2025-03-11T13:41:17.468Z - debug: Executing recipe chrome-pdf rootId=717yxw0m2wulmoz, id=717yxw0m2wulmoz
2025-03-11T13:41:17.474Z - debug: Converting with chrome Chrome/133.0.6943.126 using chrome-pool strategy rootId=717yxw0m2wulmoz, id=717yxw0m2wulmoz
2025-03-11T13:41:17.660Z - debug: Page request: GET (document) file:///C:/Users/barua/AppData/Local/Temp/jsreport/autocleanup/f5efb93a-c7b1-4068-857d-0fee30116af7-chrome-pdf.html rootId=717yxw0m2wulmoz, id=717yxw0m2wulmoz
2025-03-11T13:41:17.704Z - debug: Page request finished: GET (document) 200 file:///C:/Users/barua/AppData/Local/Temp/jsreport/autocleanup/f5efb93a-c7b1-4068-857d-0fee30116af7-chrome-pdf.html rootId=717yxw0m2wulmoz, id=717yxw0m2wulmoz
2025-03-11T13:41:17.740Z - debug: Running chrome with params {"printBackground":true,"timeout":59964,"margin":{}} rootId=717yxw0m2wulmoz, id=717yxw0m2wulmoz
2025-03-11T13:41:18.370Z - debug: Skipping storing report. rootId=717yxw0m2wulmoz, id=717yxw0m2wulmoz
2025-03-11T13:41:18.370Z - info: Rendering request 9 finished in 933 ms rootId=717yxw0m2wulmoz, id=717yxw0m2wulmoz
2025-03-12T11:25:01.270Z - info: Render request 10 queued for execution and waiting for available worker rootId=w6h45qi6ad4clv6, id=w6h45qi6ad4clv6
2025-03-12T11:25:01.273Z - info: Starting rendering request 10 rootId=w6h45qi6ad4clv6, id=w6h45qi6ad4clv6
2025-03-12T11:25:01.273Z - info: Rendering template { name: gadify_checklist_template, recipe: chrome-pdf, engine: handlebars, preview: true } rootId=w6h45qi6ad4clv6, id=w6h45qi6ad4clv6
2025-03-12T11:25:01.274Z - debug: Inline data specified. rootId=w6h45qi6ad4clv6, id=w6h45qi6ad4clv6
2025-03-12T11:25:01.276Z - debug: Base url not specified, skipping its injection. rootId=w6h45qi6ad4clv6, id=w6h45qi6ad4clv6
2025-03-12T11:25:01.276Z - debug: Rendering engine handlebars rootId=w6h45qi6ad4clv6, id=w6h45qi6ad4clv6
2025-03-12T11:25:01.287Z - debug: Executing recipe chrome-pdf rootId=w6h45qi6ad4clv6, id=w6h45qi6ad4clv6
2025-03-12T11:25:01.926Z - debug: Converting with chrome Chrome/133.0.6943.126 using chrome-pool strategy rootId=w6h45qi6ad4clv6, id=w6h45qi6ad4clv6
2025-03-12T11:25:01.987Z - debug: Page request: GET (document) file:///C:/Users/barua/AppData/Local/Temp/jsreport/autocleanup/8f13aeb1-14aa-4dc3-a9b6-a31a2a6b160c-chrome-pdf.html rootId=w6h45qi6ad4clv6, id=w6h45qi6ad4clv6
2025-03-12T11:25:02.023Z - debug: Page request finished: GET (document) 200 file:///C:/Users/barua/AppData/Local/Temp/jsreport/autocleanup/8f13aeb1-14aa-4dc3-a9b6-a31a2a6b160c-chrome-pdf.html rootId=w6h45qi6ad4clv6, id=w6h45qi6ad4clv6
2025-03-12T11:25:02.049Z - debug: Running chrome with params {"printBackground":true,"timeout":59980,"margin":{}} rootId=w6h45qi6ad4clv6, id=w6h45qi6ad4clv6
2025-03-12T11:25:02.445Z - debug: Skipping storing report. rootId=w6h45qi6ad4clv6, id=w6h45qi6ad4clv6
2025-03-12T11:25:02.445Z - info: Rendering request 10 finished in 1176 ms rootId=w6h45qi6ad4clv6, id=w6h45qi6ad4clv6
2025-03-12T11:50:51.345Z - debug: OData update on data
2025-03-12T11:50:51.371Z - debug: OData query on data
2025-03-12T11:51:52.577Z - debug: OData update on templates
2025-03-12T11:51:52.584Z - debug: OData query on templates
2025-03-12T11:51:57.899Z - info: Render request 11 queued for execution and waiting for available worker rootId=zg8k2m1ykouf9ot, id=zg8k2m1ykouf9ot
2025-03-12T11:51:57.953Z - info: Starting rendering request 11 rootId=zg8k2m1ykouf9ot, id=zg8k2m1ykouf9ot
2025-03-12T11:51:57.955Z - info: Rendering template { name: gadify_checklist_template, recipe: chrome-pdf, engine: handlebars, preview: true } rootId=zg8k2m1ykouf9ot, id=zg8k2m1ykouf9ot
2025-03-12T11:51:57.957Z - debug: Inline data specified. rootId=zg8k2m1ykouf9ot, id=zg8k2m1ykouf9ot
2025-03-12T11:51:57.960Z - debug: Base url not specified, skipping its injection. rootId=zg8k2m1ykouf9ot, id=zg8k2m1ykouf9ot
2025-03-12T11:51:57.964Z - debug: Rendering engine handlebars rootId=zg8k2m1ykouf9ot, id=zg8k2m1ykouf9ot
2025-03-12T11:51:58.011Z - debug: Executing recipe chrome-pdf rootId=zg8k2m1ykouf9ot, id=zg8k2m1ykouf9ot
2025-03-12T11:51:59.099Z - debug: Converting with chrome Chrome/133.0.6943.126 using chrome-pool strategy rootId=zg8k2m1ykouf9ot, id=zg8k2m1ykouf9ot
2025-03-12T11:51:59.157Z - debug: Page request: GET (document) file:///C:/Users/barua/AppData/Local/Temp/jsreport/autocleanup/14f4baba-8291-465e-98ed-265232af60b6-chrome-pdf.html rootId=zg8k2m1ykouf9ot, id=zg8k2m1ykouf9ot
2025-03-12T11:51:59.189Z - debug: Page request finished: GET (document) 200 file:///C:/Users/barua/AppData/Local/Temp/jsreport/autocleanup/14f4baba-8291-465e-98ed-265232af60b6-chrome-pdf.html rootId=zg8k2m1ykouf9ot, id=zg8k2m1ykouf9ot
2025-03-12T11:51:59.218Z - debug: Running chrome with params {"printBackground":true,"timeout":59884,"margin":{}} rootId=zg8k2m1ykouf9ot, id=zg8k2m1ykouf9ot
2025-03-12T11:51:59.606Z - debug: Skipping storing report. rootId=zg8k2m1ykouf9ot, id=zg8k2m1ykouf9ot
2025-03-12T11:51:59.606Z - info: Rendering request 11 finished in 1709 ms rootId=zg8k2m1ykouf9ot, id=zg8k2m1ykouf9ot
2025-03-12T11:52:03.473Z - debug: OData update on templates
2025-03-12T11:52:03.482Z - debug: OData query on templates
2025-03-12T11:52:04.779Z - debug: OData update on data
2025-03-12T11:52:04.785Z - debug: OData query on data
2025-03-12T11:52:05.614Z - info: Render request 12 queued for execution and waiting for available worker rootId=g6jc8av1ilvop0d, id=g6jc8av1ilvop0d
2025-03-12T11:52:05.621Z - info: Starting rendering request 12 rootId=g6jc8av1ilvop0d, id=g6jc8av1ilvop0d
2025-03-12T11:52:05.621Z - info: Rendering template { name: gadify_checklist_template, recipe: chrome-pdf, engine: handlebars, preview: true } rootId=g6jc8av1ilvop0d, id=g6jc8av1ilvop0d
2025-03-12T11:52:05.622Z - debug: Inline data specified. rootId=g6jc8av1ilvop0d, id=g6jc8av1ilvop0d
2025-03-12T11:52:05.623Z - debug: Base url not specified, skipping its injection. rootId=g6jc8av1ilvop0d, id=g6jc8av1ilvop0d
2025-03-12T11:52:05.624Z - debug: Rendering engine handlebars rootId=g6jc8av1ilvop0d, id=g6jc8av1ilvop0d
2025-03-12T11:52:05.646Z - debug: Executing recipe chrome-pdf rootId=g6jc8av1ilvop0d, id=g6jc8av1ilvop0d
2025-03-12T11:52:05.650Z - debug: Converting with chrome Chrome/133.0.6943.126 using chrome-pool strategy rootId=g6jc8av1ilvop0d, id=g6jc8av1ilvop0d
2025-03-12T11:52:05.908Z - debug: Page request: GET (document) file:///C:/Users/barua/AppData/Local/Temp/jsreport/autocleanup/1e14e64e-0993-4dab-b369-3070b8f959c6-chrome-pdf.html rootId=g6jc8av1ilvop0d, id=g6jc8av1ilvop0d
2025-03-12T11:52:05.936Z - debug: Page request finished: GET (document) 200 file:///C:/Users/barua/AppData/Local/Temp/jsreport/autocleanup/1e14e64e-0993-4dab-b369-3070b8f959c6-chrome-pdf.html rootId=g6jc8av1ilvop0d, id=g6jc8av1ilvop0d
2025-03-12T11:52:05.955Z - debug: Running chrome with params {"printBackground":true,"timeout":59960,"margin":{}} rootId=g6jc8av1ilvop0d, id=g6jc8av1ilvop0d
2025-03-12T11:52:06.335Z - debug: Skipping storing report. rootId=g6jc8av1ilvop0d, id=g6jc8av1ilvop0d
2025-03-12T11:52:06.335Z - info: Rendering request 12 finished in 727 ms rootId=g6jc8av1ilvop0d, id=g6jc8av1ilvop0d
2025-03-12T11:53:20.170Z - debug: OData update on data
2025-03-12T11:53:20.180Z - debug: OData query on data
2025-03-12T11:53:42.391Z - info: Render request 13 queued for execution and waiting for available worker rootId=79f9jwl4u61ttqa, id=79f9jwl4u61ttqa
2025-03-12T11:53:42.395Z - info: Starting rendering request 13 rootId=79f9jwl4u61ttqa, id=79f9jwl4u61ttqa
2025-03-12T11:53:42.395Z - info: Rendering template { name: gadify_checklist_template, recipe: chrome-pdf, engine: handlebars, preview: true } rootId=79f9jwl4u61ttqa, id=79f9jwl4u61ttqa
2025-03-12T11:53:42.395Z - debug: Inline data specified. rootId=79f9jwl4u61ttqa, id=79f9jwl4u61ttqa
2025-03-12T11:53:42.397Z - debug: Base url not specified, skipping its injection. rootId=79f9jwl4u61ttqa, id=79f9jwl4u61ttqa
2025-03-12T11:53:42.397Z - debug: Rendering engine handlebars rootId=79f9jwl4u61ttqa, id=79f9jwl4u61ttqa
2025-03-12T11:53:42.407Z - debug: Executing recipe chrome-pdf rootId=79f9jwl4u61ttqa, id=79f9jwl4u61ttqa
2025-03-12T11:53:42.410Z - debug: Converting with chrome Chrome/133.0.6943.126 using chrome-pool strategy rootId=79f9jwl4u61ttqa, id=79f9jwl4u61ttqa
2025-03-12T11:53:42.632Z - debug: Page request: GET (document) file:///C:/Users/barua/AppData/Local/Temp/jsreport/autocleanup/990e4190-5873-4e83-b5f2-92b50658c091-chrome-pdf.html rootId=79f9jwl4u61ttqa, id=79f9jwl4u61ttqa
2025-03-12T11:53:42.659Z - debug: Page request finished: GET (document) 200 file:///C:/Users/barua/AppData/Local/Temp/jsreport/autocleanup/990e4190-5873-4e83-b5f2-92b50658c091-chrome-pdf.html rootId=79f9jwl4u61ttqa, id=79f9jwl4u61ttqa
2025-03-12T11:53:42.682Z - debug: Running chrome with params {"printBackground":true,"timeout":59981,"margin":{}} rootId=79f9jwl4u61ttqa, id=79f9jwl4u61ttqa
2025-03-12T11:53:42.937Z - debug: Skipping storing report. rootId=79f9jwl4u61ttqa, id=79f9jwl4u61ttqa
2025-03-12T11:53:42.937Z - info: Rendering request 13 finished in 547 ms rootId=79f9jwl4u61ttqa, id=79f9jwl4u61ttqa
2025-03-12T11:53:50.420Z - debug: OData update on templates
2025-03-12T11:53:50.425Z - debug: OData query on templates
2025-03-12T11:54:02.295Z - debug: OData update on templates
2025-03-12T11:54:02.302Z - debug: OData query on templates
2025-03-12T11:56:00.788Z - debug: OData update on templates
2025-03-12T11:56:00.793Z - debug: OData query on templates
2025-03-12T11:56:01.898Z - info: Render request 14 queued for execution and waiting for available worker rootId=pd9dqfyphcn7xbl, id=pd9dqfyphcn7xbl
2025-03-12T11:56:01.900Z - info: Starting rendering request 14 rootId=pd9dqfyphcn7xbl, id=pd9dqfyphcn7xbl
2025-03-12T11:56:01.900Z - info: Rendering template { name: gadify_checklist_template, recipe: chrome-pdf, engine: handlebars, preview: true } rootId=pd9dqfyphcn7xbl, id=pd9dqfyphcn7xbl
2025-03-12T11:56:01.901Z - debug: Inline data specified. rootId=pd9dqfyphcn7xbl, id=pd9dqfyphcn7xbl
2025-03-12T11:56:01.902Z - debug: Base url not specified, skipping its injection. rootId=pd9dqfyphcn7xbl, id=pd9dqfyphcn7xbl
2025-03-12T11:56:01.902Z - debug: Rendering engine handlebars rootId=pd9dqfyphcn7xbl, id=pd9dqfyphcn7xbl
2025-03-12T11:56:01.915Z - debug: Executing recipe chrome-pdf rootId=pd9dqfyphcn7xbl, id=pd9dqfyphcn7xbl
2025-03-12T11:56:01.918Z - debug: Converting with chrome Chrome/133.0.6943.126 using chrome-pool strategy rootId=pd9dqfyphcn7xbl, id=pd9dqfyphcn7xbl
2025-03-12T11:56:01.971Z - debug: Page request: GET (document) file:///C:/Users/barua/AppData/Local/Temp/jsreport/autocleanup/bb4508e8-9138-4d07-b27b-f298335fc1c7-chrome-pdf.html rootId=pd9dqfyphcn7xbl, id=pd9dqfyphcn7xbl
2025-03-12T11:56:02.011Z - debug: Page request finished: GET (document) 200 file:///C:/Users/barua/AppData/Local/Temp/jsreport/autocleanup/bb4508e8-9138-4d07-b27b-f298335fc1c7-chrome-pdf.html rootId=pd9dqfyphcn7xbl, id=pd9dqfyphcn7xbl
2025-03-12T11:56:02.037Z - debug: Running chrome with params {"printBackground":true,"timeout":59979,"margin":{}} rootId=pd9dqfyphcn7xbl, id=pd9dqfyphcn7xbl
2025-03-12T11:56:02.295Z - debug: Skipping storing report. rootId=pd9dqfyphcn7xbl, id=pd9dqfyphcn7xbl
2025-03-12T11:56:02.295Z - info: Rendering request 14 finished in 399 ms rootId=pd9dqfyphcn7xbl, id=pd9dqfyphcn7xbl
2025-03-12T11:57:07.845Z - debug: OData update on data
2025-03-12T11:57:07.851Z - debug: OData query on data
2025-03-12T12:05:29.137Z - debug: OData update on data
2025-03-12T12:05:29.143Z - debug: OData query on data
2025-03-12T12:05:29.868Z - info: Render request 15 queued for execution and waiting for available worker rootId=gro8g620tlkv9m0, id=gro8g620tlkv9m0
2025-03-12T12:05:29.871Z - info: Starting rendering request 15 rootId=gro8g620tlkv9m0, id=gro8g620tlkv9m0
2025-03-12T12:05:29.871Z - info: Rendering template { name: gadify_checklist_template, recipe: chrome-pdf, engine: handlebars, preview: true } rootId=gro8g620tlkv9m0, id=gro8g620tlkv9m0
2025-03-12T12:05:29.872Z - debug: Inline data specified. rootId=gro8g620tlkv9m0, id=gro8g620tlkv9m0
2025-03-12T12:05:29.876Z - debug: Base url not specified, skipping its injection. rootId=gro8g620tlkv9m0, id=gro8g620tlkv9m0
2025-03-12T12:05:29.877Z - debug: Rendering engine handlebars rootId=gro8g620tlkv9m0, id=gro8g620tlkv9m0
2025-03-12T12:05:29.891Z - debug: Executing recipe chrome-pdf rootId=gro8g620tlkv9m0, id=gro8g620tlkv9m0
2025-03-12T12:05:29.895Z - debug: Converting with chrome Chrome/133.0.6943.126 using chrome-pool strategy rootId=gro8g620tlkv9m0, id=gro8g620tlkv9m0
2025-03-12T12:05:29.956Z - debug: Page request: GET (document) file:///C:/Users/barua/AppData/Local/Temp/jsreport/autocleanup/91987fcb-adff-4afd-bed8-5037c458188e-chrome-pdf.html rootId=gro8g620tlkv9m0, id=gro8g620tlkv9m0
2025-03-12T12:05:29.988Z - debug: Page request finished: GET (document) 200 file:///C:/Users/barua/AppData/Local/Temp/jsreport/autocleanup/91987fcb-adff-4afd-bed8-5037c458188e-chrome-pdf.html rootId=gro8g620tlkv9m0, id=gro8g620tlkv9m0
2025-03-12T12:05:30.013Z - debug: Running chrome with params {"printBackground":true,"timeout":59972,"margin":{}} rootId=gro8g620tlkv9m0, id=gro8g620tlkv9m0
2025-03-12T12:05:30.306Z - debug: Skipping storing report. rootId=gro8g620tlkv9m0, id=gro8g620tlkv9m0
2025-03-12T12:05:30.306Z - info: Rendering request 15 finished in 440 ms rootId=gro8g620tlkv9m0, id=gro8g620tlkv9m0
2025-03-12T12:06:36.329Z - debug: OData update on templates
2025-03-12T12:06:36.341Z - debug: OData query on templates
2025-03-12T12:06:38.049Z - info: Render request 16 queued for execution and waiting for available worker rootId=i9qxdo13pat8vga, id=i9qxdo13pat8vga
2025-03-12T12:06:38.052Z - info: Starting rendering request 16 rootId=i9qxdo13pat8vga, id=i9qxdo13pat8vga
2025-03-12T12:06:38.052Z - info: Rendering template { name: gadify_checklist_template, recipe: chrome-pdf, engine: handlebars, preview: true } rootId=i9qxdo13pat8vga, id=i9qxdo13pat8vga
2025-03-12T12:06:38.053Z - debug: Inline data specified. rootId=i9qxdo13pat8vga, id=i9qxdo13pat8vga
2025-03-12T12:06:38.054Z - debug: Base url not specified, skipping its injection. rootId=i9qxdo13pat8vga, id=i9qxdo13pat8vga
2025-03-12T12:06:38.054Z - debug: Rendering engine handlebars rootId=i9qxdo13pat8vga, id=i9qxdo13pat8vga
2025-03-12T12:06:38.067Z - debug: Executing recipe chrome-pdf rootId=i9qxdo13pat8vga, id=i9qxdo13pat8vga
2025-03-12T12:06:38.070Z - debug: Converting with chrome Chrome/133.0.6943.126 using chrome-pool strategy rootId=i9qxdo13pat8vga, id=i9qxdo13pat8vga
2025-03-12T12:06:38.118Z - debug: Page request: GET (document) file:///C:/Users/barua/AppData/Local/Temp/jsreport/autocleanup/d4e46e2d-ccb5-4798-aa56-5161fe1025b7-chrome-pdf.html rootId=i9qxdo13pat8vga, id=i9qxdo13pat8vga
2025-03-12T12:06:38.145Z - debug: Page request finished: GET (document) 200 file:///C:/Users/barua/AppData/Local/Temp/jsreport/autocleanup/d4e46e2d-ccb5-4798-aa56-5161fe1025b7-chrome-pdf.html rootId=i9qxdo13pat8vga, id=i9qxdo13pat8vga
2025-03-12T12:06:38.171Z - debug: Running chrome with params {"printBackground":true,"timeout":59979,"margin":{}} rootId=i9qxdo13pat8vga, id=i9qxdo13pat8vga
2025-03-12T12:06:38.455Z - debug: Skipping storing report. rootId=i9qxdo13pat8vga, id=i9qxdo13pat8vga
2025-03-12T12:06:38.455Z - info: Rendering request 16 finished in 407 ms rootId=i9qxdo13pat8vga, id=i9qxdo13pat8vga
2025-03-12T12:06:45.737Z - debug: OData update on templates
2025-03-12T12:06:45.742Z - debug: OData query on templates
2025-03-12T12:06:46.878Z - info: Render request 17 queued for execution and waiting for available worker rootId=83rnyu291x8iy3x, id=83rnyu291x8iy3x
2025-03-12T12:06:46.881Z - info: Starting rendering request 17 rootId=83rnyu291x8iy3x, id=83rnyu291x8iy3x
2025-03-12T12:06:46.882Z - info: Rendering template { name: gadify_checklist_template, recipe: chrome-pdf, engine: handlebars, preview: true } rootId=83rnyu291x8iy3x, id=83rnyu291x8iy3x
2025-03-12T12:06:46.882Z - debug: Inline data specified. rootId=83rnyu291x8iy3x, id=83rnyu291x8iy3x
2025-03-12T12:06:46.883Z - debug: Base url not specified, skipping its injection. rootId=83rnyu291x8iy3x, id=83rnyu291x8iy3x
2025-03-12T12:06:46.884Z - debug: Rendering engine handlebars rootId=83rnyu291x8iy3x, id=83rnyu291x8iy3x
2025-03-12T12:06:46.902Z - debug: Executing recipe chrome-pdf rootId=83rnyu291x8iy3x, id=83rnyu291x8iy3x
2025-03-12T12:06:46.905Z - debug: Converting with chrome Chrome/133.0.6943.126 using chrome-pool strategy rootId=83rnyu291x8iy3x, id=83rnyu291x8iy3x
2025-03-12T12:06:46.950Z - debug: Page request: GET (document) file:///C:/Users/barua/AppData/Local/Temp/jsreport/autocleanup/043c3d6a-6757-44b8-af67-049cb87b60c6-chrome-pdf.html rootId=83rnyu291x8iy3x, id=83rnyu291x8iy3x
2025-03-12T12:06:46.970Z - debug: Page request finished: GET (document) 200 file:///C:/Users/barua/AppData/Local/Temp/jsreport/autocleanup/043c3d6a-6757-44b8-af67-049cb87b60c6-chrome-pdf.html rootId=83rnyu291x8iy3x, id=83rnyu291x8iy3x
2025-03-12T12:06:46.996Z - debug: Running chrome with params {"printBackground":true,"timeout":59968,"margin":{}} rootId=83rnyu291x8iy3x, id=83rnyu291x8iy3x
2025-03-12T12:06:47.272Z - debug: Skipping storing report. rootId=83rnyu291x8iy3x, id=83rnyu291x8iy3x
2025-03-12T12:06:47.272Z - info: Rendering request 17 finished in 400 ms rootId=83rnyu291x8iy3x, id=83rnyu291x8iy3x
2025-03-12T12:07:05.724Z - info: Render request 18 queued for execution and waiting for available worker rootId=bp0bhh4b9jg5hfg, id=bp0bhh4b9jg5hfg
2025-03-12T12:07:05.727Z - info: Starting rendering request 18 rootId=bp0bhh4b9jg5hfg, id=bp0bhh4b9jg5hfg
2025-03-12T12:07:05.727Z - info: Rendering template { name: gadify_checklist_template, recipe: chrome-pdf, engine: handlebars, preview: true } rootId=bp0bhh4b9jg5hfg, id=bp0bhh4b9jg5hfg
2025-03-12T12:07:05.727Z - debug: Inline data specified. rootId=bp0bhh4b9jg5hfg, id=bp0bhh4b9jg5hfg
2025-03-12T12:07:05.728Z - debug: Base url not specified, skipping its injection. rootId=bp0bhh4b9jg5hfg, id=bp0bhh4b9jg5hfg
2025-03-12T12:07:05.729Z - debug: Rendering engine handlebars rootId=bp0bhh4b9jg5hfg, id=bp0bhh4b9jg5hfg
2025-03-12T12:07:05.740Z - debug: Executing recipe chrome-pdf rootId=bp0bhh4b9jg5hfg, id=bp0bhh4b9jg5hfg
2025-03-12T12:07:05.742Z - debug: Converting with chrome Chrome/133.0.6943.126 using chrome-pool strategy rootId=bp0bhh4b9jg5hfg, id=bp0bhh4b9jg5hfg
2025-03-12T12:07:05.789Z - debug: Page request: GET (document) file:///C:/Users/barua/AppData/Local/Temp/jsreport/autocleanup/5465d6c5-0f0f-47a4-99ec-a8430c9f3d06-chrome-pdf.html rootId=bp0bhh4b9jg5hfg, id=bp0bhh4b9jg5hfg
2025-03-12T12:07:05.814Z - debug: Page request finished: GET (document) 200 file:///C:/Users/barua/AppData/Local/Temp/jsreport/autocleanup/5465d6c5-0f0f-47a4-99ec-a8430c9f3d06-chrome-pdf.html rootId=bp0bhh4b9jg5hfg, id=bp0bhh4b9jg5hfg
2025-03-12T12:07:05.840Z - debug: Running chrome with params {"printBackground":true,"timeout":59982,"margin":{}} rootId=bp0bhh4b9jg5hfg, id=bp0bhh4b9jg5hfg
2025-03-12T12:07:06.098Z - debug: Skipping storing report. rootId=bp0bhh4b9jg5hfg, id=bp0bhh4b9jg5hfg
2025-03-12T12:07:06.099Z - info: Rendering request 18 finished in 376 ms rootId=bp0bhh4b9jg5hfg, id=bp0bhh4b9jg5hfg
2025-03-12T12:10:06.983Z - debug: OData update on templates
2025-03-12T12:10:06.989Z - debug: OData query on templates
2025-03-12T12:10:16.054Z - debug: OData update on templates
2025-03-12T12:10:16.060Z - debug: OData query on templates
2025-03-12T12:10:17.192Z - info: Render request 19 queued for execution and waiting for available worker rootId=167wq1xdj6qu4cr, id=167wq1xdj6qu4cr
2025-03-12T12:10:17.195Z - info: Starting rendering request 19 rootId=167wq1xdj6qu4cr, id=167wq1xdj6qu4cr
2025-03-12T12:10:17.195Z - info: Rendering template { name: gadify_checklist_template, recipe: chrome-pdf, engine: handlebars, preview: true } rootId=167wq1xdj6qu4cr, id=167wq1xdj6qu4cr
2025-03-12T12:10:17.195Z - debug: Inline data specified. rootId=167wq1xdj6qu4cr, id=167wq1xdj6qu4cr
2025-03-12T12:10:17.197Z - debug: Base url not specified, skipping its injection. rootId=167wq1xdj6qu4cr, id=167wq1xdj6qu4cr
2025-03-12T12:10:17.198Z - debug: Rendering engine handlebars rootId=167wq1xdj6qu4cr, id=167wq1xdj6qu4cr
2025-03-12T12:10:17.221Z - warn: Error when processing render request 19
(because) error when evaluating engine handlebars for template /gadify_checklist/gadify_checklist_template
(because) missing helper: "endsWith"

(sandbox.js line 13:18)
Error: Missing helper: "endsWith"
  at Object.<anonymous> (C:\Users\barua\OneDrive\Desktop\Gadify-Backend\node_modules\handlebars\dist\cjs\handlebars\helpers\helper-missing.js:19:13)
  at Object.wrapper (C:\Users\barua\OneDrive\Desktop\Gadify-Backend\node_modules\handlebars\dist\cjs\handlebars\internal\wrapHelper.js:15:19)
  at 1 (eval at <anonymous> (eval at makeEvaluate (C:\Users\barua\OneDrive\Desktop\Gadify-Backend\node_modules\@jsreport\ses\index.js:6197:27)), <anonymous>:12:151)
  at prog (C:\Users\barua\OneDrive\Desktop\Gadify-Backend\node_modules\handlebars\dist\cjs\handlebars\runtime.js:268:12)
  at execIteration (C:\Users\barua\OneDrive\Desktop\Gadify-Backend\node_modules\handlebars\dist\cjs\handlebars\helpers\each.js:51:19)
  at Object.<anonymous> (C:\Users\barua\OneDrive\Desktop\Gadify-Backend\node_modules\handlebars\dist\cjs\handlebars\helpers\each.js:61:13)
  at Object.wrapper (C:\Users\barua\OneDrive\Desktop\Gadify-Backend\node_modules\handlebars\dist\cjs\handlebars\internal\wrapHelper.js:15:19)
  at Object.main (eval at <anonymous> (eval at makeEvaluate (C:\Users\barua\OneDrive\Desktop\Gadify-Backend\node_modules\@jsreport\ses\index.js:6197:27)), <anonymous>:59:49)
  at main (C:\Users\barua\OneDrive\Desktop\Gadify-Backend\node_modules\handlebars\dist\cjs\handlebars\runtime.js:208:32)
  at ret (C:\Users\barua\OneDrive\Desktop\Gadify-Backend\node_modules\handlebars\dist\cjs\handlebars\runtime.js:212:12)
  at Object.execute (C:\Users\barua\OneDrive\Desktop\Gadify-Backend\node_modules\@jsreport\jsreport-handlebars\lib\handlebarsEngine.js:80:14)
  at Object.execute (C:\Users\barua\OneDrive\Desktop\Gadify-Backend\node_modules\@jsreport\jsreport-handlebars\lib\worker.js:27:43)
  at executionFn (C:\Users\barua\OneDrive\Desktop\Gadify-Backend\node_modules\@jsreport\jsreport-core\lib\worker\render\executeEngine.js:273:42)
  at eval (sandbox.js:13:18)
  at async run (C:\Users\barua\OneDrive\Desktop\Gadify-Backend\node_modules\@jsreport\jsreport-core\lib\worker\sandbox\createSandbox.js:132:18)
  at async WorkerReporter.runInSandbox [as _runInSandbox] (C:\Users\barua\OneDrive\Desktop\Gadify-Backend\node_modules\@jsreport\jsreport-core\lib\worker\sandbox\runInSandbox.js:214:14)
wrapped by:
Error: Error when evaluating engine handlebars for template /gadify_checklist/gadify_checklist_template
(because) missing helper: "endsWith"
  at module.exports (C:\Users\barua\OneDrive\Desktop\Gadify-Backend\node_modules\@jsreport\jsreport-core\lib\shared\createError.js:10:13)
  at WorkerReporter.createError (C:\Users\barua\OneDrive\Desktop\Gadify-Backend\node_modules\@jsreport\jsreport-core\lib\shared\reporter.js:53:12)
  at executeEngine (C:\Users\barua\OneDrive\Desktop\Gadify-Backend\node_modules\@jsreport\jsreport-core\lib\worker\render\executeEngine.js:377:35)
  at async engine.engine (C:\Users\barua\OneDrive\Desktop\Gadify-Backend\node_modules\@jsreport\jsreport-core\lib\worker\render\executeEngine.js:162:14)
  at async invokeRender (C:\Users\barua\OneDrive\Desktop\Gadify-Backend\node_modules\@jsreport\jsreport-core\lib\worker\render\render.js:61:23)
  at async WorkerReporter._render (C:\Users\barua\OneDrive\Desktop\Gadify-Backend\node_modules\@jsreport\jsreport-core\lib\worker\render\render.js:148:7)
  at async C:\Users\barua\OneDrive\Desktop\Gadify-Backend\node_modules\@jsreport\jsreport-core\lib\worker\reporter.js:232:24
  at async processAndResponse (C:\Users\barua\OneDrive\Desktop\Gadify-Backend\node_modules\@jsreport\advanced-workers\lib\workerHandler.js:41:17) rootId=167wq1xdj6qu4cr, id=167wq1xdj6qu4cr
2025-03-12T12:10:17.221Z - warn: Rendering request 19 finished with error in 30 ms rootId=167wq1xdj6qu4cr, id=167wq1xdj6qu4cr
2025-03-12T12:10:17.963Z - info: Render request 20 queued for execution and waiting for available worker rootId=6qltfpwxrwf573a, id=6qltfpwxrwf573a
2025-03-12T12:10:17.966Z - info: Starting rendering request 20 rootId=6qltfpwxrwf573a, id=6qltfpwxrwf573a
2025-03-12T12:10:17.966Z - info: Rendering template { name: gadify_checklist_template, recipe: chrome-pdf, engine: handlebars, preview: true } rootId=6qltfpwxrwf573a, id=6qltfpwxrwf573a
2025-03-12T12:10:17.966Z - debug: Inline data specified. rootId=6qltfpwxrwf573a, id=6qltfpwxrwf573a
2025-03-12T12:10:17.968Z - debug: Base url not specified, skipping its injection. rootId=6qltfpwxrwf573a, id=6qltfpwxrwf573a
2025-03-12T12:10:17.968Z - debug: Rendering engine handlebars rootId=6qltfpwxrwf573a, id=6qltfpwxrwf573a
2025-03-12T12:10:17.990Z - warn: Error when processing render request 20
(because) error when evaluating engine handlebars for template /gadify_checklist/gadify_checklist_template
(because) missing helper: "endsWith"

(sandbox.js line 13:18)
Error: Missing helper: "endsWith"
  at Object.<anonymous> (C:\Users\barua\OneDrive\Desktop\Gadify-Backend\node_modules\handlebars\dist\cjs\handlebars\helpers\helper-missing.js:19:13)
  at Object.wrapper (C:\Users\barua\OneDrive\Desktop\Gadify-Backend\node_modules\handlebars\dist\cjs\handlebars\internal\wrapHelper.js:15:19)
  at 1 (eval at <anonymous> (eval at makeEvaluate (C:\Users\barua\OneDrive\Desktop\Gadify-Backend\node_modules\@jsreport\ses\index.js:6197:27)), <anonymous>:12:151)
  at prog (C:\Users\barua\OneDrive\Desktop\Gadify-Backend\node_modules\handlebars\dist\cjs\handlebars\runtime.js:268:12)
  at execIteration (C:\Users\barua\OneDrive\Desktop\Gadify-Backend\node_modules\handlebars\dist\cjs\handlebars\helpers\each.js:51:19)
  at Object.<anonymous> (C:\Users\barua\OneDrive\Desktop\Gadify-Backend\node_modules\handlebars\dist\cjs\handlebars\helpers\each.js:61:13)
  at Object.wrapper (C:\Users\barua\OneDrive\Desktop\Gadify-Backend\node_modules\handlebars\dist\cjs\handlebars\internal\wrapHelper.js:15:19)
  at Object.main (eval at <anonymous> (eval at makeEvaluate (C:\Users\barua\OneDrive\Desktop\Gadify-Backend\node_modules\@jsreport\ses\index.js:6197:27)), <anonymous>:59:49)
  at main (C:\Users\barua\OneDrive\Desktop\Gadify-Backend\node_modules\handlebars\dist\cjs\handlebars\runtime.js:208:32)
  at ret (C:\Users\barua\OneDrive\Desktop\Gadify-Backend\node_modules\handlebars\dist\cjs\handlebars\runtime.js:212:12)
  at Object.execute (C:\Users\barua\OneDrive\Desktop\Gadify-Backend\node_modules\@jsreport\jsreport-handlebars\lib\handlebarsEngine.js:80:14)
  at Object.execute (C:\Users\barua\OneDrive\Desktop\Gadify-Backend\node_modules\@jsreport\jsreport-handlebars\lib\worker.js:27:43)
  at executionFn (C:\Users\barua\OneDrive\Desktop\Gadify-Backend\node_modules\@jsreport\jsreport-core\lib\worker\render\executeEngine.js:273:42)
  at eval (sandbox.js:13:18)
  at async run (C:\Users\barua\OneDrive\Desktop\Gadify-Backend\node_modules\@jsreport\jsreport-core\lib\worker\sandbox\createSandbox.js:132:18)
  at async WorkerReporter.runInSandbox [as _runInSandbox] (C:\Users\barua\OneDrive\Desktop\Gadify-Backend\node_modules\@jsreport\jsreport-core\lib\worker\sandbox\runInSandbox.js:214:14)
wrapped by:
Error: Error when evaluating engine handlebars for template /gadify_checklist/gadify_checklist_template
(because) missing helper: "endsWith"
  at module.exports (C:\Users\barua\OneDrive\Desktop\Gadify-Backend\node_modules\@jsreport\jsreport-core\lib\shared\createError.js:10:13)
  at WorkerReporter.createError (C:\Users\barua\OneDrive\Desktop\Gadify-Backend\node_modules\@jsreport\jsreport-core\lib\shared\reporter.js:53:12)
  at executeEngine (C:\Users\barua\OneDrive\Desktop\Gadify-Backend\node_modules\@jsreport\jsreport-core\lib\worker\render\executeEngine.js:377:35)
  at async engine.engine (C:\Users\barua\OneDrive\Desktop\Gadify-Backend\node_modules\@jsreport\jsreport-core\lib\worker\render\executeEngine.js:162:14)
  at async invokeRender (C:\Users\barua\OneDrive\Desktop\Gadify-Backend\node_modules\@jsreport\jsreport-core\lib\worker\render\render.js:61:23)
  at async WorkerReporter._render (C:\Users\barua\OneDrive\Desktop\Gadify-Backend\node_modules\@jsreport\jsreport-core\lib\worker\render\render.js:148:7)
  at async C:\Users\barua\OneDrive\Desktop\Gadify-Backend\node_modules\@jsreport\jsreport-core\lib\worker\reporter.js:232:24
  at async processAndResponse (C:\Users\barua\OneDrive\Desktop\Gadify-Backend\node_modules\@jsreport\advanced-workers\lib\workerHandler.js:41:17) rootId=6qltfpwxrwf573a, id=6qltfpwxrwf573a
2025-03-12T12:10:17.990Z - warn: Rendering request 20 finished with error in 29 ms rootId=6qltfpwxrwf573a, id=6qltfpwxrwf573a
2025-03-12T12:10:29.484Z - info: Render request 21 queued for execution and waiting for available worker rootId=au5ogmu5dttx8uw, id=au5ogmu5dttx8uw
2025-03-12T12:10:29.486Z - info: Starting rendering request 21 rootId=au5ogmu5dttx8uw, id=au5ogmu5dttx8uw
2025-03-12T12:10:29.486Z - info: Rendering template { name: gadify_checklist_template, recipe: chrome-pdf, engine: handlebars, preview: true } rootId=au5ogmu5dttx8uw, id=au5ogmu5dttx8uw
2025-03-12T12:10:29.486Z - debug: Inline data specified. rootId=au5ogmu5dttx8uw, id=au5ogmu5dttx8uw
2025-03-12T12:10:29.493Z - debug: Base url not specified, skipping its injection. rootId=au5ogmu5dttx8uw, id=au5ogmu5dttx8uw
2025-03-12T12:10:29.494Z - debug: Rendering engine handlebars rootId=au5ogmu5dttx8uw, id=au5ogmu5dttx8uw
2025-03-12T12:10:29.512Z - debug: Executing recipe chrome-pdf rootId=au5ogmu5dttx8uw, id=au5ogmu5dttx8uw
2025-03-12T12:10:29.515Z - debug: Converting with chrome Chrome/133.0.6943.126 using chrome-pool strategy rootId=au5ogmu5dttx8uw, id=au5ogmu5dttx8uw
2025-03-12T12:10:29.574Z - debug: Page request: GET (document) file:///C:/Users/barua/AppData/Local/Temp/jsreport/autocleanup/bf07624b-9fe2-43eb-8fc1-745e37567788-chrome-pdf.html rootId=au5ogmu5dttx8uw, id=au5ogmu5dttx8uw
2025-03-12T12:10:29.605Z - debug: Page request finished: GET (document) 200 file:///C:/Users/barua/AppData/Local/Temp/jsreport/autocleanup/bf07624b-9fe2-43eb-8fc1-745e37567788-chrome-pdf.html rootId=au5ogmu5dttx8uw, id=au5ogmu5dttx8uw
2025-03-12T12:10:29.636Z - debug: Running chrome with params {"printBackground":true,"timeout":59969,"margin":{}} rootId=au5ogmu5dttx8uw, id=au5ogmu5dttx8uw
2025-03-12T12:10:29.906Z - debug: Skipping storing report. rootId=au5ogmu5dttx8uw, id=au5ogmu5dttx8uw
2025-03-12T12:10:29.906Z - info: Rendering request 21 finished in 423 ms rootId=au5ogmu5dttx8uw, id=au5ogmu5dttx8uw
2025-03-12T12:10:36.050Z - info: Render request 22 queued for execution and waiting for available worker rootId=ilnldoha8evpasl, id=ilnldoha8evpasl
2025-03-12T12:10:36.053Z - info: Starting rendering request 22 rootId=ilnldoha8evpasl, id=ilnldoha8evpasl
2025-03-12T12:10:36.053Z - info: Rendering template { name: gadify_checklist_template, recipe: chrome-pdf, engine: handlebars, preview: true } rootId=ilnldoha8evpasl, id=ilnldoha8evpasl
2025-03-12T12:10:36.054Z - debug: Inline data specified. rootId=ilnldoha8evpasl, id=ilnldoha8evpasl
2025-03-12T12:10:36.055Z - debug: Base url not specified, skipping its injection. rootId=ilnldoha8evpasl, id=ilnldoha8evpasl
2025-03-12T12:10:36.055Z - debug: Rendering engine handlebars rootId=ilnldoha8evpasl, id=ilnldoha8evpasl
2025-03-12T12:10:36.070Z - warn: Error when processing render request 22
(because) error when evaluating engine handlebars for template /gadify_checklist/gadify_checklist_template
(because) missing helper: "endsWith"

(sandbox.js line 13:18)
Error: Missing helper: "endsWith"
  at Object.<anonymous> (C:\Users\barua\OneDrive\Desktop\Gadify-Backend\node_modules\handlebars\dist\cjs\handlebars\helpers\helper-missing.js:19:13)
  at Object.wrapper (C:\Users\barua\OneDrive\Desktop\Gadify-Backend\node_modules\handlebars\dist\cjs\handlebars\internal\wrapHelper.js:15:19)
  at 1 (eval at <anonymous> (eval at makeEvaluate (C:\Users\barua\OneDrive\Desktop\Gadify-Backend\node_modules\@jsreport\ses\index.js:6197:27)), <anonymous>:12:151)
  at prog (C:\Users\barua\OneDrive\Desktop\Gadify-Backend\node_modules\handlebars\dist\cjs\handlebars\runtime.js:268:12)
  at execIteration (C:\Users\barua\OneDrive\Desktop\Gadify-Backend\node_modules\handlebars\dist\cjs\handlebars\helpers\each.js:51:19)
  at Object.<anonymous> (C:\Users\barua\OneDrive\Desktop\Gadify-Backend\node_modules\handlebars\dist\cjs\handlebars\helpers\each.js:61:13)
  at Object.wrapper (C:\Users\barua\OneDrive\Desktop\Gadify-Backend\node_modules\handlebars\dist\cjs\handlebars\internal\wrapHelper.js:15:19)
  at Object.main (eval at <anonymous> (eval at makeEvaluate (C:\Users\barua\OneDrive\Desktop\Gadify-Backend\node_modules\@jsreport\ses\index.js:6197:27)), <anonymous>:59:49)
  at main (C:\Users\barua\OneDrive\Desktop\Gadify-Backend\node_modules\handlebars\dist\cjs\handlebars\runtime.js:208:32)
  at ret (C:\Users\barua\OneDrive\Desktop\Gadify-Backend\node_modules\handlebars\dist\cjs\handlebars\runtime.js:212:12)
  at Object.execute (C:\Users\barua\OneDrive\Desktop\Gadify-Backend\node_modules\@jsreport\jsreport-handlebars\lib\handlebarsEngine.js:80:14)
  at Object.execute (C:\Users\barua\OneDrive\Desktop\Gadify-Backend\node_modules\@jsreport\jsreport-handlebars\lib\worker.js:27:43)
  at executionFn (C:\Users\barua\OneDrive\Desktop\Gadify-Backend\node_modules\@jsreport\jsreport-core\lib\worker\render\executeEngine.js:273:42)
  at eval (sandbox.js:13:18)
  at async run (C:\Users\barua\OneDrive\Desktop\Gadify-Backend\node_modules\@jsreport\jsreport-core\lib\worker\sandbox\createSandbox.js:132:18)
  at async WorkerReporter.runInSandbox [as _runInSandbox] (C:\Users\barua\OneDrive\Desktop\Gadify-Backend\node_modules\@jsreport\jsreport-core\lib\worker\sandbox\runInSandbox.js:214:14)
wrapped by:
Error: Error when evaluating engine handlebars for template /gadify_checklist/gadify_checklist_template
(because) missing helper: "endsWith"
  at module.exports (C:\Users\barua\OneDrive\Desktop\Gadify-Backend\node_modules\@jsreport\jsreport-core\lib\shared\createError.js:10:13)
  at WorkerReporter.createError (C:\Users\barua\OneDrive\Desktop\Gadify-Backend\node_modules\@jsreport\jsreport-core\lib\shared\reporter.js:53:12)
  at executeEngine (C:\Users\barua\OneDrive\Desktop\Gadify-Backend\node_modules\@jsreport\jsreport-core\lib\worker\render\executeEngine.js:377:35)
  at async engine.engine (C:\Users\barua\OneDrive\Desktop\Gadify-Backend\node_modules\@jsreport\jsreport-core\lib\worker\render\executeEngine.js:162:14)
  at async invokeRender (C:\Users\barua\OneDrive\Desktop\Gadify-Backend\node_modules\@jsreport\jsreport-core\lib\worker\render\render.js:61:23)
  at async WorkerReporter._render (C:\Users\barua\OneDrive\Desktop\Gadify-Backend\node_modules\@jsreport\jsreport-core\lib\worker\render\render.js:148:7)
  at async C:\Users\barua\OneDrive\Desktop\Gadify-Backend\node_modules\@jsreport\jsreport-core\lib\worker\reporter.js:232:24
  at async processAndResponse (C:\Users\barua\OneDrive\Desktop\Gadify-Backend\node_modules\@jsreport\advanced-workers\lib\workerHandler.js:41:17) rootId=ilnldoha8evpasl, id=ilnldoha8evpasl
2025-03-12T12:10:36.070Z - warn: Rendering request 22 finished with error in 21 ms rootId=ilnldoha8evpasl, id=ilnldoha8evpasl
2025-03-12T12:10:36.774Z - info: Render request 23 queued for execution and waiting for available worker rootId=uvrlydu8b5fx9s8, id=uvrlydu8b5fx9s8
2025-03-12T12:10:36.776Z - info: Starting rendering request 23 rootId=uvrlydu8b5fx9s8, id=uvrlydu8b5fx9s8
2025-03-12T12:10:36.776Z - info: Rendering template { name: gadify_checklist_template, recipe: chrome-pdf, engine: handlebars, preview: true } rootId=uvrlydu8b5fx9s8, id=uvrlydu8b5fx9s8
2025-03-12T12:10:36.777Z - debug: Inline data specified. rootId=uvrlydu8b5fx9s8, id=uvrlydu8b5fx9s8
2025-03-12T12:10:36.778Z - debug: Base url not specified, skipping its injection. rootId=uvrlydu8b5fx9s8, id=uvrlydu8b5fx9s8
2025-03-12T12:10:36.778Z - debug: Rendering engine handlebars rootId=uvrlydu8b5fx9s8, id=uvrlydu8b5fx9s8
2025-03-12T12:10:36.792Z - warn: Error when processing render request 23
(because) error when evaluating engine handlebars for template /gadify_checklist/gadify_checklist_template
(because) missing helper: "endsWith"

(sandbox.js line 13:18)
Error: Missing helper: "endsWith"
  at Object.<anonymous> (C:\Users\barua\OneDrive\Desktop\Gadify-Backend\node_modules\handlebars\dist\cjs\handlebars\helpers\helper-missing.js:19:13)
  at Object.wrapper (C:\Users\barua\OneDrive\Desktop\Gadify-Backend\node_modules\handlebars\dist\cjs\handlebars\internal\wrapHelper.js:15:19)
  at 1 (eval at <anonymous> (eval at makeEvaluate (C:\Users\barua\OneDrive\Desktop\Gadify-Backend\node_modules\@jsreport\ses\index.js:6197:27)), <anonymous>:12:151)
  at prog (C:\Users\barua\OneDrive\Desktop\Gadify-Backend\node_modules\handlebars\dist\cjs\handlebars\runtime.js:268:12)
  at execIteration (C:\Users\barua\OneDrive\Desktop\Gadify-Backend\node_modules\handlebars\dist\cjs\handlebars\helpers\each.js:51:19)
  at Object.<anonymous> (C:\Users\barua\OneDrive\Desktop\Gadify-Backend\node_modules\handlebars\dist\cjs\handlebars\helpers\each.js:61:13)
  at Object.wrapper (C:\Users\barua\OneDrive\Desktop\Gadify-Backend\node_modules\handlebars\dist\cjs\handlebars\internal\wrapHelper.js:15:19)
  at Object.main (eval at <anonymous> (eval at makeEvaluate (C:\Users\barua\OneDrive\Desktop\Gadify-Backend\node_modules\@jsreport\ses\index.js:6197:27)), <anonymous>:59:49)
  at main (C:\Users\barua\OneDrive\Desktop\Gadify-Backend\node_modules\handlebars\dist\cjs\handlebars\runtime.js:208:32)
  at ret (C:\Users\barua\OneDrive\Desktop\Gadify-Backend\node_modules\handlebars\dist\cjs\handlebars\runtime.js:212:12)
  at Object.execute (C:\Users\barua\OneDrive\Desktop\Gadify-Backend\node_modules\@jsreport\jsreport-handlebars\lib\handlebarsEngine.js:80:14)
  at Object.execute (C:\Users\barua\OneDrive\Desktop\Gadify-Backend\node_modules\@jsreport\jsreport-handlebars\lib\worker.js:27:43)
  at executionFn (C:\Users\barua\OneDrive\Desktop\Gadify-Backend\node_modules\@jsreport\jsreport-core\lib\worker\render\executeEngine.js:273:42)
  at eval (sandbox.js:13:18)
  at async run (C:\Users\barua\OneDrive\Desktop\Gadify-Backend\node_modules\@jsreport\jsreport-core\lib\worker\sandbox\createSandbox.js:132:18)
  at async WorkerReporter.runInSandbox [as _runInSandbox] (C:\Users\barua\OneDrive\Desktop\Gadify-Backend\node_modules\@jsreport\jsreport-core\lib\worker\sandbox\runInSandbox.js:214:14)
wrapped by:
Error: Error when evaluating engine handlebars for template /gadify_checklist/gadify_checklist_template
(because) missing helper: "endsWith"
  at module.exports (C:\Users\barua\OneDrive\Desktop\Gadify-Backend\node_modules\@jsreport\jsreport-core\lib\shared\createError.js:10:13)
  at WorkerReporter.createError (C:\Users\barua\OneDrive\Desktop\Gadify-Backend\node_modules\@jsreport\jsreport-core\lib\shared\reporter.js:53:12)
  at executeEngine (C:\Users\barua\OneDrive\Desktop\Gadify-Backend\node_modules\@jsreport\jsreport-core\lib\worker\render\executeEngine.js:377:35)
  at async engine.engine (C:\Users\barua\OneDrive\Desktop\Gadify-Backend\node_modules\@jsreport\jsreport-core\lib\worker\render\executeEngine.js:162:14)
  at async invokeRender (C:\Users\barua\OneDrive\Desktop\Gadify-Backend\node_modules\@jsreport\jsreport-core\lib\worker\render\render.js:61:23)
  at async WorkerReporter._render (C:\Users\barua\OneDrive\Desktop\Gadify-Backend\node_modules\@jsreport\jsreport-core\lib\worker\render\render.js:148:7)
  at async C:\Users\barua\OneDrive\Desktop\Gadify-Backend\node_modules\@jsreport\jsreport-core\lib\worker\reporter.js:232:24
  at async processAndResponse (C:\Users\barua\OneDrive\Desktop\Gadify-Backend\node_modules\@jsreport\advanced-workers\lib\workerHandler.js:41:17) rootId=uvrlydu8b5fx9s8, id=uvrlydu8b5fx9s8
2025-03-12T12:10:36.792Z - warn: Rendering request 23 finished with error in 19 ms rootId=uvrlydu8b5fx9s8, id=uvrlydu8b5fx9s8
2025-03-12T12:10:37.218Z - info: Render request 24 queued for execution and waiting for available worker rootId=k8hkh0px51bkxmi, id=k8hkh0px51bkxmi
2025-03-12T12:10:37.220Z - info: Starting rendering request 24 rootId=k8hkh0px51bkxmi, id=k8hkh0px51bkxmi
2025-03-12T12:10:37.220Z - info: Rendering template { name: gadify_checklist_template, recipe: chrome-pdf, engine: handlebars, preview: true } rootId=k8hkh0px51bkxmi, id=k8hkh0px51bkxmi
2025-03-12T12:10:37.221Z - debug: Inline data specified. rootId=k8hkh0px51bkxmi, id=k8hkh0px51bkxmi
2025-03-12T12:10:37.222Z - debug: Base url not specified, skipping its injection. rootId=k8hkh0px51bkxmi, id=k8hkh0px51bkxmi
2025-03-12T12:10:37.222Z - debug: Rendering engine handlebars rootId=k8hkh0px51bkxmi, id=k8hkh0px51bkxmi
2025-03-12T12:10:37.232Z - warn: Error when processing render request 24
(because) error when evaluating engine handlebars for template /gadify_checklist/gadify_checklist_template
(because) missing helper: "endsWith"

(sandbox.js line 13:18)
Error: Missing helper: "endsWith"
  at Object.<anonymous> (C:\Users\barua\OneDrive\Desktop\Gadify-Backend\node_modules\handlebars\dist\cjs\handlebars\helpers\helper-missing.js:19:13)
  at Object.wrapper (C:\Users\barua\OneDrive\Desktop\Gadify-Backend\node_modules\handlebars\dist\cjs\handlebars\internal\wrapHelper.js:15:19)
  at 1 (eval at <anonymous> (eval at makeEvaluate (C:\Users\barua\OneDrive\Desktop\Gadify-Backend\node_modules\@jsreport\ses\index.js:6197:27)), <anonymous>:12:151)
  at prog (C:\Users\barua\OneDrive\Desktop\Gadify-Backend\node_modules\handlebars\dist\cjs\handlebars\runtime.js:268:12)
  at execIteration (C:\Users\barua\OneDrive\Desktop\Gadify-Backend\node_modules\handlebars\dist\cjs\handlebars\helpers\each.js:51:19)
  at Object.<anonymous> (C:\Users\barua\OneDrive\Desktop\Gadify-Backend\node_modules\handlebars\dist\cjs\handlebars\helpers\each.js:61:13)
  at Object.wrapper (C:\Users\barua\OneDrive\Desktop\Gadify-Backend\node_modules\handlebars\dist\cjs\handlebars\internal\wrapHelper.js:15:19)
  at Object.main (eval at <anonymous> (eval at makeEvaluate (C:\Users\barua\OneDrive\Desktop\Gadify-Backend\node_modules\@jsreport\ses\index.js:6197:27)), <anonymous>:59:49)
  at main (C:\Users\barua\OneDrive\Desktop\Gadify-Backend\node_modules\handlebars\dist\cjs\handlebars\runtime.js:208:32)
  at ret (C:\Users\barua\OneDrive\Desktop\Gadify-Backend\node_modules\handlebars\dist\cjs\handlebars\runtime.js:212:12)
  at Object.execute (C:\Users\barua\OneDrive\Desktop\Gadify-Backend\node_modules\@jsreport\jsreport-handlebars\lib\handlebarsEngine.js:80:14)
  at Object.execute (C:\Users\barua\OneDrive\Desktop\Gadify-Backend\node_modules\@jsreport\jsreport-handlebars\lib\worker.js:27:43)
  at executionFn (C:\Users\barua\OneDrive\Desktop\Gadify-Backend\node_modules\@jsreport\jsreport-core\lib\worker\render\executeEngine.js:273:42)
  at eval (sandbox.js:13:18)
  at async run (C:\Users\barua\OneDrive\Desktop\Gadify-Backend\node_modules\@jsreport\jsreport-core\lib\worker\sandbox\createSandbox.js:132:18)
  at async WorkerReporter.runInSandbox [as _runInSandbox] (C:\Users\barua\OneDrive\Desktop\Gadify-Backend\node_modules\@jsreport\jsreport-core\lib\worker\sandbox\runInSandbox.js:214:14)
wrapped by:
Error: Error when evaluating engine handlebars for template /gadify_checklist/gadify_checklist_template
(because) missing helper: "endsWith"
  at module.exports (C:\Users\barua\OneDrive\Desktop\Gadify-Backend\node_modules\@jsreport\jsreport-core\lib\shared\createError.js:10:13)
  at WorkerReporter.createError (C:\Users\barua\OneDrive\Desktop\Gadify-Backend\node_modules\@jsreport\jsreport-core\lib\shared\reporter.js:53:12)
  at executeEngine (C:\Users\barua\OneDrive\Desktop\Gadify-Backend\node_modules\@jsreport\jsreport-core\lib\worker\render\executeEngine.js:377:35)
  at async engine.engine (C:\Users\barua\OneDrive\Desktop\Gadify-Backend\node_modules\@jsreport\jsreport-core\lib\worker\render\executeEngine.js:162:14)
  at async invokeRender (C:\Users\barua\OneDrive\Desktop\Gadify-Backend\node_modules\@jsreport\jsreport-core\lib\worker\render\render.js:61:23)
  at async WorkerReporter._render (C:\Users\barua\OneDrive\Desktop\Gadify-Backend\node_modules\@jsreport\jsreport-core\lib\worker\render\render.js:148:7)
  at async C:\Users\barua\OneDrive\Desktop\Gadify-Backend\node_modules\@jsreport\jsreport-core\lib\worker\reporter.js:232:24
  at async processAndResponse (C:\Users\barua\OneDrive\Desktop\Gadify-Backend\node_modules\@jsreport\advanced-workers\lib\workerHandler.js:41:17) rootId=k8hkh0px51bkxmi, id=k8hkh0px51bkxmi
2025-03-12T12:10:37.232Z - warn: Rendering request 24 finished with error in 15 ms rootId=k8hkh0px51bkxmi, id=k8hkh0px51bkxmi
2025-03-12T12:10:37.373Z - info: Render request 25 queued for execution and waiting for available worker rootId=9x2wuodour6uw7m, id=9x2wuodour6uw7m
2025-03-12T12:10:37.376Z - info: Starting rendering request 25 rootId=9x2wuodour6uw7m, id=9x2wuodour6uw7m
2025-03-12T12:10:37.377Z - info: Rendering template { name: gadify_checklist_template, recipe: chrome-pdf, engine: handlebars, preview: true } rootId=9x2wuodour6uw7m, id=9x2wuodour6uw7m
2025-03-12T12:10:37.377Z - debug: Inline data specified. rootId=9x2wuodour6uw7m, id=9x2wuodour6uw7m
2025-03-12T12:10:37.378Z - debug: Base url not specified, skipping its injection. rootId=9x2wuodour6uw7m, id=9x2wuodour6uw7m
2025-03-12T12:10:37.379Z - debug: Rendering engine handlebars rootId=9x2wuodour6uw7m, id=9x2wuodour6uw7m
2025-03-12T12:10:37.389Z - warn: Error when processing render request 25
(because) error when evaluating engine handlebars for template /gadify_checklist/gadify_checklist_template
(because) missing helper: "endsWith"

(sandbox.js line 13:18)
Error: Missing helper: "endsWith"
  at Object.<anonymous> (C:\Users\barua\OneDrive\Desktop\Gadify-Backend\node_modules\handlebars\dist\cjs\handlebars\helpers\helper-missing.js:19:13)
  at Object.wrapper (C:\Users\barua\OneDrive\Desktop\Gadify-Backend\node_modules\handlebars\dist\cjs\handlebars\internal\wrapHelper.js:15:19)
  at 1 (eval at <anonymous> (eval at makeEvaluate (C:\Users\barua\OneDrive\Desktop\Gadify-Backend\node_modules\@jsreport\ses\index.js:6197:27)), <anonymous>:12:151)
  at prog (C:\Users\barua\OneDrive\Desktop\Gadify-Backend\node_modules\handlebars\dist\cjs\handlebars\runtime.js:268:12)
  at execIteration (C:\Users\barua\OneDrive\Desktop\Gadify-Backend\node_modules\handlebars\dist\cjs\handlebars\helpers\each.js:51:19)
  at Object.<anonymous> (C:\Users\barua\OneDrive\Desktop\Gadify-Backend\node_modules\handlebars\dist\cjs\handlebars\helpers\each.js:61:13)
  at Object.wrapper (C:\Users\barua\OneDrive\Desktop\Gadify-Backend\node_modules\handlebars\dist\cjs\handlebars\internal\wrapHelper.js:15:19)
  at Object.main (eval at <anonymous> (eval at makeEvaluate (C:\Users\barua\OneDrive\Desktop\Gadify-Backend\node_modules\@jsreport\ses\index.js:6197:27)), <anonymous>:59:49)
  at main (C:\Users\barua\OneDrive\Desktop\Gadify-Backend\node_modules\handlebars\dist\cjs\handlebars\runtime.js:208:32)
  at ret (C:\Users\barua\OneDrive\Desktop\Gadify-Backend\node_modules\handlebars\dist\cjs\handlebars\runtime.js:212:12)
  at Object.execute (C:\Users\barua\OneDrive\Desktop\Gadify-Backend\node_modules\@jsreport\jsreport-handlebars\lib\handlebarsEngine.js:80:14)
  at Object.execute (C:\Users\barua\OneDrive\Desktop\Gadify-Backend\node_modules\@jsreport\jsreport-handlebars\lib\worker.js:27:43)
  at executionFn (C:\Users\barua\OneDrive\Desktop\Gadify-Backend\node_modules\@jsreport\jsreport-core\lib\worker\render\executeEngine.js:273:42)
  at eval (sandbox.js:13:18)
  at async run (C:\Users\barua\OneDrive\Desktop\Gadify-Backend\node_modules\@jsreport\jsreport-core\lib\worker\sandbox\createSandbox.js:132:18)
  at async WorkerReporter.runInSandbox [as _runInSandbox] (C:\Users\barua\OneDrive\Desktop\Gadify-Backend\node_modules\@jsreport\jsreport-core\lib\worker\sandbox\runInSandbox.js:214:14)
wrapped by:
Error: Error when evaluating engine handlebars for template /gadify_checklist/gadify_checklist_template
(because) missing helper: "endsWith"
  at module.exports (C:\Users\barua\OneDrive\Desktop\Gadify-Backend\node_modules\@jsreport\jsreport-core\lib\shared\createError.js:10:13)
  at WorkerReporter.createError (C:\Users\barua\OneDrive\Desktop\Gadify-Backend\node_modules\@jsreport\jsreport-core\lib\shared\reporter.js:53:12)
  at executeEngine (C:\Users\barua\OneDrive\Desktop\Gadify-Backend\node_modules\@jsreport\jsreport-core\lib\worker\render\executeEngine.js:377:35)
  at async engine.engine (C:\Users\barua\OneDrive\Desktop\Gadify-Backend\node_modules\@jsreport\jsreport-core\lib\worker\render\executeEngine.js:162:14)
  at async invokeRender (C:\Users\barua\OneDrive\Desktop\Gadify-Backend\node_modules\@jsreport\jsreport-core\lib\worker\render\render.js:61:23)
  at async WorkerReporter._render (C:\Users\barua\OneDrive\Desktop\Gadify-Backend\node_modules\@jsreport\jsreport-core\lib\worker\render\render.js:148:7)
  at async C:\Users\barua\OneDrive\Desktop\Gadify-Backend\node_modules\@jsreport\jsreport-core\lib\worker\reporter.js:232:24
  at async processAndResponse (C:\Users\barua\OneDrive\Desktop\Gadify-Backend\node_modules\@jsreport\advanced-workers\lib\workerHandler.js:41:17) rootId=9x2wuodour6uw7m, id=9x2wuodour6uw7m
2025-03-12T12:10:37.390Z - warn: Rendering request 25 finished with error in 18 ms rootId=9x2wuodour6uw7m, id=9x2wuodour6uw7m
2025-03-12T12:10:37.520Z - info: Render request 26 queued for execution and waiting for available worker rootId=rtcl7illb1udrcr, id=rtcl7illb1udrcr
2025-03-12T12:10:37.523Z - info: Starting rendering request 26 rootId=rtcl7illb1udrcr, id=rtcl7illb1udrcr
2025-03-12T12:10:37.523Z - info: Rendering template { name: gadify_checklist_template, recipe: chrome-pdf, engine: handlebars, preview: true } rootId=rtcl7illb1udrcr, id=rtcl7illb1udrcr
2025-03-12T12:10:37.523Z - debug: Inline data specified. rootId=rtcl7illb1udrcr, id=rtcl7illb1udrcr
2025-03-12T12:10:37.524Z - debug: Base url not specified, skipping its injection. rootId=rtcl7illb1udrcr, id=rtcl7illb1udrcr
2025-03-12T12:10:37.525Z - debug: Rendering engine handlebars rootId=rtcl7illb1udrcr, id=rtcl7illb1udrcr
2025-03-12T12:10:37.535Z - warn: Error when processing render request 26
(because) error when evaluating engine handlebars for template /gadify_checklist/gadify_checklist_template
(because) missing helper: "endsWith"

(sandbox.js line 13:18)
Error: Missing helper: "endsWith"
  at Object.<anonymous> (C:\Users\barua\OneDrive\Desktop\Gadify-Backend\node_modules\handlebars\dist\cjs\handlebars\helpers\helper-missing.js:19:13)
  at Object.wrapper (C:\Users\barua\OneDrive\Desktop\Gadify-Backend\node_modules\handlebars\dist\cjs\handlebars\internal\wrapHelper.js:15:19)
  at 1 (eval at <anonymous> (eval at makeEvaluate (C:\Users\barua\OneDrive\Desktop\Gadify-Backend\node_modules\@jsreport\ses\index.js:6197:27)), <anonymous>:12:151)
  at prog (C:\Users\barua\OneDrive\Desktop\Gadify-Backend\node_modules\handlebars\dist\cjs\handlebars\runtime.js:268:12)
  at execIteration (C:\Users\barua\OneDrive\Desktop\Gadify-Backend\node_modules\handlebars\dist\cjs\handlebars\helpers\each.js:51:19)
  at Object.<anonymous> (C:\Users\barua\OneDrive\Desktop\Gadify-Backend\node_modules\handlebars\dist\cjs\handlebars\helpers\each.js:61:13)
  at Object.wrapper (C:\Users\barua\OneDrive\Desktop\Gadify-Backend\node_modules\handlebars\dist\cjs\handlebars\internal\wrapHelper.js:15:19)
  at Object.main (eval at <anonymous> (eval at makeEvaluate (C:\Users\barua\OneDrive\Desktop\Gadify-Backend\node_modules\@jsreport\ses\index.js:6197:27)), <anonymous>:59:49)
  at main (C:\Users\barua\OneDrive\Desktop\Gadify-Backend\node_modules\handlebars\dist\cjs\handlebars\runtime.js:208:32)
  at ret (C:\Users\barua\OneDrive\Desktop\Gadify-Backend\node_modules\handlebars\dist\cjs\handlebars\runtime.js:212:12)
  at Object.execute (C:\Users\barua\OneDrive\Desktop\Gadify-Backend\node_modules\@jsreport\jsreport-handlebars\lib\handlebarsEngine.js:80:14)
  at Object.execute (C:\Users\barua\OneDrive\Desktop\Gadify-Backend\node_modules\@jsreport\jsreport-handlebars\lib\worker.js:27:43)
  at executionFn (C:\Users\barua\OneDrive\Desktop\Gadify-Backend\node_modules\@jsreport\jsreport-core\lib\worker\render\executeEngine.js:273:42)
  at eval (sandbox.js:13:18)
  at async run (C:\Users\barua\OneDrive\Desktop\Gadify-Backend\node_modules\@jsreport\jsreport-core\lib\worker\sandbox\createSandbox.js:132:18)
  at async WorkerReporter.runInSandbox [as _runInSandbox] (C:\Users\barua\OneDrive\Desktop\Gadify-Backend\node_modules\@jsreport\jsreport-core\lib\worker\sandbox\runInSandbox.js:214:14)
wrapped by:
Error: Error when evaluating engine handlebars for template /gadify_checklist/gadify_checklist_template
(because) missing helper: "endsWith"
  at module.exports (C:\Users\barua\OneDrive\Desktop\Gadify-Backend\node_modules\@jsreport\jsreport-core\lib\shared\createError.js:10:13)
  at WorkerReporter.createError (C:\Users\barua\OneDrive\Desktop\Gadify-Backend\node_modules\@jsreport\jsreport-core\lib\shared\reporter.js:53:12)
  at executeEngine (C:\Users\barua\OneDrive\Desktop\Gadify-Backend\node_modules\@jsreport\jsreport-core\lib\worker\render\executeEngine.js:377:35)
  at async engine.engine (C:\Users\barua\OneDrive\Desktop\Gadify-Backend\node_modules\@jsreport\jsreport-core\lib\worker\render\executeEngine.js:162:14)
  at async invokeRender (C:\Users\barua\OneDrive\Desktop\Gadify-Backend\node_modules\@jsreport\jsreport-core\lib\worker\render\render.js:61:23)
  at async WorkerReporter._render (C:\Users\barua\OneDrive\Desktop\Gadify-Backend\node_modules\@jsreport\jsreport-core\lib\worker\render\render.js:148:7)
  at async C:\Users\barua\OneDrive\Desktop\Gadify-Backend\node_modules\@jsreport\jsreport-core\lib\worker\reporter.js:232:24
  at async processAndResponse (C:\Users\barua\OneDrive\Desktop\Gadify-Backend\node_modules\@jsreport\advanced-workers\lib\workerHandler.js:41:17) rootId=rtcl7illb1udrcr, id=rtcl7illb1udrcr
2025-03-12T12:10:37.535Z - warn: Rendering request 26 finished with error in 16 ms rootId=rtcl7illb1udrcr, id=rtcl7illb1udrcr
2025-03-12T12:11:47.097Z - info: Render request 27 queued for execution and waiting for available worker rootId=pu7ozdcvkursbl2, id=pu7ozdcvkursbl2
2025-03-12T12:11:47.101Z - info: Starting rendering request 27 rootId=pu7ozdcvkursbl2, id=pu7ozdcvkursbl2
2025-03-12T12:11:47.101Z - info: Rendering template { name: gadify_checklist_template, recipe: chrome-pdf, engine: handlebars, preview: true } rootId=pu7ozdcvkursbl2, id=pu7ozdcvkursbl2
2025-03-12T12:11:47.102Z - debug: Inline data specified. rootId=pu7ozdcvkursbl2, id=pu7ozdcvkursbl2
2025-03-12T12:11:47.105Z - debug: Base url not specified, skipping its injection. rootId=pu7ozdcvkursbl2, id=pu7ozdcvkursbl2
2025-03-12T12:11:47.105Z - debug: Rendering engine handlebars rootId=pu7ozdcvkursbl2, id=pu7ozdcvkursbl2
2025-03-12T12:11:47.112Z - warn: Error when processing render request 27
(because) error when evaluating engine handlebars for template /gadify_checklist/gadify_checklist_template
(because) each doesn't match if - 86:27

(sandbox.js line 13:18)
Error: each doesn't match if - 86:27
  at validateClose (C:\Users\barua\OneDrive\Desktop\Gadify-Backend\node_modules\handlebars\dist\cjs\handlebars\compiler\helpers.js:28:11)
  at Object.prepareBlock (C:\Users\barua\OneDrive\Desktop\Gadify-Backend\node_modules\handlebars\dist\cjs\handlebars\compiler\helpers.js:142:5)
  at Object.anonymous (C:\Users\barua\OneDrive\Desktop\Gadify-Backend\node_modules\handlebars\dist\cjs\handlebars\compiler\parser.js:65:33)
  at Parser.parse (C:\Users\barua\OneDrive\Desktop\Gadify-Backend\node_modules\handlebars\dist\cjs\handlebars\compiler\parser.js:367:48)
  at parseWithoutProcessing (C:\Users\barua\OneDrive\Desktop\Gadify-Backend\node_modules\handlebars\dist\cjs\handlebars\compiler\base.js:46:33)
  at HandlebarsEnvironment.parse (C:\Users\barua\OneDrive\Desktop\Gadify-Backend\node_modules\handlebars\dist\cjs\handlebars\compiler\base.js:52:13)
  at Object.precompile (C:\Users\barua\OneDrive\Desktop\Gadify-Backend\node_modules\handlebars\dist\cjs\handlebars\compiler\compiler.js:485:17)
  at hb.precompile (C:\Users\barua\OneDrive\Desktop\Gadify-Backend\node_modules\handlebars\dist\cjs\handlebars.js:42:40)
  at Object.compile (C:\Users\barua\OneDrive\Desktop\Gadify-Backend\node_modules\@jsreport\jsreport-handlebars\lib\handlebarsEngine.js:34:52)
  at Object.compile (C:\Users\barua\OneDrive\Desktop\Gadify-Backend\node_modules\@jsreport\jsreport-handlebars\lib\worker.js:26:43)
  at executionFn (C:\Users\barua\OneDrive\Desktop\Gadify-Backend\node_modules\@jsreport\jsreport-core\lib\worker\render\executeEngine.js:252:44)
  at eval (sandbox.js:13:18)
  at async run (C:\Users\barua\OneDrive\Desktop\Gadify-Backend\node_modules\@jsreport\jsreport-core\lib\worker\sandbox\createSandbox.js:132:18)
  at async WorkerReporter.runInSandbox [as _runInSandbox] (C:\Users\barua\OneDrive\Desktop\Gadify-Backend\node_modules\@jsreport\jsreport-core\lib\worker\sandbox\runInSandbox.js:214:14)
  at async executeEngine (C:\Users\barua\OneDrive\Desktop\Gadify-Backend\node_modules\@jsreport\jsreport-core\lib\worker\render\executeEngine.js:354:16)
  at async engine.engine (C:\Users\barua\OneDrive\Desktop\Gadify-Backend\node_modules\@jsreport\jsreport-core\lib\worker\render\executeEngine.js:162:14)
wrapped by:
Error: Error when evaluating engine handlebars for template /gadify_checklist/gadify_checklist_template
(because) each doesn't match if - 86:27
  at module.exports (C:\Users\barua\OneDrive\Desktop\Gadify-Backend\node_modules\@jsreport\jsreport-core\lib\shared\createError.js:10:13)
  at WorkerReporter.createError (C:\Users\barua\OneDrive\Desktop\Gadify-Backend\node_modules\@jsreport\jsreport-core\lib\shared\reporter.js:53:12)
  at executeEngine (C:\Users\barua\OneDrive\Desktop\Gadify-Backend\node_modules\@jsreport\jsreport-core\lib\worker\render\executeEngine.js:377:35)
  at async engine.engine (C:\Users\barua\OneDrive\Desktop\Gadify-Backend\node_modules\@jsreport\jsreport-core\lib\worker\render\executeEngine.js:162:14)
  at async invokeRender (C:\Users\barua\OneDrive\Desktop\Gadify-Backend\node_modules\@jsreport\jsreport-core\lib\worker\render\render.js:61:23)
  at async WorkerReporter._render (C:\Users\barua\OneDrive\Desktop\Gadify-Backend\node_modules\@jsreport\jsreport-core\lib\worker\render\render.js:148:7)
  at async C:\Users\barua\OneDrive\Desktop\Gadify-Backend\node_modules\@jsreport\jsreport-core\lib\worker\reporter.js:232:24
  at async processAndResponse (C:\Users\barua\OneDrive\Desktop\Gadify-Backend\node_modules\@jsreport\advanced-workers\lib\workerHandler.js:41:17) rootId=pu7ozdcvkursbl2, id=pu7ozdcvkursbl2
2025-03-12T12:11:47.112Z - warn: Rendering request 27 finished with error in 16 ms rootId=pu7ozdcvkursbl2, id=pu7ozdcvkursbl2
2025-03-12T12:11:47.782Z - info: Render request 28 queued for execution and waiting for available worker rootId=glccvq2ktjbyqdx, id=glccvq2ktjbyqdx
2025-03-12T12:11:47.784Z - info: Starting rendering request 28 rootId=glccvq2ktjbyqdx, id=glccvq2ktjbyqdx
2025-03-12T12:11:47.784Z - info: Rendering template { name: gadify_checklist_template, recipe: chrome-pdf, engine: handlebars, preview: true } rootId=glccvq2ktjbyqdx, id=glccvq2ktjbyqdx
2025-03-12T12:11:47.784Z - debug: Inline data specified. rootId=glccvq2ktjbyqdx, id=glccvq2ktjbyqdx
2025-03-12T12:11:47.785Z - debug: Base url not specified, skipping its injection. rootId=glccvq2ktjbyqdx, id=glccvq2ktjbyqdx
2025-03-12T12:11:47.785Z - debug: Rendering engine handlebars rootId=glccvq2ktjbyqdx, id=glccvq2ktjbyqdx
2025-03-12T12:11:47.796Z - warn: Error when processing render request 28
(because) error when evaluating engine handlebars for template /gadify_checklist/gadify_checklist_template
(because) each doesn't match if - 86:27

(sandbox.js line 13:18)
Error: each doesn't match if - 86:27
  at validateClose (C:\Users\barua\OneDrive\Desktop\Gadify-Backend\node_modules\handlebars\dist\cjs\handlebars\compiler\helpers.js:28:11)
  at Object.prepareBlock (C:\Users\barua\OneDrive\Desktop\Gadify-Backend\node_modules\handlebars\dist\cjs\handlebars\compiler\helpers.js:142:5)
  at Object.anonymous (C:\Users\barua\OneDrive\Desktop\Gadify-Backend\node_modules\handlebars\dist\cjs\handlebars\compiler\parser.js:65:33)
  at Parser.parse (C:\Users\barua\OneDrive\Desktop\Gadify-Backend\node_modules\handlebars\dist\cjs\handlebars\compiler\parser.js:367:48)
  at parseWithoutProcessing (C:\Users\barua\OneDrive\Desktop\Gadify-Backend\node_modules\handlebars\dist\cjs\handlebars\compiler\base.js:46:33)
  at HandlebarsEnvironment.parse (C:\Users\barua\OneDrive\Desktop\Gadify-Backend\node_modules\handlebars\dist\cjs\handlebars\compiler\base.js:52:13)
  at Object.precompile (C:\Users\barua\OneDrive\Desktop\Gadify-Backend\node_modules\handlebars\dist\cjs\handlebars\compiler\compiler.js:485:17)
  at hb.precompile (C:\Users\barua\OneDrive\Desktop\Gadify-Backend\node_modules\handlebars\dist\cjs\handlebars.js:42:40)
  at Object.compile (C:\Users\barua\OneDrive\Desktop\Gadify-Backend\node_modules\@jsreport\jsreport-handlebars\lib\handlebarsEngine.js:34:52)
  at Object.compile (C:\Users\barua\OneDrive\Desktop\Gadify-Backend\node_modules\@jsreport\jsreport-handlebars\lib\worker.js:26:43)
  at executionFn (C:\Users\barua\OneDrive\Desktop\Gadify-Backend\node_modules\@jsreport\jsreport-core\lib\worker\render\executeEngine.js:252:44)
  at eval (sandbox.js:13:18)
  at async run (C:\Users\barua\OneDrive\Desktop\Gadify-Backend\node_modules\@jsreport\jsreport-core\lib\worker\sandbox\createSandbox.js:132:18)
  at async WorkerReporter.runInSandbox [as _runInSandbox] (C:\Users\barua\OneDrive\Desktop\Gadify-Backend\node_modules\@jsreport\jsreport-core\lib\worker\sandbox\runInSandbox.js:214:14)
  at async executeEngine (C:\Users\barua\OneDrive\Desktop\Gadify-Backend\node_modules\@jsreport\jsreport-core\lib\worker\render\executeEngine.js:354:16)
  at async engine.engine (C:\Users\barua\OneDrive\Desktop\Gadify-Backend\node_modules\@jsreport\jsreport-core\lib\worker\render\executeEngine.js:162:14)
wrapped by:
Error: Error when evaluating engine handlebars for template /gadify_checklist/gadify_checklist_template
(because) each doesn't match if - 86:27
  at module.exports (C:\Users\barua\OneDrive\Desktop\Gadify-Backend\node_modules\@jsreport\jsreport-core\lib\shared\createError.js:10:13)
  at WorkerReporter.createError (C:\Users\barua\OneDrive\Desktop\Gadify-Backend\node_modules\@jsreport\jsreport-core\lib\shared\reporter.js:53:12)
  at executeEngine (C:\Users\barua\OneDrive\Desktop\Gadify-Backend\node_modules\@jsreport\jsreport-core\lib\worker\render\executeEngine.js:377:35)
  at async engine.engine (C:\Users\barua\OneDrive\Desktop\Gadify-Backend\node_modules\@jsreport\jsreport-core\lib\worker\render\executeEngine.js:162:14)
  at async invokeRender (C:\Users\barua\OneDrive\Desktop\Gadify-Backend\node_modules\@jsreport\jsreport-core\lib\worker\render\render.js:61:23)
  at async WorkerReporter._render (C:\Users\barua\OneDrive\Desktop\Gadify-Backend\node_modules\@jsreport\jsreport-core\lib\worker\render\render.js:148:7)
  at async C:\Users\barua\OneDrive\Desktop\Gadify-Backend\node_modules\@jsreport\jsreport-core\lib\worker\reporter.js:232:24
  at async processAndResponse (C:\Users\barua\OneDrive\Desktop\Gadify-Backend\node_modules\@jsreport\advanced-workers\lib\workerHandler.js:41:17) rootId=glccvq2ktjbyqdx, id=glccvq2ktjbyqdx
2025-03-12T12:11:47.796Z - warn: Rendering request 28 finished with error in 15 ms rootId=glccvq2ktjbyqdx, id=glccvq2ktjbyqdx
2025-03-12T12:11:57.794Z - debug: OData update on templates
2025-03-12T12:11:57.809Z - debug: OData query on templates
2025-03-12T12:12:03.089Z - info: Render request 29 queued for execution and waiting for available worker rootId=y2m78la2jlc02z0, id=y2m78la2jlc02z0
2025-03-12T12:12:03.091Z - info: Starting rendering request 29 rootId=y2m78la2jlc02z0, id=y2m78la2jlc02z0
2025-03-12T12:12:03.091Z - info: Rendering template { name: gadify_checklist_template, recipe: chrome-pdf, engine: handlebars, preview: true } rootId=y2m78la2jlc02z0, id=y2m78la2jlc02z0
2025-03-12T12:12:03.091Z - debug: Inline data specified. rootId=y2m78la2jlc02z0, id=y2m78la2jlc02z0
2025-03-12T12:12:03.092Z - debug: Base url not specified, skipping its injection. rootId=y2m78la2jlc02z0, id=y2m78la2jlc02z0
2025-03-12T12:12:03.093Z - debug: Rendering engine handlebars rootId=y2m78la2jlc02z0, id=y2m78la2jlc02z0
2025-03-12T12:12:03.100Z - debug: Executing recipe chrome-pdf rootId=y2m78la2jlc02z0, id=y2m78la2jlc02z0
2025-03-12T12:12:03.102Z - debug: Converting with chrome Chrome/133.0.6943.126 using chrome-pool strategy rootId=y2m78la2jlc02z0, id=y2m78la2jlc02z0
2025-03-12T12:12:03.146Z - debug: Page request: GET (document) file:///C:/Users/barua/AppData/Local/Temp/jsreport/autocleanup/ed68eaff-314b-4e98-bb76-5ac699c2ecdd-chrome-pdf.html rootId=y2m78la2jlc02z0, id=y2m78la2jlc02z0
2025-03-12T12:12:03.173Z - debug: Page request finished: GET (document) 200 file:///C:/Users/barua/AppData/Local/Temp/jsreport/autocleanup/ed68eaff-314b-4e98-bb76-5ac699c2ecdd-chrome-pdf.html rootId=y2m78la2jlc02z0, id=y2m78la2jlc02z0
2025-03-12T12:12:03.197Z - debug: Running chrome with params {"printBackground":true,"timeout":59986,"margin":{}} rootId=y2m78la2jlc02z0, id=y2m78la2jlc02z0
2025-03-12T12:12:03.484Z - debug: Skipping storing report. rootId=y2m78la2jlc02z0, id=y2m78la2jlc02z0
2025-03-12T12:12:03.484Z - info: Rendering request 29 finished in 396 ms rootId=y2m78la2jlc02z0, id=y2m78la2jlc02z0
2025-03-12T12:12:56.823Z - info: Render request 30 queued for execution and waiting for available worker rootId=pvkr4tjmypik5q1, id=pvkr4tjmypik5q1
2025-03-12T12:12:56.826Z - info: Starting rendering request 30 rootId=pvkr4tjmypik5q1, id=pvkr4tjmypik5q1
2025-03-12T12:12:56.826Z - info: Rendering template { name: gadify_checklist_template, recipe: chrome-pdf, engine: handlebars, preview: true } rootId=pvkr4tjmypik5q1, id=pvkr4tjmypik5q1
2025-03-12T12:12:56.826Z - debug: Inline data specified. rootId=pvkr4tjmypik5q1, id=pvkr4tjmypik5q1
2025-03-12T12:12:56.828Z - debug: Base url not specified, skipping its injection. rootId=pvkr4tjmypik5q1, id=pvkr4tjmypik5q1
2025-03-12T12:12:56.828Z - debug: Rendering engine handlebars rootId=pvkr4tjmypik5q1, id=pvkr4tjmypik5q1
2025-03-12T12:12:56.839Z - warn: Error when processing render request 30
(because) error when evaluating engine handlebars for template /gadify_checklist/gadify_checklist_template
(because) missing helper: "endsWith"

(sandbox.js line 13:18)
Error: Missing helper: "endsWith"
  at Object.<anonymous> (C:\Users\barua\OneDrive\Desktop\Gadify-Backend\node_modules\handlebars\dist\cjs\handlebars\helpers\helper-missing.js:19:13)
  at Object.wrapper (C:\Users\barua\OneDrive\Desktop\Gadify-Backend\node_modules\handlebars\dist\cjs\handlebars\internal\wrapHelper.js:15:19)
  at 1 (eval at <anonymous> (eval at makeEvaluate (C:\Users\barua\OneDrive\Desktop\Gadify-Backend\node_modules\@jsreport\ses\index.js:6197:27)), <anonymous>:12:151)
  at prog (C:\Users\barua\OneDrive\Desktop\Gadify-Backend\node_modules\handlebars\dist\cjs\handlebars\runtime.js:268:12)
  at execIteration (C:\Users\barua\OneDrive\Desktop\Gadify-Backend\node_modules\handlebars\dist\cjs\handlebars\helpers\each.js:51:19)
  at Object.<anonymous> (C:\Users\barua\OneDrive\Desktop\Gadify-Backend\node_modules\handlebars\dist\cjs\handlebars\helpers\each.js:61:13)
  at Object.wrapper (C:\Users\barua\OneDrive\Desktop\Gadify-Backend\node_modules\handlebars\dist\cjs\handlebars\internal\wrapHelper.js:15:19)
  at Object.main (eval at <anonymous> (eval at makeEvaluate (C:\Users\barua\OneDrive\Desktop\Gadify-Backend\node_modules\@jsreport\ses\index.js:6197:27)), <anonymous>:59:49)
  at main (C:\Users\barua\OneDrive\Desktop\Gadify-Backend\node_modules\handlebars\dist\cjs\handlebars\runtime.js:208:32)
  at ret (C:\Users\barua\OneDrive\Desktop\Gadify-Backend\node_modules\handlebars\dist\cjs\handlebars\runtime.js:212:12)
  at Object.execute (C:\Users\barua\OneDrive\Desktop\Gadify-Backend\node_modules\@jsreport\jsreport-handlebars\lib\handlebarsEngine.js:80:14)
  at Object.execute (C:\Users\barua\OneDrive\Desktop\Gadify-Backend\node_modules\@jsreport\jsreport-handlebars\lib\worker.js:27:43)
  at executionFn (C:\Users\barua\OneDrive\Desktop\Gadify-Backend\node_modules\@jsreport\jsreport-core\lib\worker\render\executeEngine.js:273:42)
  at eval (sandbox.js:13:18)
  at async run (C:\Users\barua\OneDrive\Desktop\Gadify-Backend\node_modules\@jsreport\jsreport-core\lib\worker\sandbox\createSandbox.js:132:18)
  at async WorkerReporter.runInSandbox [as _runInSandbox] (C:\Users\barua\OneDrive\Desktop\Gadify-Backend\node_modules\@jsreport\jsreport-core\lib\worker\sandbox\runInSandbox.js:214:14)
wrapped by:
Error: Error when evaluating engine handlebars for template /gadify_checklist/gadify_checklist_template
(because) missing helper: "endsWith"
  at module.exports (C:\Users\barua\OneDrive\Desktop\Gadify-Backend\node_modules\@jsreport\jsreport-core\lib\shared\createError.js:10:13)
  at WorkerReporter.createError (C:\Users\barua\OneDrive\Desktop\Gadify-Backend\node_modules\@jsreport\jsreport-core\lib\shared\reporter.js:53:12)
  at executeEngine (C:\Users\barua\OneDrive\Desktop\Gadify-Backend\node_modules\@jsreport\jsreport-core\lib\worker\render\executeEngine.js:377:35)
  at async engine.engine (C:\Users\barua\OneDrive\Desktop\Gadify-Backend\node_modules\@jsreport\jsreport-core\lib\worker\render\executeEngine.js:162:14)
  at async invokeRender (C:\Users\barua\OneDrive\Desktop\Gadify-Backend\node_modules\@jsreport\jsreport-core\lib\worker\render\render.js:61:23)
  at async WorkerReporter._render (C:\Users\barua\OneDrive\Desktop\Gadify-Backend\node_modules\@jsreport\jsreport-core\lib\worker\render\render.js:148:7)
  at async C:\Users\barua\OneDrive\Desktop\Gadify-Backend\node_modules\@jsreport\jsreport-core\lib\worker\reporter.js:232:24
  at async processAndResponse (C:\Users\barua\OneDrive\Desktop\Gadify-Backend\node_modules\@jsreport\advanced-workers\lib\workerHandler.js:41:17) rootId=pvkr4tjmypik5q1, id=pvkr4tjmypik5q1
2025-03-12T12:12:56.839Z - warn: Rendering request 30 finished with error in 24 ms rootId=pvkr4tjmypik5q1, id=pvkr4tjmypik5q1
2025-03-12T12:12:57.447Z - info: Render request 31 queued for execution and waiting for available worker rootId=hs5gqufge7g43wi, id=hs5gqufge7g43wi
2025-03-12T12:12:57.449Z - info: Starting rendering request 31 rootId=hs5gqufge7g43wi, id=hs5gqufge7g43wi
2025-03-12T12:12:57.449Z - info: Rendering template { name: gadify_checklist_template, recipe: chrome-pdf, engine: handlebars, preview: true } rootId=hs5gqufge7g43wi, id=hs5gqufge7g43wi
2025-03-12T12:12:57.450Z - debug: Inline data specified. rootId=hs5gqufge7g43wi, id=hs5gqufge7g43wi
2025-03-12T12:12:57.451Z - debug: Base url not specified, skipping its injection. rootId=hs5gqufge7g43wi, id=hs5gqufge7g43wi
2025-03-12T12:12:57.452Z - debug: Rendering engine handlebars rootId=hs5gqufge7g43wi, id=hs5gqufge7g43wi
2025-03-12T12:12:57.465Z - warn: Error when processing render request 31
(because) error when evaluating engine handlebars for template /gadify_checklist/gadify_checklist_template
(because) missing helper: "endsWith"

(sandbox.js line 13:18)
Error: Missing helper: "endsWith"
  at Object.<anonymous> (C:\Users\barua\OneDrive\Desktop\Gadify-Backend\node_modules\handlebars\dist\cjs\handlebars\helpers\helper-missing.js:19:13)
  at Object.wrapper (C:\Users\barua\OneDrive\Desktop\Gadify-Backend\node_modules\handlebars\dist\cjs\handlebars\internal\wrapHelper.js:15:19)
  at 1 (eval at <anonymous> (eval at makeEvaluate (C:\Users\barua\OneDrive\Desktop\Gadify-Backend\node_modules\@jsreport\ses\index.js:6197:27)), <anonymous>:12:151)
  at prog (C:\Users\barua\OneDrive\Desktop\Gadify-Backend\node_modules\handlebars\dist\cjs\handlebars\runtime.js:268:12)
  at execIteration (C:\Users\barua\OneDrive\Desktop\Gadify-Backend\node_modules\handlebars\dist\cjs\handlebars\helpers\each.js:51:19)
  at Object.<anonymous> (C:\Users\barua\OneDrive\Desktop\Gadify-Backend\node_modules\handlebars\dist\cjs\handlebars\helpers\each.js:61:13)
  at Object.wrapper (C:\Users\barua\OneDrive\Desktop\Gadify-Backend\node_modules\handlebars\dist\cjs\handlebars\internal\wrapHelper.js:15:19)
  at Object.main (eval at <anonymous> (eval at makeEvaluate (C:\Users\barua\OneDrive\Desktop\Gadify-Backend\node_modules\@jsreport\ses\index.js:6197:27)), <anonymous>:59:49)
  at main (C:\Users\barua\OneDrive\Desktop\Gadify-Backend\node_modules\handlebars\dist\cjs\handlebars\runtime.js:208:32)
  at ret (C:\Users\barua\OneDrive\Desktop\Gadify-Backend\node_modules\handlebars\dist\cjs\handlebars\runtime.js:212:12)
  at Object.execute (C:\Users\barua\OneDrive\Desktop\Gadify-Backend\node_modules\@jsreport\jsreport-handlebars\lib\handlebarsEngine.js:80:14)
  at Object.execute (C:\Users\barua\OneDrive\Desktop\Gadify-Backend\node_modules\@jsreport\jsreport-handlebars\lib\worker.js:27:43)
  at executionFn (C:\Users\barua\OneDrive\Desktop\Gadify-Backend\node_modules\@jsreport\jsreport-core\lib\worker\render\executeEngine.js:273:42)
  at eval (sandbox.js:13:18)
  at async run (C:\Users\barua\OneDrive\Desktop\Gadify-Backend\node_modules\@jsreport\jsreport-core\lib\worker\sandbox\createSandbox.js:132:18)
  at async WorkerReporter.runInSandbox [as _runInSandbox] (C:\Users\barua\OneDrive\Desktop\Gadify-Backend\node_modules\@jsreport\jsreport-core\lib\worker\sandbox\runInSandbox.js:214:14)
wrapped by:
Error: Error when evaluating engine handlebars for template /gadify_checklist/gadify_checklist_template
(because) missing helper: "endsWith"
  at module.exports (C:\Users\barua\OneDrive\Desktop\Gadify-Backend\node_modules\@jsreport\jsreport-core\lib\shared\createError.js:10:13)
  at WorkerReporter.createError (C:\Users\barua\OneDrive\Desktop\Gadify-Backend\node_modules\@jsreport\jsreport-core\lib\shared\reporter.js:53:12)
  at executeEngine (C:\Users\barua\OneDrive\Desktop\Gadify-Backend\node_modules\@jsreport\jsreport-core\lib\worker\render\executeEngine.js:377:35)
  at async engine.engine (C:\Users\barua\OneDrive\Desktop\Gadify-Backend\node_modules\@jsreport\jsreport-core\lib\worker\render\executeEngine.js:162:14)
  at async invokeRender (C:\Users\barua\OneDrive\Desktop\Gadify-Backend\node_modules\@jsreport\jsreport-core\lib\worker\render\render.js:61:23)
  at async WorkerReporter._render (C:\Users\barua\OneDrive\Desktop\Gadify-Backend\node_modules\@jsreport\jsreport-core\lib\worker\render\render.js:148:7)
  at async C:\Users\barua\OneDrive\Desktop\Gadify-Backend\node_modules\@jsreport\jsreport-core\lib\worker\reporter.js:232:24
  at async processAndResponse (C:\Users\barua\OneDrive\Desktop\Gadify-Backend\node_modules\@jsreport\advanced-workers\lib\workerHandler.js:41:17) rootId=hs5gqufge7g43wi, id=hs5gqufge7g43wi
2025-03-12T12:12:57.465Z - warn: Rendering request 31 finished with error in 19 ms rootId=hs5gqufge7g43wi, id=hs5gqufge7g43wi
2025-03-12T12:13:26.520Z - debug: OData update on templates
2025-03-12T12:13:26.525Z - debug: OData query on templates
2025-03-12T12:15:14.811Z - debug: OData insert into scripts
2025-03-12T12:15:32.267Z - debug: OData update on scripts
2025-03-12T12:15:32.274Z - debug: OData query on scripts
2025-03-12T12:15:41.709Z - info: Render request 32 queued for execution and waiting for available worker rootId=sdxi15j717a3ypf, id=sdxi15j717a3ypf
2025-03-12T12:15:41.712Z - info: Starting rendering request 32 rootId=sdxi15j717a3ypf, id=sdxi15j717a3ypf
2025-03-12T12:15:41.712Z - info: Rendering template { name: gadify_checklist_template, recipe: chrome-pdf, engine: handlebars, preview: true } rootId=sdxi15j717a3ypf, id=sdxi15j717a3ypf
2025-03-12T12:15:41.713Z - debug: Inline data specified. rootId=sdxi15j717a3ypf, id=sdxi15j717a3ypf
2025-03-12T12:15:41.715Z - debug: Executing script helper.js (beforeRender) rootId=sdxi15j717a3ypf, id=sdxi15j717a3ypf
2025-03-12T12:15:41.734Z - debug: Base url not specified, skipping its injection. rootId=sdxi15j717a3ypf, id=sdxi15j717a3ypf
2025-03-12T12:15:41.734Z - debug: Rendering engine handlebars rootId=sdxi15j717a3ypf, id=sdxi15j717a3ypf
2025-03-12T12:15:41.743Z - warn: Error when processing render request 32
(because) error when evaluating engine handlebars for template /gadify_checklist/gadify_checklist_template
(because) unexpected identifier 'Object'
SyntaxError: Unexpected identifier 'Object'
  at Object.eval (eval at makeEvaluate (C:\Users\barua\OneDrive\Desktop\Gadify-Backend\node_modules\@jsreport\ses\index.js:6197:27), <anonymous>:12:36)
  at safeEvaluate (C:\Users\barua\OneDrive\Desktop\Gadify-Backend\node_modules\@jsreport\ses\index.js:6296:14)
  at compartmentEvaluate (C:\Users\barua\OneDrive\Desktop\Gadify-Backend\node_modules\@jsreport\ses\index.js:8646:10)
  at Compartment.evaluate (C:\Users\barua\OneDrive\Desktop\Gadify-Backend\node_modules\@jsreport\ses\index.js:9429:12)
  at run (C:\Users\barua\OneDrive\Desktop\Gadify-Backend\node_modules\@jsreport\jsreport-core\lib\worker\sandbox\createSandbox.js:132:36)
  at WorkerReporter.runInSandbox [as _runInSandbox] (C:\Users\barua\OneDrive\Desktop\Gadify-Backend\node_modules\@jsreport\jsreport-core\lib\worker\sandbox\runInSandbox.js:214:20)
  at async executeEngine (C:\Users\barua\OneDrive\Desktop\Gadify-Backend\node_modules\@jsreport\jsreport-core\lib\worker\render\executeEngine.js:354:16)
  at async engine.engine (C:\Users\barua\OneDrive\Desktop\Gadify-Backend\node_modules\@jsreport\jsreport-core\lib\worker\render\executeEngine.js:162:14)
  at async invokeRender (C:\Users\barua\OneDrive\Desktop\Gadify-Backend\node_modules\@jsreport\jsreport-core\lib\worker\render\render.js:61:23)
  at async WorkerReporter._render (C:\Users\barua\OneDrive\Desktop\Gadify-Backend\node_modules\@jsreport\jsreport-core\lib\worker\render\render.js:148:7)
  at async C:\Users\barua\OneDrive\Desktop\Gadify-Backend\node_modules\@jsreport\jsreport-core\lib\worker\reporter.js:232:24
  at async processAndResponse (C:\Users\barua\OneDrive\Desktop\Gadify-Backend\node_modules\@jsreport\advanced-workers\lib\workerHandler.js:41:17)
wrapped by:
Error: Error when evaluating engine handlebars for template /gadify_checklist/gadify_checklist_template
(because) unexpected identifier 'Object'
  at module.exports (C:\Users\barua\OneDrive\Desktop\Gadify-Backend\node_modules\@jsreport\jsreport-core\lib\shared\createError.js:10:13)
  at WorkerReporter.createError (C:\Users\barua\OneDrive\Desktop\Gadify-Backend\node_modules\@jsreport\jsreport-core\lib\shared\reporter.js:53:12)
  at executeEngine (C:\Users\barua\OneDrive\Desktop\Gadify-Backend\node_modules\@jsreport\jsreport-core\lib\worker\render\executeEngine.js:377:35)
  at async engine.engine (C:\Users\barua\OneDrive\Desktop\Gadify-Backend\node_modules\@jsreport\jsreport-core\lib\worker\render\executeEngine.js:162:14)
  at async invokeRender (C:\Users\barua\OneDrive\Desktop\Gadify-Backend\node_modules\@jsreport\jsreport-core\lib\worker\render\render.js:61:23)
  at async WorkerReporter._render (C:\Users\barua\OneDrive\Desktop\Gadify-Backend\node_modules\@jsreport\jsreport-core\lib\worker\render\render.js:148:7)
  at async C:\Users\barua\OneDrive\Desktop\Gadify-Backend\node_modules\@jsreport\jsreport-core\lib\worker\reporter.js:232:24
  at async processAndResponse (C:\Users\barua\OneDrive\Desktop\Gadify-Backend\node_modules\@jsreport\advanced-workers\lib\workerHandler.js:41:17) rootId=sdxi15j717a3ypf, id=sdxi15j717a3ypf
2025-03-12T12:15:41.743Z - warn: Rendering request 32 finished with error in 35 ms rootId=sdxi15j717a3ypf, id=sdxi15j717a3ypf
2025-03-12T12:15:42.271Z - info: Render request 33 queued for execution and waiting for available worker rootId=1r3ao7h8xnakc94, id=1r3ao7h8xnakc94
2025-03-12T12:15:42.273Z - info: Starting rendering request 33 rootId=1r3ao7h8xnakc94, id=1r3ao7h8xnakc94
2025-03-12T12:15:42.273Z - info: Rendering template { name: gadify_checklist_template, recipe: chrome-pdf, engine: handlebars, preview: true } rootId=1r3ao7h8xnakc94, id=1r3ao7h8xnakc94
2025-03-12T12:15:42.274Z - debug: Inline data specified. rootId=1r3ao7h8xnakc94, id=1r3ao7h8xnakc94
2025-03-12T12:15:42.275Z - debug: Executing script helper.js (beforeRender) rootId=1r3ao7h8xnakc94, id=1r3ao7h8xnakc94
2025-03-12T12:15:42.297Z - debug: Base url not specified, skipping its injection. rootId=1r3ao7h8xnakc94, id=1r3ao7h8xnakc94
2025-03-12T12:15:42.297Z - debug: Rendering engine handlebars rootId=1r3ao7h8xnakc94, id=1r3ao7h8xnakc94
2025-03-12T12:15:42.304Z - warn: Error when processing render request 33
(because) error when evaluating engine handlebars for template /gadify_checklist/gadify_checklist_template
(because) unexpected identifier 'Object'
SyntaxError: Unexpected identifier 'Object'
  at Object.eval (eval at makeEvaluate (C:\Users\barua\OneDrive\Desktop\Gadify-Backend\node_modules\@jsreport\ses\index.js:6197:27), <anonymous>:12:36)
  at safeEvaluate (C:\Users\barua\OneDrive\Desktop\Gadify-Backend\node_modules\@jsreport\ses\index.js:6296:14)
  at compartmentEvaluate (C:\Users\barua\OneDrive\Desktop\Gadify-Backend\node_modules\@jsreport\ses\index.js:8646:10)
  at Compartment.evaluate (C:\Users\barua\OneDrive\Desktop\Gadify-Backend\node_modules\@jsreport\ses\index.js:9429:12)
  at run (C:\Users\barua\OneDrive\Desktop\Gadify-Backend\node_modules\@jsreport\jsreport-core\lib\worker\sandbox\createSandbox.js:132:36)
  at WorkerReporter.runInSandbox [as _runInSandbox] (C:\Users\barua\OneDrive\Desktop\Gadify-Backend\node_modules\@jsreport\jsreport-core\lib\worker\sandbox\runInSandbox.js:214:20)
  at async executeEngine (C:\Users\barua\OneDrive\Desktop\Gadify-Backend\node_modules\@jsreport\jsreport-core\lib\worker\render\executeEngine.js:354:16)
  at async engine.engine (C:\Users\barua\OneDrive\Desktop\Gadify-Backend\node_modules\@jsreport\jsreport-core\lib\worker\render\executeEngine.js:162:14)
  at async invokeRender (C:\Users\barua\OneDrive\Desktop\Gadify-Backend\node_modules\@jsreport\jsreport-core\lib\worker\render\render.js:61:23)
  at async WorkerReporter._render (C:\Users\barua\OneDrive\Desktop\Gadify-Backend\node_modules\@jsreport\jsreport-core\lib\worker\render\render.js:148:7)
  at async C:\Users\barua\OneDrive\Desktop\Gadify-Backend\node_modules\@jsreport\jsreport-core\lib\worker\reporter.js:232:24
  at async processAndResponse (C:\Users\barua\OneDrive\Desktop\Gadify-Backend\node_modules\@jsreport\advanced-workers\lib\workerHandler.js:41:17)
wrapped by:
Error: Error when evaluating engine handlebars for template /gadify_checklist/gadify_checklist_template
(because) unexpected identifier 'Object'
  at module.exports (C:\Users\barua\OneDrive\Desktop\Gadify-Backend\node_modules\@jsreport\jsreport-core\lib\shared\createError.js:10:13)
  at WorkerReporter.createError (C:\Users\barua\OneDrive\Desktop\Gadify-Backend\node_modules\@jsreport\jsreport-core\lib\shared\reporter.js:53:12)
  at executeEngine (C:\Users\barua\OneDrive\Desktop\Gadify-Backend\node_modules\@jsreport\jsreport-core\lib\worker\render\executeEngine.js:377:35)
  at async engine.engine (C:\Users\barua\OneDrive\Desktop\Gadify-Backend\node_modules\@jsreport\jsreport-core\lib\worker\render\executeEngine.js:162:14)
  at async invokeRender (C:\Users\barua\OneDrive\Desktop\Gadify-Backend\node_modules\@jsreport\jsreport-core\lib\worker\render\render.js:61:23)
  at async WorkerReporter._render (C:\Users\barua\OneDrive\Desktop\Gadify-Backend\node_modules\@jsreport\jsreport-core\lib\worker\render\render.js:148:7)
  at async C:\Users\barua\OneDrive\Desktop\Gadify-Backend\node_modules\@jsreport\jsreport-core\lib\worker\reporter.js:232:24
  at async processAndResponse (C:\Users\barua\OneDrive\Desktop\Gadify-Backend\node_modules\@jsreport\advanced-workers\lib\workerHandler.js:41:17) rootId=1r3ao7h8xnakc94, id=1r3ao7h8xnakc94
2025-03-12T12:15:42.304Z - warn: Rendering request 33 finished with error in 34 ms rootId=1r3ao7h8xnakc94, id=1r3ao7h8xnakc94
2025-03-12T12:15:42.497Z - info: Render request 34 queued for execution and waiting for available worker rootId=5qlz79qrvvzxuas, id=5qlz79qrvvzxuas
2025-03-12T12:15:42.499Z - info: Starting rendering request 34 rootId=5qlz79qrvvzxuas, id=5qlz79qrvvzxuas
2025-03-12T12:15:42.499Z - info: Rendering template { name: gadify_checklist_template, recipe: chrome-pdf, engine: handlebars, preview: true } rootId=5qlz79qrvvzxuas, id=5qlz79qrvvzxuas
2025-03-12T12:15:42.500Z - debug: Inline data specified. rootId=5qlz79qrvvzxuas, id=5qlz79qrvvzxuas
2025-03-12T12:15:42.501Z - debug: Executing script helper.js (beforeRender) rootId=5qlz79qrvvzxuas, id=5qlz79qrvvzxuas
2025-03-12T12:15:42.506Z - debug: Base url not specified, skipping its injection. rootId=5qlz79qrvvzxuas, id=5qlz79qrvvzxuas
2025-03-12T12:15:42.506Z - debug: Rendering engine handlebars rootId=5qlz79qrvvzxuas, id=5qlz79qrvvzxuas
2025-03-12T12:15:42.513Z - warn: Error when processing render request 34
(because) error when evaluating engine handlebars for template /gadify_checklist/gadify_checklist_template
(because) unexpected identifier 'Object'
SyntaxError: Unexpected identifier 'Object'
  at Object.eval (eval at makeEvaluate (C:\Users\barua\OneDrive\Desktop\Gadify-Backend\node_modules\@jsreport\ses\index.js:6197:27), <anonymous>:12:36)
  at safeEvaluate (C:\Users\barua\OneDrive\Desktop\Gadify-Backend\node_modules\@jsreport\ses\index.js:6296:14)
  at compartmentEvaluate (C:\Users\barua\OneDrive\Desktop\Gadify-Backend\node_modules\@jsreport\ses\index.js:8646:10)
  at Compartment.evaluate (C:\Users\barua\OneDrive\Desktop\Gadify-Backend\node_modules\@jsreport\ses\index.js:9429:12)
  at run (C:\Users\barua\OneDrive\Desktop\Gadify-Backend\node_modules\@jsreport\jsreport-core\lib\worker\sandbox\createSandbox.js:132:36)
  at WorkerReporter.runInSandbox [as _runInSandbox] (C:\Users\barua\OneDrive\Desktop\Gadify-Backend\node_modules\@jsreport\jsreport-core\lib\worker\sandbox\runInSandbox.js:214:20)
  at async executeEngine (C:\Users\barua\OneDrive\Desktop\Gadify-Backend\node_modules\@jsreport\jsreport-core\lib\worker\render\executeEngine.js:354:16)
  at async engine.engine (C:\Users\barua\OneDrive\Desktop\Gadify-Backend\node_modules\@jsreport\jsreport-core\lib\worker\render\executeEngine.js:162:14)
  at async invokeRender (C:\Users\barua\OneDrive\Desktop\Gadify-Backend\node_modules\@jsreport\jsreport-core\lib\worker\render\render.js:61:23)
  at async WorkerReporter._render (C:\Users\barua\OneDrive\Desktop\Gadify-Backend\node_modules\@jsreport\jsreport-core\lib\worker\render\render.js:148:7)
  at async C:\Users\barua\OneDrive\Desktop\Gadify-Backend\node_modules\@jsreport\jsreport-core\lib\worker\reporter.js:232:24
  at async processAndResponse (C:\Users\barua\OneDrive\Desktop\Gadify-Backend\node_modules\@jsreport\advanced-workers\lib\workerHandler.js:41:17)
wrapped by:
Error: Error when evaluating engine handlebars for template /gadify_checklist/gadify_checklist_template
(because) unexpected identifier 'Object'
  at module.exports (C:\Users\barua\OneDrive\Desktop\Gadify-Backend\node_modules\@jsreport\jsreport-core\lib\shared\createError.js:10:13)
  at WorkerReporter.createError (C:\Users\barua\OneDrive\Desktop\Gadify-Backend\node_modules\@jsreport\jsreport-core\lib\shared\reporter.js:53:12)
  at executeEngine (C:\Users\barua\OneDrive\Desktop\Gadify-Backend\node_modules\@jsreport\jsreport-core\lib\worker\render\executeEngine.js:377:35)
  at async engine.engine (C:\Users\barua\OneDrive\Desktop\Gadify-Backend\node_modules\@jsreport\jsreport-core\lib\worker\render\executeEngine.js:162:14)
  at async invokeRender (C:\Users\barua\OneDrive\Desktop\Gadify-Backend\node_modules\@jsreport\jsreport-core\lib\worker\render\render.js:61:23)
  at async WorkerReporter._render (C:\Users\barua\OneDrive\Desktop\Gadify-Backend\node_modules\@jsreport\jsreport-core\lib\worker\render\render.js:148:7)
  at async C:\Users\barua\OneDrive\Desktop\Gadify-Backend\node_modules\@jsreport\jsreport-core\lib\worker\reporter.js:232:24
  at async processAndResponse (C:\Users\barua\OneDrive\Desktop\Gadify-Backend\node_modules\@jsreport\advanced-workers\lib\workerHandler.js:41:17) rootId=5qlz79qrvvzxuas, id=5qlz79qrvvzxuas
2025-03-12T12:15:42.513Z - warn: Rendering request 34 finished with error in 18 ms rootId=5qlz79qrvvzxuas, id=5qlz79qrvvzxuas
2025-03-12T12:15:42.678Z - info: Render request 35 queued for execution and waiting for available worker rootId=xrxhjebugjf843a, id=xrxhjebugjf843a
2025-03-12T12:15:42.684Z - info: Starting rendering request 35 rootId=xrxhjebugjf843a, id=xrxhjebugjf843a
2025-03-12T12:15:42.684Z - info: Rendering template { name: gadify_checklist_template, recipe: chrome-pdf, engine: handlebars, preview: true } rootId=xrxhjebugjf843a, id=xrxhjebugjf843a
2025-03-12T12:15:42.684Z - debug: Inline data specified. rootId=xrxhjebugjf843a, id=xrxhjebugjf843a
2025-03-12T12:15:42.687Z - debug: Executing script helper.js (beforeRender) rootId=xrxhjebugjf843a, id=xrxhjebugjf843a
2025-03-12T12:15:42.695Z - debug: Base url not specified, skipping its injection. rootId=xrxhjebugjf843a, id=xrxhjebugjf843a
2025-03-12T12:15:42.696Z - debug: Rendering engine handlebars rootId=xrxhjebugjf843a, id=xrxhjebugjf843a
2025-03-12T12:15:42.703Z - warn: Error when processing render request 35
(because) error when evaluating engine handlebars for template /gadify_checklist/gadify_checklist_template
(because) unexpected identifier 'Object'
SyntaxError: Unexpected identifier 'Object'
  at Object.eval (eval at makeEvaluate (C:\Users\barua\OneDrive\Desktop\Gadify-Backend\node_modules\@jsreport\ses\index.js:6197:27), <anonymous>:12:36)
  at safeEvaluate (C:\Users\barua\OneDrive\Desktop\Gadify-Backend\node_modules\@jsreport\ses\index.js:6296:14)
  at compartmentEvaluate (C:\Users\barua\OneDrive\Desktop\Gadify-Backend\node_modules\@jsreport\ses\index.js:8646:10)
  at Compartment.evaluate (C:\Users\barua\OneDrive\Desktop\Gadify-Backend\node_modules\@jsreport\ses\index.js:9429:12)
  at run (C:\Users\barua\OneDrive\Desktop\Gadify-Backend\node_modules\@jsreport\jsreport-core\lib\worker\sandbox\createSandbox.js:132:36)
  at WorkerReporter.runInSandbox [as _runInSandbox] (C:\Users\barua\OneDrive\Desktop\Gadify-Backend\node_modules\@jsreport\jsreport-core\lib\worker\sandbox\runInSandbox.js:214:20)
  at async executeEngine (C:\Users\barua\OneDrive\Desktop\Gadify-Backend\node_modules\@jsreport\jsreport-core\lib\worker\render\executeEngine.js:354:16)
  at async engine.engine (C:\Users\barua\OneDrive\Desktop\Gadify-Backend\node_modules\@jsreport\jsreport-core\lib\worker\render\executeEngine.js:162:14)
  at async invokeRender (C:\Users\barua\OneDrive\Desktop\Gadify-Backend\node_modules\@jsreport\jsreport-core\lib\worker\render\render.js:61:23)
  at async WorkerReporter._render (C:\Users\barua\OneDrive\Desktop\Gadify-Backend\node_modules\@jsreport\jsreport-core\lib\worker\render\render.js:148:7)
  at async C:\Users\barua\OneDrive\Desktop\Gadify-Backend\node_modules\@jsreport\jsreport-core\lib\worker\reporter.js:232:24
  at async processAndResponse (C:\Users\barua\OneDrive\Desktop\Gadify-Backend\node_modules\@jsreport\advanced-workers\lib\workerHandler.js:41:17)
wrapped by:
Error: Error when evaluating engine handlebars for template /gadify_checklist/gadify_checklist_template
(because) unexpected identifier 'Object'
  at module.exports (C:\Users\barua\OneDrive\Desktop\Gadify-Backend\node_modules\@jsreport\jsreport-core\lib\shared\createError.js:10:13)
  at WorkerReporter.createError (C:\Users\barua\OneDrive\Desktop\Gadify-Backend\node_modules\@jsreport\jsreport-core\lib\shared\reporter.js:53:12)
  at executeEngine (C:\Users\barua\OneDrive\Desktop\Gadify-Backend\node_modules\@jsreport\jsreport-core\lib\worker\render\executeEngine.js:377:35)
  at async engine.engine (C:\Users\barua\OneDrive\Desktop\Gadify-Backend\node_modules\@jsreport\jsreport-core\lib\worker\render\executeEngine.js:162:14)
  at async invokeRender (C:\Users\barua\OneDrive\Desktop\Gadify-Backend\node_modules\@jsreport\jsreport-core\lib\worker\render\render.js:61:23)
  at async WorkerReporter._render (C:\Users\barua\OneDrive\Desktop\Gadify-Backend\node_modules\@jsreport\jsreport-core\lib\worker\render\render.js:148:7)
  at async C:\Users\barua\OneDrive\Desktop\Gadify-Backend\node_modules\@jsreport\jsreport-core\lib\worker\reporter.js:232:24
  at async processAndResponse (C:\Users\barua\OneDrive\Desktop\Gadify-Backend\node_modules\@jsreport\advanced-workers\lib\workerHandler.js:41:17) rootId=xrxhjebugjf843a, id=xrxhjebugjf843a
2025-03-12T12:15:42.703Z - warn: Rendering request 35 finished with error in 31 ms rootId=xrxhjebugjf843a, id=xrxhjebugjf843a
2025-03-12T12:15:45.487Z - info: Render request 36 queued for execution and waiting for available worker rootId=ogn3wqq2kpqa6bn, id=ogn3wqq2kpqa6bn
2025-03-12T12:15:45.489Z - info: Starting rendering request 36 rootId=ogn3wqq2kpqa6bn, id=ogn3wqq2kpqa6bn
2025-03-12T12:15:45.489Z - info: Rendering template { name: gadify_checklist_template, recipe: chrome-pdf, engine: handlebars, preview: true } rootId=ogn3wqq2kpqa6bn, id=ogn3wqq2kpqa6bn
2025-03-12T12:15:45.490Z - debug: Inline data specified. rootId=ogn3wqq2kpqa6bn, id=ogn3wqq2kpqa6bn
2025-03-12T12:15:45.491Z - debug: Executing script helper.js (beforeRender) rootId=ogn3wqq2kpqa6bn, id=ogn3wqq2kpqa6bn
2025-03-12T12:15:45.498Z - debug: Base url not specified, skipping its injection. rootId=ogn3wqq2kpqa6bn, id=ogn3wqq2kpqa6bn
2025-03-12T12:15:45.498Z - debug: Rendering engine handlebars rootId=ogn3wqq2kpqa6bn, id=ogn3wqq2kpqa6bn
2025-03-12T12:15:45.509Z - warn: Error when processing render request 36
(because) error when evaluating engine handlebars for template /gadify_checklist/gadify_checklist_template
(because) unexpected identifier 'Object'
SyntaxError: Unexpected identifier 'Object'
  at Object.eval (eval at makeEvaluate (C:\Users\barua\OneDrive\Desktop\Gadify-Backend\node_modules\@jsreport\ses\index.js:6197:27), <anonymous>:12:36)
  at safeEvaluate (C:\Users\barua\OneDrive\Desktop\Gadify-Backend\node_modules\@jsreport\ses\index.js:6296:14)
  at compartmentEvaluate (C:\Users\barua\OneDrive\Desktop\Gadify-Backend\node_modules\@jsreport\ses\index.js:8646:10)
  at Compartment.evaluate (C:\Users\barua\OneDrive\Desktop\Gadify-Backend\node_modules\@jsreport\ses\index.js:9429:12)
  at run (C:\Users\barua\OneDrive\Desktop\Gadify-Backend\node_modules\@jsreport\jsreport-core\lib\worker\sandbox\createSandbox.js:132:36)
  at WorkerReporter.runInSandbox [as _runInSandbox] (C:\Users\barua\OneDrive\Desktop\Gadify-Backend\node_modules\@jsreport\jsreport-core\lib\worker\sandbox\runInSandbox.js:214:20)
  at async executeEngine (C:\Users\barua\OneDrive\Desktop\Gadify-Backend\node_modules\@jsreport\jsreport-core\lib\worker\render\executeEngine.js:354:16)
  at async engine.engine (C:\Users\barua\OneDrive\Desktop\Gadify-Backend\node_modules\@jsreport\jsreport-core\lib\worker\render\executeEngine.js:162:14)
  at async invokeRender (C:\Users\barua\OneDrive\Desktop\Gadify-Backend\node_modules\@jsreport\jsreport-core\lib\worker\render\render.js:61:23)
  at async WorkerReporter._render (C:\Users\barua\OneDrive\Desktop\Gadify-Backend\node_modules\@jsreport\jsreport-core\lib\worker\render\render.js:148:7)
  at async C:\Users\barua\OneDrive\Desktop\Gadify-Backend\node_modules\@jsreport\jsreport-core\lib\worker\reporter.js:232:24
  at async processAndResponse (C:\Users\barua\OneDrive\Desktop\Gadify-Backend\node_modules\@jsreport\advanced-workers\lib\workerHandler.js:41:17)
wrapped by:
Error: Error when evaluating engine handlebars for template /gadify_checklist/gadify_checklist_template
(because) unexpected identifier 'Object'
  at module.exports (C:\Users\barua\OneDrive\Desktop\Gadify-Backend\node_modules\@jsreport\jsreport-core\lib\shared\createError.js:10:13)
  at WorkerReporter.createError (C:\Users\barua\OneDrive\Desktop\Gadify-Backend\node_modules\@jsreport\jsreport-core\lib\shared\reporter.js:53:12)
  at executeEngine (C:\Users\barua\OneDrive\Desktop\Gadify-Backend\node_modules\@jsreport\jsreport-core\lib\worker\render\executeEngine.js:377:35)
  at async engine.engine (C:\Users\barua\OneDrive\Desktop\Gadify-Backend\node_modules\@jsreport\jsreport-core\lib\worker\render\executeEngine.js:162:14)
  at async invokeRender (C:\Users\barua\OneDrive\Desktop\Gadify-Backend\node_modules\@jsreport\jsreport-core\lib\worker\render\render.js:61:23)
  at async WorkerReporter._render (C:\Users\barua\OneDrive\Desktop\Gadify-Backend\node_modules\@jsreport\jsreport-core\lib\worker\render\render.js:148:7)
  at async C:\Users\barua\OneDrive\Desktop\Gadify-Backend\node_modules\@jsreport\jsreport-core\lib\worker\reporter.js:232:24
  at async processAndResponse (C:\Users\barua\OneDrive\Desktop\Gadify-Backend\node_modules\@jsreport\advanced-workers\lib\workerHandler.js:41:17) rootId=ogn3wqq2kpqa6bn, id=ogn3wqq2kpqa6bn
2025-03-12T12:15:45.509Z - warn: Rendering request 36 finished with error in 23 ms rootId=ogn3wqq2kpqa6bn, id=ogn3wqq2kpqa6bn
2025-03-12T12:15:46.101Z - info: Render request 37 queued for execution and waiting for available worker rootId=jocoydwg8s3zwbt, id=jocoydwg8s3zwbt
2025-03-12T12:15:46.104Z - info: Starting rendering request 37 rootId=jocoydwg8s3zwbt, id=jocoydwg8s3zwbt
2025-03-12T12:15:46.104Z - info: Rendering template { name: gadify_checklist_template, recipe: chrome-pdf, engine: handlebars, preview: true } rootId=jocoydwg8s3zwbt, id=jocoydwg8s3zwbt
2025-03-12T12:15:46.104Z - debug: Inline data specified. rootId=jocoydwg8s3zwbt, id=jocoydwg8s3zwbt
2025-03-12T12:15:46.105Z - debug: Executing script helper.js (beforeRender) rootId=jocoydwg8s3zwbt, id=jocoydwg8s3zwbt
2025-03-12T12:15:46.111Z - debug: Base url not specified, skipping its injection. rootId=jocoydwg8s3zwbt, id=jocoydwg8s3zwbt
2025-03-12T12:15:46.111Z - debug: Rendering engine handlebars rootId=jocoydwg8s3zwbt, id=jocoydwg8s3zwbt
2025-03-12T12:15:46.117Z - warn: Error when processing render request 37
(because) error when evaluating engine handlebars for template /gadify_checklist/gadify_checklist_template
(because) unexpected identifier 'Object'
SyntaxError: Unexpected identifier 'Object'
  at Object.eval (eval at makeEvaluate (C:\Users\barua\OneDrive\Desktop\Gadify-Backend\node_modules\@jsreport\ses\index.js:6197:27), <anonymous>:12:36)
  at safeEvaluate (C:\Users\barua\OneDrive\Desktop\Gadify-Backend\node_modules\@jsreport\ses\index.js:6296:14)
  at compartmentEvaluate (C:\Users\barua\OneDrive\Desktop\Gadify-Backend\node_modules\@jsreport\ses\index.js:8646:10)
  at Compartment.evaluate (C:\Users\barua\OneDrive\Desktop\Gadify-Backend\node_modules\@jsreport\ses\index.js:9429:12)
  at run (C:\Users\barua\OneDrive\Desktop\Gadify-Backend\node_modules\@jsreport\jsreport-core\lib\worker\sandbox\createSandbox.js:132:36)
  at WorkerReporter.runInSandbox [as _runInSandbox] (C:\Users\barua\OneDrive\Desktop\Gadify-Backend\node_modules\@jsreport\jsreport-core\lib\worker\sandbox\runInSandbox.js:214:20)
  at async executeEngine (C:\Users\barua\OneDrive\Desktop\Gadify-Backend\node_modules\@jsreport\jsreport-core\lib\worker\render\executeEngine.js:354:16)
  at async engine.engine (C:\Users\barua\OneDrive\Desktop\Gadify-Backend\node_modules\@jsreport\jsreport-core\lib\worker\render\executeEngine.js:162:14)
  at async invokeRender (C:\Users\barua\OneDrive\Desktop\Gadify-Backend\node_modules\@jsreport\jsreport-core\lib\worker\render\render.js:61:23)
  at async WorkerReporter._render (C:\Users\barua\OneDrive\Desktop\Gadify-Backend\node_modules\@jsreport\jsreport-core\lib\worker\render\render.js:148:7)
  at async C:\Users\barua\OneDrive\Desktop\Gadify-Backend\node_modules\@jsreport\jsreport-core\lib\worker\reporter.js:232:24
  at async processAndResponse (C:\Users\barua\OneDrive\Desktop\Gadify-Backend\node_modules\@jsreport\advanced-workers\lib\workerHandler.js:41:17)
wrapped by:
Error: Error when evaluating engine handlebars for template /gadify_checklist/gadify_checklist_template
(because) unexpected identifier 'Object'
  at module.exports (C:\Users\barua\OneDrive\Desktop\Gadify-Backend\node_modules\@jsreport\jsreport-core\lib\shared\createError.js:10:13)
  at WorkerReporter.createError (C:\Users\barua\OneDrive\Desktop\Gadify-Backend\node_modules\@jsreport\jsreport-core\lib\shared\reporter.js:53:12)
  at executeEngine (C:\Users\barua\OneDrive\Desktop\Gadify-Backend\node_modules\@jsreport\jsreport-core\lib\worker\render\executeEngine.js:377:35)
  at async engine.engine (C:\Users\barua\OneDrive\Desktop\Gadify-Backend\node_modules\@jsreport\jsreport-core\lib\worker\render\executeEngine.js:162:14)
  at async invokeRender (C:\Users\barua\OneDrive\Desktop\Gadify-Backend\node_modules\@jsreport\jsreport-core\lib\worker\render\render.js:61:23)
  at async WorkerReporter._render (C:\Users\barua\OneDrive\Desktop\Gadify-Backend\node_modules\@jsreport\jsreport-core\lib\worker\render\render.js:148:7)
  at async C:\Users\barua\OneDrive\Desktop\Gadify-Backend\node_modules\@jsreport\jsreport-core\lib\worker\reporter.js:232:24
  at async processAndResponse (C:\Users\barua\OneDrive\Desktop\Gadify-Backend\node_modules\@jsreport\advanced-workers\lib\workerHandler.js:41:17) rootId=jocoydwg8s3zwbt, id=jocoydwg8s3zwbt
2025-03-12T12:15:46.117Z - warn: Rendering request 37 finished with error in 17 ms rootId=jocoydwg8s3zwbt, id=jocoydwg8s3zwbt
2025-03-12T12:15:47.786Z - info: Render request 38 queued for execution and waiting for available worker rootId=bydsuakrs95mizg, id=bydsuakrs95mizg
2025-03-12T12:15:47.788Z - info: Starting rendering request 38 rootId=bydsuakrs95mizg, id=bydsuakrs95mizg
2025-03-12T12:15:47.788Z - info: Rendering template { name: gadify_checklist_template, recipe: chrome-pdf, engine: handlebars, preview: true } rootId=bydsuakrs95mizg, id=bydsuakrs95mizg
2025-03-12T12:15:47.789Z - debug: Inline data specified. rootId=bydsuakrs95mizg, id=bydsuakrs95mizg
2025-03-12T12:15:47.790Z - debug: Executing script helper.js (beforeRender) rootId=bydsuakrs95mizg, id=bydsuakrs95mizg
2025-03-12T12:15:47.795Z - debug: Base url not specified, skipping its injection. rootId=bydsuakrs95mizg, id=bydsuakrs95mizg
2025-03-12T12:15:47.796Z - debug: Rendering engine handlebars rootId=bydsuakrs95mizg, id=bydsuakrs95mizg
2025-03-12T12:15:47.803Z - warn: Error when processing render request 38
(because) error when evaluating engine handlebars for template /gadify_checklist/gadify_checklist_template
(because) unexpected identifier 'Object'
SyntaxError: Unexpected identifier 'Object'
  at Object.eval (eval at makeEvaluate (C:\Users\barua\OneDrive\Desktop\Gadify-Backend\node_modules\@jsreport\ses\index.js:6197:27), <anonymous>:12:36)
  at safeEvaluate (C:\Users\barua\OneDrive\Desktop\Gadify-Backend\node_modules\@jsreport\ses\index.js:6296:14)
  at compartmentEvaluate (C:\Users\barua\OneDrive\Desktop\Gadify-Backend\node_modules\@jsreport\ses\index.js:8646:10)
  at Compartment.evaluate (C:\Users\barua\OneDrive\Desktop\Gadify-Backend\node_modules\@jsreport\ses\index.js:9429:12)
  at run (C:\Users\barua\OneDrive\Desktop\Gadify-Backend\node_modules\@jsreport\jsreport-core\lib\worker\sandbox\createSandbox.js:132:36)
  at WorkerReporter.runInSandbox [as _runInSandbox] (C:\Users\barua\OneDrive\Desktop\Gadify-Backend\node_modules\@jsreport\jsreport-core\lib\worker\sandbox\runInSandbox.js:214:20)
  at async executeEngine (C:\Users\barua\OneDrive\Desktop\Gadify-Backend\node_modules\@jsreport\jsreport-core\lib\worker\render\executeEngine.js:354:16)
  at async engine.engine (C:\Users\barua\OneDrive\Desktop\Gadify-Backend\node_modules\@jsreport\jsreport-core\lib\worker\render\executeEngine.js:162:14)
  at async invokeRender (C:\Users\barua\OneDrive\Desktop\Gadify-Backend\node_modules\@jsreport\jsreport-core\lib\worker\render\render.js:61:23)
  at async WorkerReporter._render (C:\Users\barua\OneDrive\Desktop\Gadify-Backend\node_modules\@jsreport\jsreport-core\lib\worker\render\render.js:148:7)
  at async C:\Users\barua\OneDrive\Desktop\Gadify-Backend\node_modules\@jsreport\jsreport-core\lib\worker\reporter.js:232:24
  at async processAndResponse (C:\Users\barua\OneDrive\Desktop\Gadify-Backend\node_modules\@jsreport\advanced-workers\lib\workerHandler.js:41:17)
wrapped by:
Error: Error when evaluating engine handlebars for template /gadify_checklist/gadify_checklist_template
(because) unexpected identifier 'Object'
  at module.exports (C:\Users\barua\OneDrive\Desktop\Gadify-Backend\node_modules\@jsreport\jsreport-core\lib\shared\createError.js:10:13)
  at WorkerReporter.createError (C:\Users\barua\OneDrive\Desktop\Gadify-Backend\node_modules\@jsreport\jsreport-core\lib\shared\reporter.js:53:12)
  at executeEngine (C:\Users\barua\OneDrive\Desktop\Gadify-Backend\node_modules\@jsreport\jsreport-core\lib\worker\render\executeEngine.js:377:35)
  at async engine.engine (C:\Users\barua\OneDrive\Desktop\Gadify-Backend\node_modules\@jsreport\jsreport-core\lib\worker\render\executeEngine.js:162:14)
  at async invokeRender (C:\Users\barua\OneDrive\Desktop\Gadify-Backend\node_modules\@jsreport\jsreport-core\lib\worker\render\render.js:61:23)
  at async WorkerReporter._render (C:\Users\barua\OneDrive\Desktop\Gadify-Backend\node_modules\@jsreport\jsreport-core\lib\worker\render\render.js:148:7)
  at async C:\Users\barua\OneDrive\Desktop\Gadify-Backend\node_modules\@jsreport\jsreport-core\lib\worker\reporter.js:232:24
  at async processAndResponse (C:\Users\barua\OneDrive\Desktop\Gadify-Backend\node_modules\@jsreport\advanced-workers\lib\workerHandler.js:41:17) rootId=bydsuakrs95mizg, id=bydsuakrs95mizg
2025-03-12T12:15:47.803Z - warn: Rendering request 38 finished with error in 18 ms rootId=bydsuakrs95mizg, id=bydsuakrs95mizg
2025-03-12T12:15:48.282Z - info: Render request 39 queued for execution and waiting for available worker rootId=1btwj3uc9o861ga, id=1btwj3uc9o861ga
2025-03-12T12:15:48.284Z - info: Starting rendering request 39 rootId=1btwj3uc9o861ga, id=1btwj3uc9o861ga
2025-03-12T12:15:48.284Z - info: Rendering template { name: gadify_checklist_template, recipe: chrome-pdf, engine: handlebars, preview: true } rootId=1btwj3uc9o861ga, id=1btwj3uc9o861ga
2025-03-12T12:15:48.285Z - debug: Inline data specified. rootId=1btwj3uc9o861ga, id=1btwj3uc9o861ga
2025-03-12T12:15:48.286Z - debug: Executing script helper.js (beforeRender) rootId=1btwj3uc9o861ga, id=1btwj3uc9o861ga
2025-03-12T12:15:48.292Z - debug: Base url not specified, skipping its injection. rootId=1btwj3uc9o861ga, id=1btwj3uc9o861ga
2025-03-12T12:15:48.292Z - debug: Rendering engine handlebars rootId=1btwj3uc9o861ga, id=1btwj3uc9o861ga
2025-03-12T12:15:48.299Z - warn: Error when processing render request 39
(because) error when evaluating engine handlebars for template /gadify_checklist/gadify_checklist_template
(because) unexpected identifier 'Object'
SyntaxError: Unexpected identifier 'Object'
  at Object.eval (eval at makeEvaluate (C:\Users\barua\OneDrive\Desktop\Gadify-Backend\node_modules\@jsreport\ses\index.js:6197:27), <anonymous>:12:36)
  at safeEvaluate (C:\Users\barua\OneDrive\Desktop\Gadify-Backend\node_modules\@jsreport\ses\index.js:6296:14)
  at compartmentEvaluate (C:\Users\barua\OneDrive\Desktop\Gadify-Backend\node_modules\@jsreport\ses\index.js:8646:10)
  at Compartment.evaluate (C:\Users\barua\OneDrive\Desktop\Gadify-Backend\node_modules\@jsreport\ses\index.js:9429:12)
  at run (C:\Users\barua\OneDrive\Desktop\Gadify-Backend\node_modules\@jsreport\jsreport-core\lib\worker\sandbox\createSandbox.js:132:36)
  at WorkerReporter.runInSandbox [as _runInSandbox] (C:\Users\barua\OneDrive\Desktop\Gadify-Backend\node_modules\@jsreport\jsreport-core\lib\worker\sandbox\runInSandbox.js:214:20)
  at async executeEngine (C:\Users\barua\OneDrive\Desktop\Gadify-Backend\node_modules\@jsreport\jsreport-core\lib\worker\render\executeEngine.js:354:16)
  at async engine.engine (C:\Users\barua\OneDrive\Desktop\Gadify-Backend\node_modules\@jsreport\jsreport-core\lib\worker\render\executeEngine.js:162:14)
  at async invokeRender (C:\Users\barua\OneDrive\Desktop\Gadify-Backend\node_modules\@jsreport\jsreport-core\lib\worker\render\render.js:61:23)
  at async WorkerReporter._render (C:\Users\barua\OneDrive\Desktop\Gadify-Backend\node_modules\@jsreport\jsreport-core\lib\worker\render\render.js:148:7)
  at async C:\Users\barua\OneDrive\Desktop\Gadify-Backend\node_modules\@jsreport\jsreport-core\lib\worker\reporter.js:232:24
  at async processAndResponse (C:\Users\barua\OneDrive\Desktop\Gadify-Backend\node_modules\@jsreport\advanced-workers\lib\workerHandler.js:41:17)
wrapped by:
Error: Error when evaluating engine handlebars for template /gadify_checklist/gadify_checklist_template
(because) unexpected identifier 'Object'
  at module.exports (C:\Users\barua\OneDrive\Desktop\Gadify-Backend\node_modules\@jsreport\jsreport-core\lib\shared\createError.js:10:13)
  at WorkerReporter.createError (C:\Users\barua\OneDrive\Desktop\Gadify-Backend\node_modules\@jsreport\jsreport-core\lib\shared\reporter.js:53:12)
  at executeEngine (C:\Users\barua\OneDrive\Desktop\Gadify-Backend\node_modules\@jsreport\jsreport-core\lib\worker\render\executeEngine.js:377:35)
  at async engine.engine (C:\Users\barua\OneDrive\Desktop\Gadify-Backend\node_modules\@jsreport\jsreport-core\lib\worker\render\executeEngine.js:162:14)
  at async invokeRender (C:\Users\barua\OneDrive\Desktop\Gadify-Backend\node_modules\@jsreport\jsreport-core\lib\worker\render\render.js:61:23)
  at async WorkerReporter._render (C:\Users\barua\OneDrive\Desktop\Gadify-Backend\node_modules\@jsreport\jsreport-core\lib\worker\render\render.js:148:7)
  at async C:\Users\barua\OneDrive\Desktop\Gadify-Backend\node_modules\@jsreport\jsreport-core\lib\worker\reporter.js:232:24
  at async processAndResponse (C:\Users\barua\OneDrive\Desktop\Gadify-Backend\node_modules\@jsreport\advanced-workers\lib\workerHandler.js:41:17) rootId=1btwj3uc9o861ga, id=1btwj3uc9o861ga
2025-03-12T12:15:48.299Z - warn: Rendering request 39 finished with error in 18 ms rootId=1btwj3uc9o861ga, id=1btwj3uc9o861ga
2025-03-12T12:16:00.309Z - debug: OData update on templates
2025-03-12T12:16:00.315Z - debug: OData query on templates
2025-03-12T12:16:01.244Z - info: Render request 40 queued for execution and waiting for available worker rootId=f6tmli5a80e0fnz, id=f6tmli5a80e0fnz
2025-03-12T12:16:01.246Z - info: Starting rendering request 40 rootId=f6tmli5a80e0fnz, id=f6tmli5a80e0fnz
2025-03-12T12:16:01.246Z - info: Rendering template { name: gadify_checklist_template, recipe: chrome-pdf, engine: handlebars, preview: true } rootId=f6tmli5a80e0fnz, id=f6tmli5a80e0fnz
2025-03-12T12:16:01.247Z - debug: Inline data specified. rootId=f6tmli5a80e0fnz, id=f6tmli5a80e0fnz
2025-03-12T12:16:01.248Z - debug: Executing script helper.js (beforeRender) rootId=f6tmli5a80e0fnz, id=f6tmli5a80e0fnz
2025-03-12T12:16:01.253Z - debug: Base url not specified, skipping its injection. rootId=f6tmli5a80e0fnz, id=f6tmli5a80e0fnz
2025-03-12T12:16:01.253Z - debug: Rendering engine handlebars rootId=f6tmli5a80e0fnz, id=f6tmli5a80e0fnz
2025-03-12T12:16:01.260Z - warn: Error when processing render request 40
(because) error when evaluating engine handlebars for template /gadify_checklist/gadify_checklist_template
(because) unexpected identifier 'Object'
SyntaxError: Unexpected identifier 'Object'
  at Object.eval (eval at makeEvaluate (C:\Users\barua\OneDrive\Desktop\Gadify-Backend\node_modules\@jsreport\ses\index.js:6197:27), <anonymous>:12:36)
  at safeEvaluate (C:\Users\barua\OneDrive\Desktop\Gadify-Backend\node_modules\@jsreport\ses\index.js:6296:14)
  at compartmentEvaluate (C:\Users\barua\OneDrive\Desktop\Gadify-Backend\node_modules\@jsreport\ses\index.js:8646:10)
  at Compartment.evaluate (C:\Users\barua\OneDrive\Desktop\Gadify-Backend\node_modules\@jsreport\ses\index.js:9429:12)
  at run (C:\Users\barua\OneDrive\Desktop\Gadify-Backend\node_modules\@jsreport\jsreport-core\lib\worker\sandbox\createSandbox.js:132:36)
  at WorkerReporter.runInSandbox [as _runInSandbox] (C:\Users\barua\OneDrive\Desktop\Gadify-Backend\node_modules\@jsreport\jsreport-core\lib\worker\sandbox\runInSandbox.js:214:20)
  at async executeEngine (C:\Users\barua\OneDrive\Desktop\Gadify-Backend\node_modules\@jsreport\jsreport-core\lib\worker\render\executeEngine.js:354:16)
  at async engine.engine (C:\Users\barua\OneDrive\Desktop\Gadify-Backend\node_modules\@jsreport\jsreport-core\lib\worker\render\executeEngine.js:162:14)
  at async invokeRender (C:\Users\barua\OneDrive\Desktop\Gadify-Backend\node_modules\@jsreport\jsreport-core\lib\worker\render\render.js:61:23)
  at async WorkerReporter._render (C:\Users\barua\OneDrive\Desktop\Gadify-Backend\node_modules\@jsreport\jsreport-core\lib\worker\render\render.js:148:7)
  at async C:\Users\barua\OneDrive\Desktop\Gadify-Backend\node_modules\@jsreport\jsreport-core\lib\worker\reporter.js:232:24
  at async processAndResponse (C:\Users\barua\OneDrive\Desktop\Gadify-Backend\node_modules\@jsreport\advanced-workers\lib\workerHandler.js:41:17)
wrapped by:
Error: Error when evaluating engine handlebars for template /gadify_checklist/gadify_checklist_template
(because) unexpected identifier 'Object'
  at module.exports (C:\Users\barua\OneDrive\Desktop\Gadify-Backend\node_modules\@jsreport\jsreport-core\lib\shared\createError.js:10:13)
  at WorkerReporter.createError (C:\Users\barua\OneDrive\Desktop\Gadify-Backend\node_modules\@jsreport\jsreport-core\lib\shared\reporter.js:53:12)
  at executeEngine (C:\Users\barua\OneDrive\Desktop\Gadify-Backend\node_modules\@jsreport\jsreport-core\lib\worker\render\executeEngine.js:377:35)
  at async engine.engine (C:\Users\barua\OneDrive\Desktop\Gadify-Backend\node_modules\@jsreport\jsreport-core\lib\worker\render\executeEngine.js:162:14)
  at async invokeRender (C:\Users\barua\OneDrive\Desktop\Gadify-Backend\node_modules\@jsreport\jsreport-core\lib\worker\render\render.js:61:23)
  at async WorkerReporter._render (C:\Users\barua\OneDrive\Desktop\Gadify-Backend\node_modules\@jsreport\jsreport-core\lib\worker\render\render.js:148:7)
  at async C:\Users\barua\OneDrive\Desktop\Gadify-Backend\node_modules\@jsreport\jsreport-core\lib\worker\reporter.js:232:24
  at async processAndResponse (C:\Users\barua\OneDrive\Desktop\Gadify-Backend\node_modules\@jsreport\advanced-workers\lib\workerHandler.js:41:17) rootId=f6tmli5a80e0fnz, id=f6tmli5a80e0fnz
2025-03-12T12:16:01.260Z - warn: Rendering request 40 finished with error in 17 ms rootId=f6tmli5a80e0fnz, id=f6tmli5a80e0fnz
2025-03-12T12:16:01.747Z - info: Render request 41 queued for execution and waiting for available worker rootId=s7fphd1n6837t6j, id=s7fphd1n6837t6j
2025-03-12T12:16:01.749Z - info: Starting rendering request 41 rootId=s7fphd1n6837t6j, id=s7fphd1n6837t6j
2025-03-12T12:16:01.749Z - info: Rendering template { name: gadify_checklist_template, recipe: chrome-pdf, engine: handlebars, preview: true } rootId=s7fphd1n6837t6j, id=s7fphd1n6837t6j
2025-03-12T12:16:01.749Z - debug: Inline data specified. rootId=s7fphd1n6837t6j, id=s7fphd1n6837t6j
2025-03-12T12:16:01.750Z - debug: Executing script helper.js (beforeRender) rootId=s7fphd1n6837t6j, id=s7fphd1n6837t6j
2025-03-12T12:16:01.756Z - debug: Base url not specified, skipping its injection. rootId=s7fphd1n6837t6j, id=s7fphd1n6837t6j
2025-03-12T12:16:01.756Z - debug: Rendering engine handlebars rootId=s7fphd1n6837t6j, id=s7fphd1n6837t6j
2025-03-12T12:16:01.764Z - warn: Error when processing render request 41
(because) error when evaluating engine handlebars for template /gadify_checklist/gadify_checklist_template
(because) unexpected identifier 'Object'
SyntaxError: Unexpected identifier 'Object'
  at Object.eval (eval at makeEvaluate (C:\Users\barua\OneDrive\Desktop\Gadify-Backend\node_modules\@jsreport\ses\index.js:6197:27), <anonymous>:12:36)
  at safeEvaluate (C:\Users\barua\OneDrive\Desktop\Gadify-Backend\node_modules\@jsreport\ses\index.js:6296:14)
  at compartmentEvaluate (C:\Users\barua\OneDrive\Desktop\Gadify-Backend\node_modules\@jsreport\ses\index.js:8646:10)
  at Compartment.evaluate (C:\Users\barua\OneDrive\Desktop\Gadify-Backend\node_modules\@jsreport\ses\index.js:9429:12)
  at run (C:\Users\barua\OneDrive\Desktop\Gadify-Backend\node_modules\@jsreport\jsreport-core\lib\worker\sandbox\createSandbox.js:132:36)
  at WorkerReporter.runInSandbox [as _runInSandbox] (C:\Users\barua\OneDrive\Desktop\Gadify-Backend\node_modules\@jsreport\jsreport-core\lib\worker\sandbox\runInSandbox.js:214:20)
  at async executeEngine (C:\Users\barua\OneDrive\Desktop\Gadify-Backend\node_modules\@jsreport\jsreport-core\lib\worker\render\executeEngine.js:354:16)
  at async engine.engine (C:\Users\barua\OneDrive\Desktop\Gadify-Backend\node_modules\@jsreport\jsreport-core\lib\worker\render\executeEngine.js:162:14)
  at async invokeRender (C:\Users\barua\OneDrive\Desktop\Gadify-Backend\node_modules\@jsreport\jsreport-core\lib\worker\render\render.js:61:23)
  at async WorkerReporter._render (C:\Users\barua\OneDrive\Desktop\Gadify-Backend\node_modules\@jsreport\jsreport-core\lib\worker\render\render.js:148:7)
  at async C:\Users\barua\OneDrive\Desktop\Gadify-Backend\node_modules\@jsreport\jsreport-core\lib\worker\reporter.js:232:24
  at async processAndResponse (C:\Users\barua\OneDrive\Desktop\Gadify-Backend\node_modules\@jsreport\advanced-workers\lib\workerHandler.js:41:17)
wrapped by:
Error: Error when evaluating engine handlebars for template /gadify_checklist/gadify_checklist_template
(because) unexpected identifier 'Object'
  at module.exports (C:\Users\barua\OneDrive\Desktop\Gadify-Backend\node_modules\@jsreport\jsreport-core\lib\shared\createError.js:10:13)
  at WorkerReporter.createError (C:\Users\barua\OneDrive\Desktop\Gadify-Backend\node_modules\@jsreport\jsreport-core\lib\shared\reporter.js:53:12)
  at executeEngine (C:\Users\barua\OneDrive\Desktop\Gadify-Backend\node_modules\@jsreport\jsreport-core\lib\worker\render\executeEngine.js:377:35)
  at async engine.engine (C:\Users\barua\OneDrive\Desktop\Gadify-Backend\node_modules\@jsreport\jsreport-core\lib\worker\render\executeEngine.js:162:14)
  at async invokeRender (C:\Users\barua\OneDrive\Desktop\Gadify-Backend\node_modules\@jsreport\jsreport-core\lib\worker\render\render.js:61:23)
  at async WorkerReporter._render (C:\Users\barua\OneDrive\Desktop\Gadify-Backend\node_modules\@jsreport\jsreport-core\lib\worker\render\render.js:148:7)
  at async C:\Users\barua\OneDrive\Desktop\Gadify-Backend\node_modules\@jsreport\jsreport-core\lib\worker\reporter.js:232:24
  at async processAndResponse (C:\Users\barua\OneDrive\Desktop\Gadify-Backend\node_modules\@jsreport\advanced-workers\lib\workerHandler.js:41:17) rootId=s7fphd1n6837t6j, id=s7fphd1n6837t6j
2025-03-12T12:16:01.764Z - warn: Rendering request 41 finished with error in 19 ms rootId=s7fphd1n6837t6j, id=s7fphd1n6837t6j
2025-03-12T12:16:01.900Z - info: Render request 42 queued for execution and waiting for available worker rootId=dw4zp571yecbp2e, id=dw4zp571yecbp2e
2025-03-12T12:16:01.903Z - info: Starting rendering request 42 rootId=dw4zp571yecbp2e, id=dw4zp571yecbp2e
2025-03-12T12:16:01.903Z - info: Rendering template { name: gadify_checklist_template, recipe: chrome-pdf, engine: handlebars, preview: true } rootId=dw4zp571yecbp2e, id=dw4zp571yecbp2e
2025-03-12T12:16:01.904Z - debug: Inline data specified. rootId=dw4zp571yecbp2e, id=dw4zp571yecbp2e
2025-03-12T12:16:01.906Z - debug: Executing script helper.js (beforeRender) rootId=dw4zp571yecbp2e, id=dw4zp571yecbp2e
2025-03-12T12:16:01.911Z - debug: Base url not specified, skipping its injection. rootId=dw4zp571yecbp2e, id=dw4zp571yecbp2e
2025-03-12T12:16:01.911Z - debug: Rendering engine handlebars rootId=dw4zp571yecbp2e, id=dw4zp571yecbp2e
2025-03-12T12:16:01.918Z - warn: Error when processing render request 42
(because) error when evaluating engine handlebars for template /gadify_checklist/gadify_checklist_template
(because) unexpected identifier 'Object'
SyntaxError: Unexpected identifier 'Object'
  at Object.eval (eval at makeEvaluate (C:\Users\barua\OneDrive\Desktop\Gadify-Backend\node_modules\@jsreport\ses\index.js:6197:27), <anonymous>:12:36)
  at safeEvaluate (C:\Users\barua\OneDrive\Desktop\Gadify-Backend\node_modules\@jsreport\ses\index.js:6296:14)
  at compartmentEvaluate (C:\Users\barua\OneDrive\Desktop\Gadify-Backend\node_modules\@jsreport\ses\index.js:8646:10)
  at Compartment.evaluate (C:\Users\barua\OneDrive\Desktop\Gadify-Backend\node_modules\@jsreport\ses\index.js:9429:12)
  at run (C:\Users\barua\OneDrive\Desktop\Gadify-Backend\node_modules\@jsreport\jsreport-core\lib\worker\sandbox\createSandbox.js:132:36)
  at WorkerReporter.runInSandbox [as _runInSandbox] (C:\Users\barua\OneDrive\Desktop\Gadify-Backend\node_modules\@jsreport\jsreport-core\lib\worker\sandbox\runInSandbox.js:214:20)
  at async executeEngine (C:\Users\barua\OneDrive\Desktop\Gadify-Backend\node_modules\@jsreport\jsreport-core\lib\worker\render\executeEngine.js:354:16)
  at async engine.engine (C:\Users\barua\OneDrive\Desktop\Gadify-Backend\node_modules\@jsreport\jsreport-core\lib\worker\render\executeEngine.js:162:14)
  at async invokeRender (C:\Users\barua\OneDrive\Desktop\Gadify-Backend\node_modules\@jsreport\jsreport-core\lib\worker\render\render.js:61:23)
  at async WorkerReporter._render (C:\Users\barua\OneDrive\Desktop\Gadify-Backend\node_modules\@jsreport\jsreport-core\lib\worker\render\render.js:148:7)
  at async C:\Users\barua\OneDrive\Desktop\Gadify-Backend\node_modules\@jsreport\jsreport-core\lib\worker\reporter.js:232:24
  at async processAndResponse (C:\Users\barua\OneDrive\Desktop\Gadify-Backend\node_modules\@jsreport\advanced-workers\lib\workerHandler.js:41:17)
wrapped by:
Error: Error when evaluating engine handlebars for template /gadify_checklist/gadify_checklist_template
(because) unexpected identifier 'Object'
  at module.exports (C:\Users\barua\OneDrive\Desktop\Gadify-Backend\node_modules\@jsreport\jsreport-core\lib\shared\createError.js:10:13)
  at WorkerReporter.createError (C:\Users\barua\OneDrive\Desktop\Gadify-Backend\node_modules\@jsreport\jsreport-core\lib\shared\reporter.js:53:12)
  at executeEngine (C:\Users\barua\OneDrive\Desktop\Gadify-Backend\node_modules\@jsreport\jsreport-core\lib\worker\render\executeEngine.js:377:35)
  at async engine.engine (C:\Users\barua\OneDrive\Desktop\Gadify-Backend\node_modules\@jsreport\jsreport-core\lib\worker\render\executeEngine.js:162:14)
  at async invokeRender (C:\Users\barua\OneDrive\Desktop\Gadify-Backend\node_modules\@jsreport\jsreport-core\lib\worker\render\render.js:61:23)
  at async WorkerReporter._render (C:\Users\barua\OneDrive\Desktop\Gadify-Backend\node_modules\@jsreport\jsreport-core\lib\worker\render\render.js:148:7)
  at async C:\Users\barua\OneDrive\Desktop\Gadify-Backend\node_modules\@jsreport\jsreport-core\lib\worker\reporter.js:232:24
  at async processAndResponse (C:\Users\barua\OneDrive\Desktop\Gadify-Backend\node_modules\@jsreport\advanced-workers\lib\workerHandler.js:41:17) rootId=dw4zp571yecbp2e, id=dw4zp571yecbp2e
2025-03-12T12:16:01.919Z - warn: Rendering request 42 finished with error in 20 ms rootId=dw4zp571yecbp2e, id=dw4zp571yecbp2e
2025-03-12T12:16:02.054Z - info: Render request 43 queued for execution and waiting for available worker rootId=j78w92c2ym5h410, id=j78w92c2ym5h410
2025-03-12T12:16:02.057Z - info: Starting rendering request 43 rootId=j78w92c2ym5h410, id=j78w92c2ym5h410
2025-03-12T12:16:02.057Z - info: Rendering template { name: gadify_checklist_template, recipe: chrome-pdf, engine: handlebars, preview: true } rootId=j78w92c2ym5h410, id=j78w92c2ym5h410
2025-03-12T12:16:02.057Z - debug: Inline data specified. rootId=j78w92c2ym5h410, id=j78w92c2ym5h410
2025-03-12T12:16:02.058Z - debug: Executing script helper.js (beforeRender) rootId=j78w92c2ym5h410, id=j78w92c2ym5h410
2025-03-12T12:16:02.064Z - debug: Base url not specified, skipping its injection. rootId=j78w92c2ym5h410, id=j78w92c2ym5h410
2025-03-12T12:16:02.064Z - debug: Rendering engine handlebars rootId=j78w92c2ym5h410, id=j78w92c2ym5h410
2025-03-12T12:16:02.069Z - warn: Error when processing render request 43
(because) error when evaluating engine handlebars for template /gadify_checklist/gadify_checklist_template
(because) unexpected identifier 'Object'
SyntaxError: Unexpected identifier 'Object'
  at Object.eval (eval at makeEvaluate (C:\Users\barua\OneDrive\Desktop\Gadify-Backend\node_modules\@jsreport\ses\index.js:6197:27), <anonymous>:12:36)
  at safeEvaluate (C:\Users\barua\OneDrive\Desktop\Gadify-Backend\node_modules\@jsreport\ses\index.js:6296:14)
  at compartmentEvaluate (C:\Users\barua\OneDrive\Desktop\Gadify-Backend\node_modules\@jsreport\ses\index.js:8646:10)
  at Compartment.evaluate (C:\Users\barua\OneDrive\Desktop\Gadify-Backend\node_modules\@jsreport\ses\index.js:9429:12)
  at run (C:\Users\barua\OneDrive\Desktop\Gadify-Backend\node_modules\@jsreport\jsreport-core\lib\worker\sandbox\createSandbox.js:132:36)
  at WorkerReporter.runInSandbox [as _runInSandbox] (C:\Users\barua\OneDrive\Desktop\Gadify-Backend\node_modules\@jsreport\jsreport-core\lib\worker\sandbox\runInSandbox.js:214:20)
  at async executeEngine (C:\Users\barua\OneDrive\Desktop\Gadify-Backend\node_modules\@jsreport\jsreport-core\lib\worker\render\executeEngine.js:354:16)
  at async engine.engine (C:\Users\barua\OneDrive\Desktop\Gadify-Backend\node_modules\@jsreport\jsreport-core\lib\worker\render\executeEngine.js:162:14)
  at async invokeRender (C:\Users\barua\OneDrive\Desktop\Gadify-Backend\node_modules\@jsreport\jsreport-core\lib\worker\render\render.js:61:23)
  at async WorkerReporter._render (C:\Users\barua\OneDrive\Desktop\Gadify-Backend\node_modules\@jsreport\jsreport-core\lib\worker\render\render.js:148:7)
  at async C:\Users\barua\OneDrive\Desktop\Gadify-Backend\node_modules\@jsreport\jsreport-core\lib\worker\reporter.js:232:24
  at async processAndResponse (C:\Users\barua\OneDrive\Desktop\Gadify-Backend\node_modules\@jsreport\advanced-workers\lib\workerHandler.js:41:17)
wrapped by:
Error: Error when evaluating engine handlebars for template /gadify_checklist/gadify_checklist_template
(because) unexpected identifier 'Object'
  at module.exports (C:\Users\barua\OneDrive\Desktop\Gadify-Backend\node_modules\@jsreport\jsreport-core\lib\shared\createError.js:10:13)
  at WorkerReporter.createError (C:\Users\barua\OneDrive\Desktop\Gadify-Backend\node_modules\@jsreport\jsreport-core\lib\shared\reporter.js:53:12)
  at executeEngine (C:\Users\barua\OneDrive\Desktop\Gadify-Backend\node_modules\@jsreport\jsreport-core\lib\worker\render\executeEngine.js:377:35)
  at async engine.engine (C:\Users\barua\OneDrive\Desktop\Gadify-Backend\node_modules\@jsreport\jsreport-core\lib\worker\render\executeEngine.js:162:14)
  at async invokeRender (C:\Users\barua\OneDrive\Desktop\Gadify-Backend\node_modules\@jsreport\jsreport-core\lib\worker\render\render.js:61:23)
  at async WorkerReporter._render (C:\Users\barua\OneDrive\Desktop\Gadify-Backend\node_modules\@jsreport\jsreport-core\lib\worker\render\render.js:148:7)
  at async C:\Users\barua\OneDrive\Desktop\Gadify-Backend\node_modules\@jsreport\jsreport-core\lib\worker\reporter.js:232:24
  at async processAndResponse (C:\Users\barua\OneDrive\Desktop\Gadify-Backend\node_modules\@jsreport\advanced-workers\lib\workerHandler.js:41:17) rootId=j78w92c2ym5h410, id=j78w92c2ym5h410
2025-03-12T12:16:02.069Z - warn: Rendering request 43 finished with error in 16 ms rootId=j78w92c2ym5h410, id=j78w92c2ym5h410
2025-03-12T12:16:02.184Z - info: Render request 44 queued for execution and waiting for available worker rootId=pnv4rpjbc9z3cjt, id=pnv4rpjbc9z3cjt
2025-03-12T12:16:02.186Z - info: Starting rendering request 44 rootId=pnv4rpjbc9z3cjt, id=pnv4rpjbc9z3cjt
2025-03-12T12:16:02.186Z - info: Rendering template { name: gadify_checklist_template, recipe: chrome-pdf, engine: handlebars, preview: true } rootId=pnv4rpjbc9z3cjt, id=pnv4rpjbc9z3cjt
2025-03-12T12:16:02.187Z - debug: Inline data specified. rootId=pnv4rpjbc9z3cjt, id=pnv4rpjbc9z3cjt
2025-03-12T12:16:02.188Z - debug: Executing script helper.js (beforeRender) rootId=pnv4rpjbc9z3cjt, id=pnv4rpjbc9z3cjt
2025-03-12T12:16:02.193Z - debug: Base url not specified, skipping its injection. rootId=pnv4rpjbc9z3cjt, id=pnv4rpjbc9z3cjt
2025-03-12T12:16:02.193Z - debug: Rendering engine handlebars rootId=pnv4rpjbc9z3cjt, id=pnv4rpjbc9z3cjt
2025-03-12T12:16:02.205Z - warn: Error when processing render request 44
(because) error when evaluating engine handlebars for template /gadify_checklist/gadify_checklist_template
(because) unexpected identifier 'Object'
SyntaxError: Unexpected identifier 'Object'
  at Object.eval (eval at makeEvaluate (C:\Users\barua\OneDrive\Desktop\Gadify-Backend\node_modules\@jsreport\ses\index.js:6197:27), <anonymous>:12:36)
  at safeEvaluate (C:\Users\barua\OneDrive\Desktop\Gadify-Backend\node_modules\@jsreport\ses\index.js:6296:14)
  at compartmentEvaluate (C:\Users\barua\OneDrive\Desktop\Gadify-Backend\node_modules\@jsreport\ses\index.js:8646:10)
  at Compartment.evaluate (C:\Users\barua\OneDrive\Desktop\Gadify-Backend\node_modules\@jsreport\ses\index.js:9429:12)
  at run (C:\Users\barua\OneDrive\Desktop\Gadify-Backend\node_modules\@jsreport\jsreport-core\lib\worker\sandbox\createSandbox.js:132:36)
  at WorkerReporter.runInSandbox [as _runInSandbox] (C:\Users\barua\OneDrive\Desktop\Gadify-Backend\node_modules\@jsreport\jsreport-core\lib\worker\sandbox\runInSandbox.js:214:20)
  at async executeEngine (C:\Users\barua\OneDrive\Desktop\Gadify-Backend\node_modules\@jsreport\jsreport-core\lib\worker\render\executeEngine.js:354:16)
  at async engine.engine (C:\Users\barua\OneDrive\Desktop\Gadify-Backend\node_modules\@jsreport\jsreport-core\lib\worker\render\executeEngine.js:162:14)
  at async invokeRender (C:\Users\barua\OneDrive\Desktop\Gadify-Backend\node_modules\@jsreport\jsreport-core\lib\worker\render\render.js:61:23)
  at async WorkerReporter._render (C:\Users\barua\OneDrive\Desktop\Gadify-Backend\node_modules\@jsreport\jsreport-core\lib\worker\render\render.js:148:7)
  at async C:\Users\barua\OneDrive\Desktop\Gadify-Backend\node_modules\@jsreport\jsreport-core\lib\worker\reporter.js:232:24
  at async processAndResponse (C:\Users\barua\OneDrive\Desktop\Gadify-Backend\node_modules\@jsreport\advanced-workers\lib\workerHandler.js:41:17)
wrapped by:
Error: Error when evaluating engine handlebars for template /gadify_checklist/gadify_checklist_template
(because) unexpected identifier 'Object'
  at module.exports (C:\Users\barua\OneDrive\Desktop\Gadify-Backend\node_modules\@jsreport\jsreport-core\lib\shared\createError.js:10:13)
  at WorkerReporter.createError (C:\Users\barua\OneDrive\Desktop\Gadify-Backend\node_modules\@jsreport\jsreport-core\lib\shared\reporter.js:53:12)
  at executeEngine (C:\Users\barua\OneDrive\Desktop\Gadify-Backend\node_modules\@jsreport\jsreport-core\lib\worker\render\executeEngine.js:377:35)
  at async engine.engine (C:\Users\barua\OneDrive\Desktop\Gadify-Backend\node_modules\@jsreport\jsreport-core\lib\worker\render\executeEngine.js:162:14)
  at async invokeRender (C:\Users\barua\OneDrive\Desktop\Gadify-Backend\node_modules\@jsreport\jsreport-core\lib\worker\render\render.js:61:23)
  at async WorkerReporter._render (C:\Users\barua\OneDrive\Desktop\Gadify-Backend\node_modules\@jsreport\jsreport-core\lib\worker\render\render.js:148:7)
  at async C:\Users\barua\OneDrive\Desktop\Gadify-Backend\node_modules\@jsreport\jsreport-core\lib\worker\reporter.js:232:24
  at async processAndResponse (C:\Users\barua\OneDrive\Desktop\Gadify-Backend\node_modules\@jsreport\advanced-workers\lib\workerHandler.js:41:17) rootId=pnv4rpjbc9z3cjt, id=pnv4rpjbc9z3cjt
2025-03-12T12:16:02.206Z - warn: Rendering request 44 finished with error in 23 ms rootId=pnv4rpjbc9z3cjt, id=pnv4rpjbc9z3cjt
2025-03-12T12:16:04.732Z - debug: OData query on scripts
2025-03-12T12:16:15.196Z - info: Initializing jsreport (version: 4.8.0, configuration file: none, nodejs: 20.15.1)
2025-03-12T12:16:15.199Z - info: Searching for available extensions in C:\Users\barua\OneDrive\Desktop\Gadify-Backend\
2025-03-12T12:16:15.210Z - info: Extensions location cache contains up to date information, skipping crawling in C:\Users\barua\OneDrive\Desktop\Gadify-Backend\
2025-03-12T12:16:15.409Z - info: Found 35 extension(s)
2025-03-12T12:16:15.454Z - debug: Writing extension locations cache to C:\Users\barua\AppData\Local\Temp\jsreport\core\locations.json
2025-03-12T12:16:15.456Z - debug: Discovered 35 extensions
2025-03-12T12:16:15.492Z - info: Using extension authentication@4.2.3
2025-03-12T12:16:15.782Z - debug: Extension authentication@4.2.3 was disabled
2025-03-12T12:16:15.782Z - info: Using extension base@4.0.0
2025-03-12T12:16:15.786Z - info: Using extension child-templates@4.1.0
2025-03-12T12:16:15.788Z - info: Using extension cli@4.1.0
2025-03-12T12:16:15.790Z - info: Using extension components@4.0.2
2025-03-12T12:16:15.792Z - info: Using extension data@4.1.0
2025-03-12T12:16:15.794Z - info: Using extension express@4.2.0
2025-03-12T12:16:16.347Z - info: Using extension freeze@4.0.0
2025-03-12T12:16:16.349Z - info: Using extension fs-store@4.1.0
2025-03-12T12:16:16.552Z - debug: Extension fs-store@4.1.0 was disabled
2025-03-12T12:16:16.552Z - info: Using extension handlebars@4.0.1
2025-03-12T12:16:16.554Z - info: Using extension import-export@4.0.6
2025-03-12T12:16:16.582Z - info: Using extension jsrender@4.0.0
2025-03-12T12:16:16.583Z - info: Using extension licensing@4.0.4
2025-03-12T12:16:16.586Z - info: Using extension localization@4.0.1
2025-03-12T12:16:16.587Z - info: Using extension npm@4.0.0
2025-03-12T12:16:16.592Z - info: Using extension pdf-utils@4.3.0
2025-03-12T12:16:16.596Z - info: Using extension reports@4.1.3
2025-03-12T12:16:16.603Z - info: Using extension tags@4.0.1
2025-03-12T12:16:16.606Z - info: Using extension text@4.0.2
2025-03-12T12:16:16.608Z - info: Using extension version-control@4.1.0
2025-03-12T12:16:16.627Z - info: Using extension assets@4.2.1
2025-03-12T12:16:16.648Z - info: Using extension authorization@4.1.0
2025-03-12T12:16:16.654Z - debug: Extension authorization@4.1.0 was disabled
2025-03-12T12:16:16.655Z - info: Using extension browser-client@4.1.0
2025-03-12T12:16:16.659Z - info: Using extension chrome-pdf@4.1.1
2025-03-12T12:16:16.662Z - debug: Chrome strategy is chrome-pool, numberOfWorkers: 1
2025-03-12T12:16:16.663Z - debug: Chrome custom launch options are protocolTimeout=60000
2025-03-12T12:16:16.663Z - info: Using extension docx@4.7.0
2025-03-12T12:16:16.666Z - info: Using extension html-to-xlsx@4.2.0
2025-03-12T12:16:17.002Z - info: html-to-xlsx detected chrome as available html engine
2025-03-12T12:16:17.002Z - info: Using extension pptx@4.4.0
2025-03-12T12:16:17.005Z - info: Using extension scheduling@4.1.0
2025-03-12T12:16:17.041Z - info: Using extension scripts@4.2.0
2025-03-12T12:16:17.042Z - info: Using extension static-pdf@4.1.0
2025-03-12T12:16:17.044Z - info: Using extension studio@4.3.0
2025-03-12T12:16:17.157Z - info: Using extension xlsx@4.4.0
2025-03-12T12:16:17.160Z - info: Using extension public-templates@4.0.0
2025-03-12T12:16:17.161Z - debug: Extension public-templates@4.0.0 was disabled
2025-03-12T12:16:17.161Z - info: Using extension sample-template@4.0.1
2025-03-12T12:16:17.164Z - info: Using extension studio-theme-dark@4.0.0
2025-03-12T12:16:17.165Z - info: Using general timeout for rendering (reportTimeout: 60000)
2025-03-12T12:16:17.166Z - info: Using memory provider for template store. The saved templates will be lost after restart
2025-03-12T12:16:17.177Z - debug: studio default theme is: light
2025-03-12T12:16:17.181Z - info: Creating default express app.
2025-03-12T12:16:17.216Z - info: jsreport server successfully started on http port: 5488
2025-03-12T12:16:17.219Z - info: Verifying license key free
2025-03-12T12:16:17.220Z - info: Using free license
2025-03-12T12:16:17.225Z - info: Migrating templates chrome settings (waitForNetworkIddle -> waitForNetworkIdle)
2025-03-12T12:16:17.226Z - info: Migration successful
2025-03-12T12:16:17.227Z - debug: Creating samples is disabled
2025-03-12T12:16:17.227Z - info: Initializing worker threads
2025-03-12T12:16:17.227Z - debug: Extensions in workers: base, child-templates, components, data, express, handlebars, jsrender, localization, npm, pdf-utils, reports, text, version-control, assets, browser-client, chrome-pdf, docx, html-to-xlsx, pptx, scripts, static-pdf, studio, xlsx
2025-03-12T12:16:17.863Z - info: 2 worker threads initialized in 636ms
2025-03-12T12:16:17.863Z - info: Starting temp files cleanup with 180000ms threshold
2025-03-12T12:16:17.864Z - info: reporter initialized
2025-03-12T12:16:49.050Z - info: Render request 1 queued for execution and waiting for available worker rootId=ske1qvr40vg6v4o, id=ske1qvr40vg6v4o
2025-03-12T12:16:49.067Z - info: Starting rendering request 1 rootId=ske1qvr40vg6v4o, id=ske1qvr40vg6v4o
2025-03-12T12:16:49.068Z - info: Rendering template { name: gadify_checklist_template, recipe: chrome-pdf, engine: handlebars, preview: true } rootId=ske1qvr40vg6v4o, id=ske1qvr40vg6v4o
2025-03-12T12:16:49.069Z - debug: Inline data specified. rootId=ske1qvr40vg6v4o, id=ske1qvr40vg6v4o
2025-03-12T12:16:49.071Z - debug: Executing script helper.js (beforeRender) rootId=ske1qvr40vg6v4o, id=ske1qvr40vg6v4o
2025-03-12T12:16:49.073Z - error: Error when processing render request 1
(because) folder with shortid "kx_IBDA" does not exists
Error: Folder with shortid "kx_IBDA" does not exists
  at resolveEntityPath (C:\Users\barua\OneDrive\Desktop\Gadify-Backend\node_modules\@jsreport\jsreport-core\lib\shared\folders\resolveEntityPath.js:22:15)
  at async executeScript (C:\Users\barua\OneDrive\Desktop\Gadify-Backend\node_modules\@jsreport\jsreport-scripts\lib\executeScript.js:9:18)
  at async Scripts._runScript (C:\Users\barua\OneDrive\Desktop\Gadify-Backend\node_modules\@jsreport\jsreport-scripts\lib\worker.js:140:30)
  at async Scripts.handleBeforeRender (C:\Users\barua\OneDrive\Desktop\Gadify-Backend\node_modules\@jsreport\jsreport-scripts\lib\worker.js:64:7)
  at async ListenerCollection.fire (C:\Users\barua\OneDrive\Desktop\Gadify-Backend\node_modules\@jsreport\jsreport-core\lib\shared\listenerCollection.js:157:21)
  at async beforeRender (C:\Users\barua\OneDrive\Desktop\Gadify-Backend\node_modules\@jsreport\jsreport-core\lib\worker\render\render.js:24:5)
  at async WorkerReporter._render (C:\Users\barua\OneDrive\Desktop\Gadify-Backend\node_modules\@jsreport\jsreport-core\lib\worker\render\render.js:147:7)
  at async C:\Users\barua\OneDrive\Desktop\Gadify-Backend\node_modules\@jsreport\jsreport-core\lib\worker\reporter.js:232:24
  at async processAndResponse (C:\Users\barua\OneDrive\Desktop\Gadify-Backend\node_modules\@jsreport\advanced-workers\lib\workerHandler.js:41:17) rootId=ske1qvr40vg6v4o, id=ske1qvr40vg6v4o
2025-03-12T12:16:49.073Z - error: Rendering request 1 finished with error in 27 ms rootId=ske1qvr40vg6v4o, id=ske1qvr40vg6v4o
2025-03-12T12:16:49.806Z - info: Render request 2 queued for execution and waiting for available worker rootId=hslxecnn50cmki3, id=hslxecnn50cmki3
2025-03-12T12:16:49.811Z - info: Starting rendering request 2 rootId=hslxecnn50cmki3, id=hslxecnn50cmki3
2025-03-12T12:16:49.811Z - info: Rendering template { name: gadify_checklist_template, recipe: chrome-pdf, engine: handlebars, preview: true } rootId=hslxecnn50cmki3, id=hslxecnn50cmki3
2025-03-12T12:16:49.812Z - debug: Inline data specified. rootId=hslxecnn50cmki3, id=hslxecnn50cmki3
2025-03-12T12:16:49.813Z - debug: Executing script helper.js (beforeRender) rootId=hslxecnn50cmki3, id=hslxecnn50cmki3
2025-03-12T12:16:49.816Z - error: Error when processing render request 2
(because) folder with shortid "kx_IBDA" does not exists
Error: Folder with shortid "kx_IBDA" does not exists
  at resolveEntityPath (C:\Users\barua\OneDrive\Desktop\Gadify-Backend\node_modules\@jsreport\jsreport-core\lib\shared\folders\resolveEntityPath.js:22:15)
  at async executeScript (C:\Users\barua\OneDrive\Desktop\Gadify-Backend\node_modules\@jsreport\jsreport-scripts\lib\executeScript.js:9:18)
  at async Scripts._runScript (C:\Users\barua\OneDrive\Desktop\Gadify-Backend\node_modules\@jsreport\jsreport-scripts\lib\worker.js:140:30)
  at async Scripts.handleBeforeRender (C:\Users\barua\OneDrive\Desktop\Gadify-Backend\node_modules\@jsreport\jsreport-scripts\lib\worker.js:64:7)
  at async ListenerCollection.fire (C:\Users\barua\OneDrive\Desktop\Gadify-Backend\node_modules\@jsreport\jsreport-core\lib\shared\listenerCollection.js:157:21)
  at async beforeRender (C:\Users\barua\OneDrive\Desktop\Gadify-Backend\node_modules\@jsreport\jsreport-core\lib\worker\render\render.js:24:5)
  at async WorkerReporter._render (C:\Users\barua\OneDrive\Desktop\Gadify-Backend\node_modules\@jsreport\jsreport-core\lib\worker\render\render.js:147:7)
  at async C:\Users\barua\OneDrive\Desktop\Gadify-Backend\node_modules\@jsreport\jsreport-core\lib\worker\reporter.js:232:24
  at async processAndResponse (C:\Users\barua\OneDrive\Desktop\Gadify-Backend\node_modules\@jsreport\advanced-workers\lib\workerHandler.js:41:17) rootId=hslxecnn50cmki3, id=hslxecnn50cmki3
2025-03-12T12:16:49.816Z - error: Rendering request 2 finished with error in 11 ms rootId=hslxecnn50cmki3, id=hslxecnn50cmki3
2025-03-12T12:17:03.598Z - debug: OData query on templates
2025-03-12T12:17:03.604Z - debug: OData query on settings
2025-03-12T12:17:03.614Z - debug: OData query on folders
2025-03-12T12:17:03.622Z - debug: OData query on components
2025-03-12T12:17:03.637Z - debug: OData query on data
2025-03-12T12:17:03.657Z - debug: OData query on tags
2025-03-12T12:17:03.693Z - debug: OData query on assets
2025-03-12T12:17:03.730Z - debug: OData query on scripts
2025-03-12T12:17:03.750Z - debug: OData query on schedules
2025-03-12T12:17:03.778Z - debug: OData query on templates
2025-03-12T12:17:03.796Z - debug: OData query on profiles
2025-03-12T12:17:03.807Z - debug: OData query on profiles
2025-03-12T12:17:03.815Z - debug: OData query on profiles
2025-03-12T12:17:03.821Z - debug: OData query on profiles
2025-03-12T12:17:03.831Z - debug: OData query on profiles
2025-03-12T12:17:03.841Z - debug: OData query on profiles
2025-03-12T12:17:03.847Z - debug: OData query on templates
2025-03-12T12:17:07.910Z - debug: OData query on templates
2025-03-12T12:17:07.914Z - debug: OData query on settings
2025-03-12T12:17:07.923Z - debug: OData query on folders
2025-03-12T12:17:07.935Z - debug: OData query on components
2025-03-12T12:17:07.943Z - debug: OData query on data
2025-03-12T12:17:07.948Z - debug: OData query on tags
2025-03-12T12:17:07.955Z - debug: OData query on assets
2025-03-12T12:17:07.959Z - debug: OData query on scripts
2025-03-12T12:17:07.964Z - debug: OData query on schedules
2025-03-12T12:17:07.976Z - debug: OData query on templates
2025-03-12T12:17:07.982Z - debug: OData query on profiles
2025-03-12T12:17:07.989Z - debug: OData query on profiles
2025-03-12T12:17:07.994Z - debug: OData query on profiles
2025-03-12T12:17:07.999Z - debug: OData query on profiles
2025-03-12T12:17:08.003Z - debug: OData query on profiles
2025-03-12T12:17:08.008Z - debug: OData query on profiles
2025-03-12T12:17:08.016Z - debug: OData query on templates
2025-03-12T12:17:21.592Z - debug: OData query on templates
2025-03-12T12:17:21.598Z - debug: OData query on settings
2025-03-12T12:17:21.611Z - debug: OData query on folders
2025-03-12T12:17:21.623Z - debug: OData query on components
2025-03-12T12:17:21.628Z - debug: OData query on data
2025-03-12T12:17:21.634Z - debug: OData query on tags
2025-03-12T12:17:21.639Z - debug: OData query on assets
2025-03-12T12:17:21.643Z - debug: OData query on scripts
2025-03-12T12:17:21.648Z - debug: OData query on schedules
2025-03-12T12:17:21.661Z - debug: OData query on templates
2025-03-12T12:17:21.667Z - debug: OData query on profiles
2025-03-12T12:17:21.674Z - debug: OData query on profiles
2025-03-12T12:17:21.682Z - debug: OData query on profiles
2025-03-12T12:17:21.686Z - debug: OData query on profiles
2025-03-12T12:17:21.692Z - debug: OData query on profiles
2025-03-12T12:17:21.696Z - debug: OData query on profiles
2025-03-12T12:17:21.701Z - debug: OData query on templates
2025-03-12T12:17:22.404Z - debug: OData query on templates
2025-03-12T12:17:22.410Z - debug: OData query on settings
2025-03-12T12:17:22.424Z - debug: OData query on folders
2025-03-12T12:17:22.437Z - debug: OData query on components
2025-03-12T12:17:22.446Z - debug: OData query on data
2025-03-12T12:17:22.451Z - debug: OData query on tags
2025-03-12T12:17:22.459Z - debug: OData query on assets
2025-03-12T12:17:22.464Z - debug: OData query on scripts
2025-03-12T12:17:22.470Z - debug: OData query on schedules
2025-03-12T12:17:22.483Z - debug: OData query on templates
2025-03-12T12:17:22.491Z - debug: OData query on profiles
2025-03-12T12:17:22.499Z - debug: OData query on profiles
2025-03-12T12:17:22.505Z - debug: OData query on profiles
2025-03-12T12:17:22.509Z - debug: OData query on profiles
2025-03-12T12:17:22.518Z - debug: OData query on profiles
2025-03-12T12:17:22.523Z - debug: OData query on profiles
2025-03-12T12:17:22.530Z - debug: OData query on templates
2025-03-12T12:17:28.243Z - debug: OData query on templates
2025-03-12T12:17:28.248Z - debug: OData query on settings
2025-03-12T12:17:28.267Z - debug: OData query on folders
2025-03-12T12:17:28.425Z - debug: OData query on templates
2025-03-12T12:17:28.429Z - debug: OData query on settings
2025-03-12T12:17:28.439Z - debug: OData query on folders
2025-03-12T12:17:28.450Z - debug: OData query on components
2025-03-12T12:17:28.455Z - debug: OData query on data
2025-03-12T12:17:28.463Z - debug: OData query on tags
2025-03-12T12:17:28.469Z - debug: OData query on assets
2025-03-12T12:17:28.474Z - debug: OData query on scripts
2025-03-12T12:17:28.478Z - debug: OData query on schedules
2025-03-12T12:17:28.490Z - debug: OData query on templates
2025-03-12T12:17:28.495Z - debug: OData query on profiles
2025-03-12T12:17:28.502Z - debug: OData query on profiles
2025-03-12T12:17:28.509Z - debug: OData query on profiles
2025-03-12T12:17:28.513Z - debug: OData query on profiles
2025-03-12T12:17:28.520Z - debug: OData query on profiles
2025-03-12T12:17:28.525Z - debug: OData query on profiles
2025-03-12T12:17:28.531Z - debug: OData query on templates
2025-03-12T12:17:28.692Z - debug: OData query on templates
2025-03-12T12:17:28.696Z - debug: OData query on settings
2025-03-12T12:17:28.708Z - debug: OData query on folders
2025-03-12T12:17:28.722Z - debug: OData query on components
2025-03-12T12:17:28.731Z - debug: OData query on data
2025-03-12T12:17:28.737Z - debug: OData query on tags
2025-03-12T12:17:28.743Z - debug: OData query on assets
2025-03-12T12:17:28.750Z - debug: OData query on scripts
2025-03-12T12:17:28.759Z - debug: OData query on schedules
2025-03-12T12:17:28.777Z - debug: OData query on templates
2025-03-12T12:17:28.789Z - debug: OData query on profiles
2025-03-12T12:17:28.802Z - debug: OData query on profiles
2025-03-12T12:17:28.811Z - debug: OData query on profiles
2025-03-12T12:17:28.821Z - debug: OData query on profiles
2025-03-12T12:17:28.829Z - debug: OData query on profiles
2025-03-12T12:17:28.835Z - debug: OData query on profiles
2025-03-12T12:17:28.842Z - debug: OData query on templates
2025-03-12T12:18:17.946Z - debug: OData insert into templates
2025-03-12T12:18:34.367Z - debug: OData insert into data
2025-03-12T12:18:34.885Z - info: Render request 3 queued for execution and waiting for available worker rootId=b3hquksv3903an6, id=b3hquksv3903an6
2025-03-12T12:18:34.888Z - info: Starting rendering request 3 rootId=b3hquksv3903an6, id=b3hquksv3903an6
2025-03-12T12:18:34.889Z - info: Rendering template { name: gadify_checklist, recipe: chrome-pdf, engine: handlebars, preview: true } rootId=b3hquksv3903an6, id=b3hquksv3903an6
2025-03-12T12:18:34.889Z - debug: Adding sample data A08XWGriC rootId=b3hquksv3903an6, id=b3hquksv3903an6
2025-03-12T12:18:34.890Z - debug: Base url not specified, skipping its injection. rootId=b3hquksv3903an6, id=b3hquksv3903an6
2025-03-12T12:18:34.891Z - debug: Rendering engine handlebars rootId=b3hquksv3903an6, id=b3hquksv3903an6
2025-03-12T12:18:35.478Z - warn: Error when processing render request 3
(because) error when evaluating engine handlebars for template /gadify_checklist
(because) each doesn't match if - 86:27

(sandbox.js line 13:18)
Error: each doesn't match if - 86:27
  at validateClose (C:\Users\barua\OneDrive\Desktop\Gadify-Backend\node_modules\handlebars\dist\cjs\handlebars\compiler\helpers.js:28:11)
  at Object.prepareBlock (C:\Users\barua\OneDrive\Desktop\Gadify-Backend\node_modules\handlebars\dist\cjs\handlebars\compiler\helpers.js:142:5)
  at Object.anonymous (C:\Users\barua\OneDrive\Desktop\Gadify-Backend\node_modules\handlebars\dist\cjs\handlebars\compiler\parser.js:65:33)
  at Parser.parse (C:\Users\barua\OneDrive\Desktop\Gadify-Backend\node_modules\handlebars\dist\cjs\handlebars\compiler\parser.js:367:48)
  at parseWithoutProcessing (C:\Users\barua\OneDrive\Desktop\Gadify-Backend\node_modules\handlebars\dist\cjs\handlebars\compiler\base.js:46:33)
  at HandlebarsEnvironment.parse (C:\Users\barua\OneDrive\Desktop\Gadify-Backend\node_modules\handlebars\dist\cjs\handlebars\compiler\base.js:52:13)
  at Object.precompile (C:\Users\barua\OneDrive\Desktop\Gadify-Backend\node_modules\handlebars\dist\cjs\handlebars\compiler\compiler.js:485:17)
  at hb.precompile (C:\Users\barua\OneDrive\Desktop\Gadify-Backend\node_modules\handlebars\dist\cjs\handlebars.js:42:40)
  at Object.compile (C:\Users\barua\OneDrive\Desktop\Gadify-Backend\node_modules\@jsreport\jsreport-handlebars\lib\handlebarsEngine.js:34:52)
  at Object.compile (C:\Users\barua\OneDrive\Desktop\Gadify-Backend\node_modules\@jsreport\jsreport-handlebars\lib\worker.js:26:43)
  at executionFn (C:\Users\barua\OneDrive\Desktop\Gadify-Backend\node_modules\@jsreport\jsreport-core\lib\worker\render\executeEngine.js:252:44)
  at eval (sandbox.js:13:18)
  at async run (C:\Users\barua\OneDrive\Desktop\Gadify-Backend\node_modules\@jsreport\jsreport-core\lib\worker\sandbox\createSandbox.js:132:18)
  at async WorkerReporter.runInSandbox [as _runInSandbox] (C:\Users\barua\OneDrive\Desktop\Gadify-Backend\node_modules\@jsreport\jsreport-core\lib\worker\sandbox\runInSandbox.js:214:14)
  at async executeEngine (C:\Users\barua\OneDrive\Desktop\Gadify-Backend\node_modules\@jsreport\jsreport-core\lib\worker\render\executeEngine.js:354:16)
  at async engine.engine (C:\Users\barua\OneDrive\Desktop\Gadify-Backend\node_modules\@jsreport\jsreport-core\lib\worker\render\executeEngine.js:162:14)
wrapped by:
Error: Error when evaluating engine handlebars for template /gadify_checklist
(because) each doesn't match if - 86:27
  at module.exports (C:\Users\barua\OneDrive\Desktop\Gadify-Backend\node_modules\@jsreport\jsreport-core\lib\shared\createError.js:10:13)
  at WorkerReporter.createError (C:\Users\barua\OneDrive\Desktop\Gadify-Backend\node_modules\@jsreport\jsreport-core\lib\shared\reporter.js:53:12)
  at executeEngine (C:\Users\barua\OneDrive\Desktop\Gadify-Backend\node_modules\@jsreport\jsreport-core\lib\worker\render\executeEngine.js:377:35)
  at async engine.engine (C:\Users\barua\OneDrive\Desktop\Gadify-Backend\node_modules\@jsreport\jsreport-core\lib\worker\render\executeEngine.js:162:14)
  at async invokeRender (C:\Users\barua\OneDrive\Desktop\Gadify-Backend\node_modules\@jsreport\jsreport-core\lib\worker\render\render.js:61:23)
  at async WorkerReporter._render (C:\Users\barua\OneDrive\Desktop\Gadify-Backend\node_modules\@jsreport\jsreport-core\lib\worker\render\render.js:148:7)
  at async C:\Users\barua\OneDrive\Desktop\Gadify-Backend\node_modules\@jsreport\jsreport-core\lib\worker\reporter.js:232:24
  at async processAndResponse (C:\Users\barua\OneDrive\Desktop\Gadify-Backend\node_modules\@jsreport\advanced-workers\lib\workerHandler.js:41:17) rootId=b3hquksv3903an6, id=b3hquksv3903an6
2025-03-12T12:18:35.478Z - warn: Rendering request 3 finished with error in 594 ms rootId=b3hquksv3903an6, id=b3hquksv3903an6
2025-03-12T12:18:37.753Z - debug: OData query on templates
2025-03-12T12:19:01.854Z - debug: OData update on templates
2025-03-12T12:19:01.860Z - debug: OData query on templates
2025-03-12T12:19:02.547Z - info: Render request 4 queued for execution and waiting for available worker rootId=8xb11u8dl9ean00, id=8xb11u8dl9ean00
2025-03-12T12:19:02.550Z - info: Starting rendering request 4 rootId=8xb11u8dl9ean00, id=8xb11u8dl9ean00
2025-03-12T12:19:02.550Z - info: Rendering template { name: gadify_checklist, recipe: chrome-pdf, engine: handlebars, preview: true } rootId=8xb11u8dl9ean00, id=8xb11u8dl9ean00
2025-03-12T12:19:02.550Z - debug: Adding sample data A08XWGriC rootId=8xb11u8dl9ean00, id=8xb11u8dl9ean00
2025-03-12T12:19:02.551Z - debug: Base url not specified, skipping its injection. rootId=8xb11u8dl9ean00, id=8xb11u8dl9ean00
2025-03-12T12:19:02.552Z - debug: Rendering engine handlebars rootId=8xb11u8dl9ean00, id=8xb11u8dl9ean00
2025-03-12T12:19:02.981Z - debug: Executing recipe chrome-pdf rootId=8xb11u8dl9ean00, id=8xb11u8dl9ean00
2025-03-12T12:19:03.383Z - debug: Converting with chrome Chrome/133.0.6943.126 using chrome-pool strategy rootId=8xb11u8dl9ean00, id=8xb11u8dl9ean00
2025-03-12T12:19:03.464Z - debug: Page request: GET (document) file:///C:/Users/barua/AppData/Local/Temp/jsreport/autocleanup/34ef256f-b3f9-4a55-8e5d-ce003d696c7d-chrome-pdf.html rootId=8xb11u8dl9ean00, id=8xb11u8dl9ean00
2025-03-12T12:19:03.498Z - debug: Page request finished: GET (document) 200 file:///C:/Users/barua/AppData/Local/Temp/jsreport/autocleanup/34ef256f-b3f9-4a55-8e5d-ce003d696c7d-chrome-pdf.html rootId=8xb11u8dl9ean00, id=8xb11u8dl9ean00
2025-03-12T12:19:03.530Z - debug: Running chrome with params {"printBackground":true,"timeout":59549,"margin":{}} rootId=8xb11u8dl9ean00, id=8xb11u8dl9ean00
2025-03-12T12:19:03.936Z - debug: Skipping storing report. rootId=8xb11u8dl9ean00, id=8xb11u8dl9ean00
2025-03-12T12:19:03.936Z - info: Rendering request 4 finished in 1390 ms rootId=8xb11u8dl9ean00, id=8xb11u8dl9ean00
2025-03-12T12:19:21.175Z - debug: OData update on templates
2025-03-12T12:19:21.185Z - debug: OData query on templates
2025-03-12T12:19:21.946Z - info: Render request 5 queued for execution and waiting for available worker rootId=gf5hlakz33wtrn7, id=gf5hlakz33wtrn7
2025-03-12T12:19:21.949Z - info: Starting rendering request 5 rootId=gf5hlakz33wtrn7, id=gf5hlakz33wtrn7
2025-03-12T12:19:21.950Z - info: Rendering template { name: gadify_checklist, recipe: chrome-pdf, engine: handlebars, preview: true } rootId=gf5hlakz33wtrn7, id=gf5hlakz33wtrn7
2025-03-12T12:19:21.950Z - debug: Adding sample data A08XWGriC rootId=gf5hlakz33wtrn7, id=gf5hlakz33wtrn7
2025-03-12T12:19:21.951Z - debug: Base url not specified, skipping its injection. rootId=gf5hlakz33wtrn7, id=gf5hlakz33wtrn7
2025-03-12T12:19:21.952Z - debug: Rendering engine handlebars rootId=gf5hlakz33wtrn7, id=gf5hlakz33wtrn7
2025-03-12T12:19:21.973Z - debug: Executing recipe chrome-pdf rootId=gf5hlakz33wtrn7, id=gf5hlakz33wtrn7
2025-03-12T12:19:22.277Z - debug: Converting with chrome Chrome/133.0.6943.126 using chrome-pool strategy rootId=gf5hlakz33wtrn7, id=gf5hlakz33wtrn7
2025-03-12T12:19:22.329Z - debug: Page request: GET (document) file:///C:/Users/barua/AppData/Local/Temp/jsreport/autocleanup/d8d7396b-5c9c-4b35-8ed2-2231e3d2cdf5-chrome-pdf.html rootId=gf5hlakz33wtrn7, id=gf5hlakz33wtrn7
2025-03-12T12:19:22.353Z - debug: Page request finished: GET (document) 200 file:///C:/Users/barua/AppData/Local/Temp/jsreport/autocleanup/d8d7396b-5c9c-4b35-8ed2-2231e3d2cdf5-chrome-pdf.html rootId=gf5hlakz33wtrn7, id=gf5hlakz33wtrn7
2025-03-12T12:19:22.377Z - debug: Running chrome with params {"printBackground":true,"timeout":59967,"margin":{}} rootId=gf5hlakz33wtrn7, id=gf5hlakz33wtrn7
2025-03-12T12:19:22.703Z - debug: Skipping storing report. rootId=gf5hlakz33wtrn7, id=gf5hlakz33wtrn7
2025-03-12T12:19:22.703Z - info: Rendering request 5 finished in 758 ms rootId=gf5hlakz33wtrn7, id=gf5hlakz33wtrn7
2025-03-12T12:19:39.092Z - debug: OData update on templates
2025-03-12T12:19:39.097Z - debug: OData query on templates
2025-03-12T12:19:40.468Z - debug: OData update on templates
2025-03-12T12:19:40.473Z - debug: OData query on templates
2025-03-12T12:19:41.768Z - info: Render request 6 queued for execution and waiting for available worker rootId=cx5jc14g7rikrkk, id=cx5jc14g7rikrkk
2025-03-12T12:19:41.771Z - info: Starting rendering request 6 rootId=cx5jc14g7rikrkk, id=cx5jc14g7rikrkk
2025-03-12T12:19:41.771Z - info: Rendering template { name: gadify_checklist, recipe: chrome-pdf, engine: handlebars, preview: true } rootId=cx5jc14g7rikrkk, id=cx5jc14g7rikrkk
2025-03-12T12:19:41.772Z - debug: Adding sample data A08XWGriC rootId=cx5jc14g7rikrkk, id=cx5jc14g7rikrkk
2025-03-12T12:19:41.772Z - debug: Base url not specified, skipping its injection. rootId=cx5jc14g7rikrkk, id=cx5jc14g7rikrkk
2025-03-12T12:19:41.773Z - debug: Rendering engine handlebars rootId=cx5jc14g7rikrkk, id=cx5jc14g7rikrkk
2025-03-12T12:19:41.787Z - debug: Executing recipe chrome-pdf rootId=cx5jc14g7rikrkk, id=cx5jc14g7rikrkk
2025-03-12T12:19:41.790Z - debug: Converting with chrome Chrome/133.0.6943.126 using chrome-pool strategy rootId=cx5jc14g7rikrkk, id=cx5jc14g7rikrkk
2025-03-12T12:19:41.985Z - debug: Page request: GET (document) file:///C:/Users/barua/AppData/Local/Temp/jsreport/autocleanup/d93719b1-6616-4642-bad9-f1711e15227b-chrome-pdf.html rootId=cx5jc14g7rikrkk, id=cx5jc14g7rikrkk
2025-03-12T12:19:42.009Z - debug: Page request finished: GET (document) 200 file:///C:/Users/barua/AppData/Local/Temp/jsreport/autocleanup/d93719b1-6616-4642-bad9-f1711e15227b-chrome-pdf.html rootId=cx5jc14g7rikrkk, id=cx5jc14g7rikrkk
2025-03-12T12:19:42.037Z - debug: Running chrome with params {"printBackground":true,"timeout":59977,"margin":{}} rootId=cx5jc14g7rikrkk, id=cx5jc14g7rikrkk
2025-03-12T12:19:42.341Z - debug: Skipping storing report. rootId=cx5jc14g7rikrkk, id=cx5jc14g7rikrkk
2025-03-12T12:19:42.341Z - info: Rendering request 6 finished in 575 ms rootId=cx5jc14g7rikrkk, id=cx5jc14g7rikrkk
2025-03-12T12:20:02.269Z - info: Render request 7 queued for execution and waiting for available worker rootId=3tln0jbgikfaxta, id=3tln0jbgikfaxta
2025-03-12T12:20:02.270Z - info: Starting rendering request 7 rootId=3tln0jbgikfaxta, id=3tln0jbgikfaxta
2025-03-12T12:20:02.270Z - info: Rendering template { name: gadify_checklist, recipe: chrome-pdf, engine: handlebars, preview: false } rootId=3tln0jbgikfaxta, id=3tln0jbgikfaxta
2025-03-12T12:20:02.270Z - debug: Adding sample data A08XWGriC rootId=3tln0jbgikfaxta, id=3tln0jbgikfaxta
2025-03-12T12:20:02.272Z - debug: Base url not specified, skipping its injection. rootId=3tln0jbgikfaxta, id=3tln0jbgikfaxta
2025-03-12T12:20:02.272Z - debug: Rendering engine handlebars rootId=3tln0jbgikfaxta, id=3tln0jbgikfaxta
2025-03-12T12:20:02.284Z - debug: Executing recipe chrome-pdf rootId=3tln0jbgikfaxta, id=3tln0jbgikfaxta
2025-03-12T12:20:02.286Z - debug: Converting with chrome Chrome/133.0.6943.126 using chrome-pool strategy rootId=3tln0jbgikfaxta, id=3tln0jbgikfaxta
2025-03-12T12:20:02.504Z - debug: Page request: GET (document) file:///C:/Users/barua/AppData/Local/Temp/jsreport/autocleanup/1393b997-785c-4036-ac61-bce560ea6c81-chrome-pdf.html rootId=3tln0jbgikfaxta, id=3tln0jbgikfaxta
2025-03-12T12:20:02.539Z - debug: Page request finished: GET (document) 200 file:///C:/Users/barua/AppData/Local/Temp/jsreport/autocleanup/1393b997-785c-4036-ac61-bce560ea6c81-chrome-pdf.html rootId=3tln0jbgikfaxta, id=3tln0jbgikfaxta
2025-03-12T12:20:02.571Z - debug: Running chrome with params {"printBackground":true,"timeout":59983,"margin":{}} rootId=3tln0jbgikfaxta, id=3tln0jbgikfaxta
2025-03-12T12:20:02.876Z - debug: Skipping storing report. rootId=3tln0jbgikfaxta, id=3tln0jbgikfaxta
2025-03-12T12:20:02.876Z - info: Rendering request 7 finished in 608 ms rootId=3tln0jbgikfaxta, id=3tln0jbgikfaxta
2025-03-12T12:25:35.355Z - info: Render request 8 queued for execution and waiting for available worker rootId=dkqi409xs9udg60, id=dkqi409xs9udg60
2025-03-12T12:25:35.359Z - info: Starting rendering request 8 rootId=dkqi409xs9udg60, id=dkqi409xs9udg60
2025-03-12T12:25:35.359Z - info: Rendering template { name: gadify_checklist, recipe: chrome-pdf, engine: handlebars, preview: false } rootId=dkqi409xs9udg60, id=dkqi409xs9udg60
2025-03-12T12:25:35.359Z - debug: Adding sample data A08XWGriC rootId=dkqi409xs9udg60, id=dkqi409xs9udg60
2025-03-12T12:25:35.360Z - debug: Base url not specified, skipping its injection. rootId=dkqi409xs9udg60, id=dkqi409xs9udg60
2025-03-12T12:25:35.360Z - debug: Rendering engine handlebars rootId=dkqi409xs9udg60, id=dkqi409xs9udg60
2025-03-12T12:25:35.383Z - debug: Executing recipe chrome-pdf rootId=dkqi409xs9udg60, id=dkqi409xs9udg60
2025-03-12T12:25:35.385Z - debug: Converting with chrome Chrome/133.0.6943.126 using chrome-pool strategy rootId=dkqi409xs9udg60, id=dkqi409xs9udg60
2025-03-12T12:25:35.440Z - debug: Page request: GET (document) file:///C:/Users/barua/AppData/Local/Temp/jsreport/autocleanup/314783a9-4a8a-46a6-960b-8fa1a559d50a-chrome-pdf.html rootId=dkqi409xs9udg60, id=dkqi409xs9udg60
2025-03-12T12:25:35.479Z - debug: Page request finished: GET (document) 200 file:///C:/Users/barua/AppData/Local/Temp/jsreport/autocleanup/314783a9-4a8a-46a6-960b-8fa1a559d50a-chrome-pdf.html rootId=dkqi409xs9udg60, id=dkqi409xs9udg60
2025-03-12T12:25:35.503Z - debug: Running chrome with params {"printBackground":true,"timeout":59969,"margin":{}} rootId=dkqi409xs9udg60, id=dkqi409xs9udg60
2025-03-12T12:25:35.973Z - debug: Skipping storing report. rootId=dkqi409xs9udg60, id=dkqi409xs9udg60
2025-03-12T12:25:35.973Z - info: Rendering request 8 finished in 619 ms rootId=dkqi409xs9udg60, id=dkqi409xs9udg60
2025-03-12T12:27:50.880Z - debug: OData update on templates
2025-03-12T12:27:50.887Z - debug: OData query on templates
2025-03-12T12:27:52.590Z - info: Render request 9 queued for execution and waiting for available worker rootId=sr544u4smmdw0vu, id=sr544u4smmdw0vu
2025-03-12T12:27:52.593Z - info: Starting rendering request 9 rootId=sr544u4smmdw0vu, id=sr544u4smmdw0vu
2025-03-12T12:27:52.593Z - info: Rendering template { name: gadify_checklist, recipe: chrome-pdf, engine: handlebars, preview: true } rootId=sr544u4smmdw0vu, id=sr544u4smmdw0vu
2025-03-12T12:27:52.594Z - debug: Adding sample data A08XWGriC rootId=sr544u4smmdw0vu, id=sr544u4smmdw0vu
2025-03-12T12:27:52.594Z - debug: Base url not specified, skipping its injection. rootId=sr544u4smmdw0vu, id=sr544u4smmdw0vu
2025-03-12T12:27:52.595Z - debug: Rendering engine handlebars rootId=sr544u4smmdw0vu, id=sr544u4smmdw0vu
2025-03-12T12:27:52.611Z - debug: Executing recipe chrome-pdf rootId=sr544u4smmdw0vu, id=sr544u4smmdw0vu
2025-03-12T12:27:52.614Z - debug: Converting with chrome Chrome/133.0.6943.126 using chrome-pool strategy rootId=sr544u4smmdw0vu, id=sr544u4smmdw0vu
2025-03-12T12:27:52.670Z - debug: Page request: GET (document) file:///C:/Users/barua/AppData/Local/Temp/jsreport/autocleanup/cc07c476-fd05-4d9b-9ab6-3d6e545276b8-chrome-pdf.html rootId=sr544u4smmdw0vu, id=sr544u4smmdw0vu
2025-03-12T12:27:52.715Z - debug: Page request finished: GET (document) 200 file:///C:/Users/barua/AppData/Local/Temp/jsreport/autocleanup/cc07c476-fd05-4d9b-9ab6-3d6e545276b8-chrome-pdf.html rootId=sr544u4smmdw0vu, id=sr544u4smmdw0vu
2025-03-12T12:27:52.748Z - debug: Running chrome with params {"printBackground":true,"timeout":59975,"margin":{}} rootId=sr544u4smmdw0vu, id=sr544u4smmdw0vu
2025-03-12T12:27:53.099Z - debug: Skipping storing report. rootId=sr544u4smmdw0vu, id=sr544u4smmdw0vu
2025-03-12T12:27:53.099Z - info: Rendering request 9 finished in 511 ms rootId=sr544u4smmdw0vu, id=sr544u4smmdw0vu
2025-03-12T12:28:23.821Z - debug: OData update on templates
2025-03-12T12:28:23.826Z - debug: OData query on templates
2025-03-12T12:28:24.587Z - info: Render request 10 queued for execution and waiting for available worker rootId=lhuetsyyb1hrg09, id=lhuetsyyb1hrg09
2025-03-12T12:28:24.589Z - info: Starting rendering request 10 rootId=lhuetsyyb1hrg09, id=lhuetsyyb1hrg09
2025-03-12T12:28:24.589Z - info: Rendering template { name: gadify_checklist, recipe: chrome-pdf, engine: handlebars, preview: true } rootId=lhuetsyyb1hrg09, id=lhuetsyyb1hrg09
2025-03-12T12:28:24.590Z - debug: Adding sample data A08XWGriC rootId=lhuetsyyb1hrg09, id=lhuetsyyb1hrg09
2025-03-12T12:28:24.592Z - debug: Base url not specified, skipping its injection. rootId=lhuetsyyb1hrg09, id=lhuetsyyb1hrg09
2025-03-12T12:28:24.593Z - debug: Rendering engine handlebars rootId=lhuetsyyb1hrg09, id=lhuetsyyb1hrg09
2025-03-12T12:28:24.617Z - warn: Error when processing render request 10
(because) error when evaluating engine handlebars for template /gadify_checklist
(because) missing helper: "endsWith"

(sandbox.js line 13:18)
Error: Missing helper: "endsWith"
  at Object.<anonymous> (C:\Users\barua\OneDrive\Desktop\Gadify-Backend\node_modules\handlebars\dist\cjs\handlebars\helpers\helper-missing.js:19:13)
  at Object.wrapper (C:\Users\barua\OneDrive\Desktop\Gadify-Backend\node_modules\handlebars\dist\cjs\handlebars\internal\wrapHelper.js:15:19)
  at 1 (eval at <anonymous> (eval at makeEvaluate (C:\Users\barua\OneDrive\Desktop\Gadify-Backend\node_modules\@jsreport\ses\index.js:6197:27)), <anonymous>:12:151)
  at prog (C:\Users\barua\OneDrive\Desktop\Gadify-Backend\node_modules\handlebars\dist\cjs\handlebars\runtime.js:268:12)
  at execIteration (C:\Users\barua\OneDrive\Desktop\Gadify-Backend\node_modules\handlebars\dist\cjs\handlebars\helpers\each.js:51:19)
  at Object.<anonymous> (C:\Users\barua\OneDrive\Desktop\Gadify-Backend\node_modules\handlebars\dist\cjs\handlebars\helpers\each.js:61:13)
  at Object.wrapper (C:\Users\barua\OneDrive\Desktop\Gadify-Backend\node_modules\handlebars\dist\cjs\handlebars\internal\wrapHelper.js:15:19)
  at Object.main (eval at <anonymous> (eval at makeEvaluate (C:\Users\barua\OneDrive\Desktop\Gadify-Backend\node_modules\@jsreport\ses\index.js:6197:27)), <anonymous>:59:49)
  at main (C:\Users\barua\OneDrive\Desktop\Gadify-Backend\node_modules\handlebars\dist\cjs\handlebars\runtime.js:208:32)
  at ret (C:\Users\barua\OneDrive\Desktop\Gadify-Backend\node_modules\handlebars\dist\cjs\handlebars\runtime.js:212:12)
  at Object.execute (C:\Users\barua\OneDrive\Desktop\Gadify-Backend\node_modules\@jsreport\jsreport-handlebars\lib\handlebarsEngine.js:80:14)
  at Object.execute (C:\Users\barua\OneDrive\Desktop\Gadify-Backend\node_modules\@jsreport\jsreport-handlebars\lib\worker.js:27:43)
  at executionFn (C:\Users\barua\OneDrive\Desktop\Gadify-Backend\node_modules\@jsreport\jsreport-core\lib\worker\render\executeEngine.js:273:42)
  at eval (sandbox.js:13:18)
  at async run (C:\Users\barua\OneDrive\Desktop\Gadify-Backend\node_modules\@jsreport\jsreport-core\lib\worker\sandbox\createSandbox.js:132:18)
  at async WorkerReporter.runInSandbox [as _runInSandbox] (C:\Users\barua\OneDrive\Desktop\Gadify-Backend\node_modules\@jsreport\jsreport-core\lib\worker\sandbox\runInSandbox.js:214:14)
wrapped by:
Error: Error when evaluating engine handlebars for template /gadify_checklist
(because) missing helper: "endsWith"
  at module.exports (C:\Users\barua\OneDrive\Desktop\Gadify-Backend\node_modules\@jsreport\jsreport-core\lib\shared\createError.js:10:13)
  at WorkerReporter.createError (C:\Users\barua\OneDrive\Desktop\Gadify-Backend\node_modules\@jsreport\jsreport-core\lib\shared\reporter.js:53:12)
  at executeEngine (C:\Users\barua\OneDrive\Desktop\Gadify-Backend\node_modules\@jsreport\jsreport-core\lib\worker\render\executeEngine.js:377:35)
  at async engine.engine (C:\Users\barua\OneDrive\Desktop\Gadify-Backend\node_modules\@jsreport\jsreport-core\lib\worker\render\executeEngine.js:162:14)
  at async invokeRender (C:\Users\barua\OneDrive\Desktop\Gadify-Backend\node_modules\@jsreport\jsreport-core\lib\worker\render\render.js:61:23)
  at async WorkerReporter._render (C:\Users\barua\OneDrive\Desktop\Gadify-Backend\node_modules\@jsreport\jsreport-core\lib\worker\render\render.js:148:7)
  at async C:\Users\barua\OneDrive\Desktop\Gadify-Backend\node_modules\@jsreport\jsreport-core\lib\worker\reporter.js:232:24
  at async processAndResponse (C:\Users\barua\OneDrive\Desktop\Gadify-Backend\node_modules\@jsreport\advanced-workers\lib\workerHandler.js:41:17) rootId=lhuetsyyb1hrg09, id=lhuetsyyb1hrg09
2025-03-12T12:28:24.617Z - warn: Rendering request 10 finished with error in 32 ms rootId=lhuetsyyb1hrg09, id=lhuetsyyb1hrg09
2025-03-12T12:28:34.001Z - debug: OData update on templates
2025-03-12T12:28:34.009Z - debug: OData query on templates
2025-03-12T12:28:34.373Z - info: Render request 11 queued for execution and waiting for available worker rootId=0y5f1xofznrbn9e, id=0y5f1xofznrbn9e
2025-03-12T12:28:34.376Z - info: Starting rendering request 11 rootId=0y5f1xofznrbn9e, id=0y5f1xofznrbn9e
2025-03-12T12:28:34.376Z - info: Rendering template { name: gadify_checklist, recipe: chrome-pdf, engine: handlebars, preview: true } rootId=0y5f1xofznrbn9e, id=0y5f1xofznrbn9e
2025-03-12T12:28:34.378Z - debug: Adding sample data A08XWGriC rootId=0y5f1xofznrbn9e, id=0y5f1xofznrbn9e
2025-03-12T12:28:34.379Z - debug: Base url not specified, skipping its injection. rootId=0y5f1xofznrbn9e, id=0y5f1xofznrbn9e
2025-03-12T12:28:34.379Z - debug: Rendering engine handlebars rootId=0y5f1xofznrbn9e, id=0y5f1xofznrbn9e
2025-03-12T12:28:34.402Z - warn: Error when processing render request 11
(because) error when evaluating engine handlebars for template /gadify_checklist
(because) missing helper: "slice"

(sandbox.js line 13:18)
Error: Missing helper: "slice"
  at Object.<anonymous> (C:\Users\barua\OneDrive\Desktop\Gadify-Backend\node_modules\handlebars\dist\cjs\handlebars\helpers\helper-missing.js:19:13)
  at Object.wrapper (C:\Users\barua\OneDrive\Desktop\Gadify-Backend\node_modules\handlebars\dist\cjs\handlebars\internal\wrapHelper.js:15:19)
  at 1 (eval at <anonymous> (eval at makeEvaluate (C:\Users\barua\OneDrive\Desktop\Gadify-Backend\node_modules\@jsreport\ses\index.js:6197:27)), <anonymous>:12:237)
  at prog (C:\Users\barua\OneDrive\Desktop\Gadify-Backend\node_modules\handlebars\dist\cjs\handlebars\runtime.js:268:12)
  at execIteration (C:\Users\barua\OneDrive\Desktop\Gadify-Backend\node_modules\handlebars\dist\cjs\handlebars\helpers\each.js:51:19)
  at Object.<anonymous> (C:\Users\barua\OneDrive\Desktop\Gadify-Backend\node_modules\handlebars\dist\cjs\handlebars\helpers\each.js:61:13)
  at Object.wrapper (C:\Users\barua\OneDrive\Desktop\Gadify-Backend\node_modules\handlebars\dist\cjs\handlebars\internal\wrapHelper.js:15:19)
  at Object.main (eval at <anonymous> (eval at makeEvaluate (C:\Users\barua\OneDrive\Desktop\Gadify-Backend\node_modules\@jsreport\ses\index.js:6197:27)), <anonymous>:59:49)
  at main (C:\Users\barua\OneDrive\Desktop\Gadify-Backend\node_modules\handlebars\dist\cjs\handlebars\runtime.js:208:32)
  at ret (C:\Users\barua\OneDrive\Desktop\Gadify-Backend\node_modules\handlebars\dist\cjs\handlebars\runtime.js:212:12)
  at Object.execute (C:\Users\barua\OneDrive\Desktop\Gadify-Backend\node_modules\@jsreport\jsreport-handlebars\lib\handlebarsEngine.js:80:14)
  at Object.execute (C:\Users\barua\OneDrive\Desktop\Gadify-Backend\node_modules\@jsreport\jsreport-handlebars\lib\worker.js:27:43)
  at executionFn (C:\Users\barua\OneDrive\Desktop\Gadify-Backend\node_modules\@jsreport\jsreport-core\lib\worker\render\executeEngine.js:273:42)
  at eval (sandbox.js:13:18)
  at async run (C:\Users\barua\OneDrive\Desktop\Gadify-Backend\node_modules\@jsreport\jsreport-core\lib\worker\sandbox\createSandbox.js:132:18)
  at async WorkerReporter.runInSandbox [as _runInSandbox] (C:\Users\barua\OneDrive\Desktop\Gadify-Backend\node_modules\@jsreport\jsreport-core\lib\worker\sandbox\runInSandbox.js:214:14)
wrapped by:
Error: Error when evaluating engine handlebars for template /gadify_checklist
(because) missing helper: "slice"
  at module.exports (C:\Users\barua\OneDrive\Desktop\Gadify-Backend\node_modules\@jsreport\jsreport-core\lib\shared\createError.js:10:13)
  at WorkerReporter.createError (C:\Users\barua\OneDrive\Desktop\Gadify-Backend\node_modules\@jsreport\jsreport-core\lib\shared\reporter.js:53:12)
  at executeEngine (C:\Users\barua\OneDrive\Desktop\Gadify-Backend\node_modules\@jsreport\jsreport-core\lib\worker\render\executeEngine.js:377:35)
  at async engine.engine (C:\Users\barua\OneDrive\Desktop\Gadify-Backend\node_modules\@jsreport\jsreport-core\lib\worker\render\executeEngine.js:162:14)
  at async invokeRender (C:\Users\barua\OneDrive\Desktop\Gadify-Backend\node_modules\@jsreport\jsreport-core\lib\worker\render\render.js:61:23)
  at async WorkerReporter._render (C:\Users\barua\OneDrive\Desktop\Gadify-Backend\node_modules\@jsreport\jsreport-core\lib\worker\render\render.js:148:7)
  at async C:\Users\barua\OneDrive\Desktop\Gadify-Backend\node_modules\@jsreport\jsreport-core\lib\worker\reporter.js:232:24
  at async processAndResponse (C:\Users\barua\OneDrive\Desktop\Gadify-Backend\node_modules\@jsreport\advanced-workers\lib\workerHandler.js:41:17) rootId=0y5f1xofznrbn9e, id=0y5f1xofznrbn9e
2025-03-12T12:28:34.402Z - warn: Rendering request 11 finished with error in 31 ms rootId=0y5f1xofznrbn9e, id=0y5f1xofznrbn9e
2025-03-12T12:28:42.546Z - debug: OData update on templates
2025-03-12T12:28:42.556Z - debug: OData query on templates
2025-03-12T12:28:43.276Z - info: Render request 12 queued for execution and waiting for available worker rootId=4290m8q73gou4z4, id=4290m8q73gou4z4
2025-03-12T12:28:43.279Z - info: Starting rendering request 12 rootId=4290m8q73gou4z4, id=4290m8q73gou4z4
2025-03-12T12:28:43.279Z - info: Rendering template { name: gadify_checklist, recipe: chrome-pdf, engine: handlebars, preview: true } rootId=4290m8q73gou4z4, id=4290m8q73gou4z4
2025-03-12T12:28:43.280Z - debug: Adding sample data A08XWGriC rootId=4290m8q73gou4z4, id=4290m8q73gou4z4
2025-03-12T12:28:43.280Z - debug: Base url not specified, skipping its injection. rootId=4290m8q73gou4z4, id=4290m8q73gou4z4
2025-03-12T12:28:43.281Z - debug: Rendering engine handlebars rootId=4290m8q73gou4z4, id=4290m8q73gou4z4
2025-03-12T12:28:43.295Z - debug: Executing recipe chrome-pdf rootId=4290m8q73gou4z4, id=4290m8q73gou4z4
2025-03-12T12:28:43.297Z - debug: Converting with chrome Chrome/133.0.6943.126 using chrome-pool strategy rootId=4290m8q73gou4z4, id=4290m8q73gou4z4
2025-03-12T12:28:43.570Z - debug: Page request: GET (document) file:///C:/Users/barua/AppData/Local/Temp/jsreport/autocleanup/acaf1650-aa32-4dab-90ab-2c7576228ba5-chrome-pdf.html rootId=4290m8q73gou4z4, id=4290m8q73gou4z4
2025-03-12T12:28:43.617Z - debug: Page request finished: GET (document) 200 file:///C:/Users/barua/AppData/Local/Temp/jsreport/autocleanup/acaf1650-aa32-4dab-90ab-2c7576228ba5-chrome-pdf.html rootId=4290m8q73gou4z4, id=4290m8q73gou4z4
2025-03-12T12:28:43.646Z - debug: Running chrome with params {"printBackground":true,"timeout":59977,"margin":{}} rootId=4290m8q73gou4z4, id=4290m8q73gou4z4
2025-03-12T12:28:44.042Z - debug: Skipping storing report. rootId=4290m8q73gou4z4, id=4290m8q73gou4z4
2025-03-12T12:28:44.042Z - info: Rendering request 12 finished in 768 ms rootId=4290m8q73gou4z4, id=4290m8q73gou4z4
2025-03-12T12:31:09.363Z - debug: OData update on data
2025-03-12T12:31:09.369Z - debug: OData query on data
2025-03-12T12:31:09.723Z - info: Render request 13 queued for execution and waiting for available worker rootId=3pvhwsf1yo7eh05, id=3pvhwsf1yo7eh05
2025-03-12T12:31:09.726Z - info: Starting rendering request 13 rootId=3pvhwsf1yo7eh05, id=3pvhwsf1yo7eh05
2025-03-12T12:31:09.726Z - info: Rendering template { name: gadify_checklist, recipe: chrome-pdf, engine: handlebars, preview: true } rootId=3pvhwsf1yo7eh05, id=3pvhwsf1yo7eh05
2025-03-12T12:31:09.726Z - debug: Adding sample data A08XWGriC rootId=3pvhwsf1yo7eh05, id=3pvhwsf1yo7eh05
2025-03-12T12:31:09.727Z - debug: Base url not specified, skipping its injection. rootId=3pvhwsf1yo7eh05, id=3pvhwsf1yo7eh05
2025-03-12T12:31:09.727Z - debug: Rendering engine handlebars rootId=3pvhwsf1yo7eh05, id=3pvhwsf1yo7eh05
2025-03-12T12:31:09.740Z - debug: Executing recipe chrome-pdf rootId=3pvhwsf1yo7eh05, id=3pvhwsf1yo7eh05
2025-03-12T12:31:09.742Z - debug: Converting with chrome Chrome/133.0.6943.126 using chrome-pool strategy rootId=3pvhwsf1yo7eh05, id=3pvhwsf1yo7eh05
2025-03-12T12:31:10.112Z - debug: Page request: GET (document) file:///C:/Users/barua/AppData/Local/Temp/jsreport/autocleanup/8dd57bd4-5d6a-48a7-93b4-d4173e6c7842-chrome-pdf.html rootId=3pvhwsf1yo7eh05, id=3pvhwsf1yo7eh05
2025-03-12T12:31:10.140Z - debug: Page request finished: GET (document) 200 file:///C:/Users/barua/AppData/Local/Temp/jsreport/autocleanup/8dd57bd4-5d6a-48a7-93b4-d4173e6c7842-chrome-pdf.html rootId=3pvhwsf1yo7eh05, id=3pvhwsf1yo7eh05
2025-03-12T12:31:10.168Z - debug: Running chrome with params {"printBackground":true,"timeout":59980,"margin":{}} rootId=3pvhwsf1yo7eh05, id=3pvhwsf1yo7eh05
2025-03-12T12:31:10.493Z - debug: Skipping storing report. rootId=3pvhwsf1yo7eh05, id=3pvhwsf1yo7eh05
2025-03-12T12:31:10.493Z - info: Rendering request 13 finished in 771 ms rootId=3pvhwsf1yo7eh05, id=3pvhwsf1yo7eh05
2025-03-12T12:32:03.053Z - debug: OData update on data
2025-03-12T12:32:03.059Z - debug: OData query on data
2025-03-12T12:32:04.827Z - info: Render request 14 queued for execution and waiting for available worker rootId=9kws9lcsv4auwu1, id=9kws9lcsv4auwu1
2025-03-12T12:32:04.829Z - info: Starting rendering request 14 rootId=9kws9lcsv4auwu1, id=9kws9lcsv4auwu1
2025-03-12T12:32:04.829Z - info: Rendering template { name: gadify_checklist, recipe: chrome-pdf, engine: handlebars, preview: true } rootId=9kws9lcsv4auwu1, id=9kws9lcsv4auwu1
2025-03-12T12:32:04.830Z - debug: Adding sample data A08XWGriC rootId=9kws9lcsv4auwu1, id=9kws9lcsv4auwu1
2025-03-12T12:32:04.830Z - debug: Base url not specified, skipping its injection. rootId=9kws9lcsv4auwu1, id=9kws9lcsv4auwu1
2025-03-12T12:32:04.830Z - debug: Rendering engine handlebars rootId=9kws9lcsv4auwu1, id=9kws9lcsv4auwu1
2025-03-12T12:32:04.842Z - debug: Executing recipe chrome-pdf rootId=9kws9lcsv4auwu1, id=9kws9lcsv4auwu1
2025-03-12T12:32:04.844Z - debug: Converting with chrome Chrome/133.0.6943.126 using chrome-pool strategy rootId=9kws9lcsv4auwu1, id=9kws9lcsv4auwu1
2025-03-12T12:32:04.900Z - debug: Page request: GET (document) file:///C:/Users/barua/AppData/Local/Temp/jsreport/autocleanup/54c39e31-21a2-46fa-84be-2d0ed419e870-chrome-pdf.html rootId=9kws9lcsv4auwu1, id=9kws9lcsv4auwu1
2025-03-12T12:32:04.932Z - debug: Page request finished: GET (document) 200 file:///C:/Users/barua/AppData/Local/Temp/jsreport/autocleanup/54c39e31-21a2-46fa-84be-2d0ed419e870-chrome-pdf.html rootId=9kws9lcsv4auwu1, id=9kws9lcsv4auwu1
2025-03-12T12:32:04.958Z - debug: Running chrome with params {"printBackground":true,"timeout":59983,"margin":{}} rootId=9kws9lcsv4auwu1, id=9kws9lcsv4auwu1
2025-03-12T12:32:05.302Z - debug: Skipping storing report. rootId=9kws9lcsv4auwu1, id=9kws9lcsv4auwu1
2025-03-12T12:32:05.302Z - info: Rendering request 14 finished in 476 ms rootId=9kws9lcsv4auwu1, id=9kws9lcsv4auwu1
2025-03-12T12:34:27.392Z - debug: OData update on templates
2025-03-12T12:34:27.399Z - debug: OData query on templates
2025-03-12T12:35:13.812Z - debug: OData update on templates
2025-03-12T12:35:13.822Z - debug: OData query on templates
2025-03-12T12:35:15.115Z - info: Render request 15 queued for execution and waiting for available worker rootId=h1ooevp9bmyp62e, id=h1ooevp9bmyp62e
2025-03-12T12:35:15.118Z - info: Starting rendering request 15 rootId=h1ooevp9bmyp62e, id=h1ooevp9bmyp62e
2025-03-12T12:35:15.118Z - info: Rendering template { name: gadify_checklist, recipe: chrome-pdf, engine: handlebars, preview: true } rootId=h1ooevp9bmyp62e, id=h1ooevp9bmyp62e
2025-03-12T12:35:15.119Z - debug: Adding sample data A08XWGriC rootId=h1ooevp9bmyp62e, id=h1ooevp9bmyp62e
2025-03-12T12:35:15.119Z - debug: Base url not specified, skipping its injection. rootId=h1ooevp9bmyp62e, id=h1ooevp9bmyp62e
2025-03-12T12:35:15.120Z - debug: Rendering engine handlebars rootId=h1ooevp9bmyp62e, id=h1ooevp9bmyp62e
2025-03-12T12:35:15.132Z - debug: Executing recipe chrome-pdf rootId=h1ooevp9bmyp62e, id=h1ooevp9bmyp62e
2025-03-12T12:35:15.134Z - debug: Converting with chrome Chrome/133.0.6943.126 using chrome-pool strategy rootId=h1ooevp9bmyp62e, id=h1ooevp9bmyp62e
2025-03-12T12:35:15.188Z - debug: Page request: GET (document) file:///C:/Users/barua/AppData/Local/Temp/jsreport/autocleanup/b8d3bcc1-098a-4cc3-bb46-26127924b08f-chrome-pdf.html rootId=h1ooevp9bmyp62e, id=h1ooevp9bmyp62e
2025-03-12T12:35:15.221Z - debug: Page request finished: GET (document) 200 file:///C:/Users/barua/AppData/Local/Temp/jsreport/autocleanup/b8d3bcc1-098a-4cc3-bb46-26127924b08f-chrome-pdf.html rootId=h1ooevp9bmyp62e, id=h1ooevp9bmyp62e
2025-03-12T12:35:15.253Z - debug: Running chrome with params {"printBackground":true,"timeout":59981,"margin":{}} rootId=h1ooevp9bmyp62e, id=h1ooevp9bmyp62e
2025-03-12T12:35:15.567Z - debug: Skipping storing report. rootId=h1ooevp9bmyp62e, id=h1ooevp9bmyp62e
2025-03-12T12:35:15.567Z - info: Rendering request 15 finished in 453 ms rootId=h1ooevp9bmyp62e, id=h1ooevp9bmyp62e
2025-03-12T12:53:17.290Z - info: Initializing jsreport (version: 4.8.0, configuration file: none, nodejs: 20.15.1)
2025-03-12T12:53:17.293Z - info: Searching for available extensions in C:\Users\barua\OneDrive\Desktop\Gadify-Backend\
2025-03-12T12:53:17.300Z - info: Extensions location cache contains up to date information, skipping crawling in C:\Users\barua\OneDrive\Desktop\Gadify-Backend\
2025-03-12T12:53:17.384Z - info: Found 35 extension(s)
2025-03-12T12:53:17.422Z - debug: Writing extension locations cache to C:\Users\barua\AppData\Local\Temp\jsreport\core\locations.json
2025-03-12T12:53:17.423Z - debug: Discovered 35 extensions
2025-03-12T12:53:17.455Z - info: Using extension authentication@4.2.3
2025-03-12T12:53:17.686Z - debug: Extension authentication@4.2.3 was disabled
2025-03-12T12:53:17.686Z - info: Using extension base@4.0.0
2025-03-12T12:53:17.689Z - info: Using extension child-templates@4.1.0
2025-03-12T12:53:17.691Z - info: Using extension cli@4.1.0
2025-03-12T12:53:17.695Z - info: Using extension components@4.0.2
2025-03-12T12:53:17.698Z - info: Using extension data@4.1.0
2025-03-12T12:53:17.699Z - info: Using extension express@4.2.0
2025-03-12T12:53:18.055Z - info: Using extension freeze@4.0.0
2025-03-12T12:53:18.058Z - info: Using extension fs-store@4.1.0
2025-03-12T12:53:18.232Z - debug: Extension fs-store@4.1.0 was disabled
2025-03-12T12:53:18.233Z - info: Using extension handlebars@4.0.1
2025-03-12T12:53:18.234Z - info: Using extension import-export@4.0.6
2025-03-12T12:53:18.258Z - info: Using extension jsrender@4.0.0
2025-03-12T12:53:18.259Z - info: Using extension licensing@4.0.4
2025-03-12T12:53:18.305Z - info: Using extension localization@4.0.1
2025-03-12T12:53:18.306Z - info: Using extension npm@4.0.0
2025-03-12T12:53:18.309Z - info: Using extension pdf-utils@4.3.0
2025-03-12T12:53:18.312Z - info: Using extension reports@4.1.3
2025-03-12T12:53:18.315Z - info: Using extension tags@4.0.1
2025-03-12T12:53:18.317Z - info: Using extension text@4.0.2
2025-03-12T12:53:18.318Z - info: Using extension version-control@4.1.0
2025-03-12T12:53:18.335Z - info: Using extension assets@4.2.1
2025-03-12T12:53:18.353Z - info: Using extension authorization@4.1.0
2025-03-12T12:53:18.359Z - debug: Extension authorization@4.1.0 was disabled
2025-03-12T12:53:18.360Z - info: Using extension browser-client@4.1.0
2025-03-12T12:53:18.363Z - info: Using extension chrome-pdf@4.1.1
2025-03-12T12:53:18.366Z - debug: Chrome strategy is chrome-pool, numberOfWorkers: 1
2025-03-12T12:53:18.366Z - debug: Chrome custom launch options are protocolTimeout=60000
2025-03-12T12:53:18.367Z - info: Using extension docx@4.7.0
2025-03-12T12:53:18.370Z - info: Using extension html-to-xlsx@4.2.0
2025-03-12T12:53:18.651Z - info: html-to-xlsx detected chrome as available html engine
2025-03-12T12:53:18.652Z - info: Using extension pptx@4.4.0
2025-03-12T12:53:18.655Z - info: Using extension scheduling@4.1.0
2025-03-12T12:53:18.687Z - info: Using extension scripts@4.2.0
2025-03-12T12:53:18.689Z - info: Using extension static-pdf@4.1.0
2025-03-12T12:53:18.691Z - info: Using extension studio@4.3.0
2025-03-12T12:53:18.795Z - info: Using extension xlsx@4.4.0
2025-03-12T12:53:18.797Z - info: Using extension public-templates@4.0.0
2025-03-12T12:53:18.799Z - debug: Extension public-templates@4.0.0 was disabled
2025-03-12T12:53:18.799Z - info: Using extension sample-template@4.0.1
2025-03-12T12:53:18.801Z - info: Using extension studio-theme-dark@4.0.0
2025-03-12T12:53:18.803Z - info: Using general timeout for rendering (reportTimeout: 60000)
2025-03-12T12:53:18.803Z - info: Using memory provider for template store. The saved templates will be lost after restart
2025-03-12T12:53:18.817Z - debug: studio default theme is: light
2025-03-12T12:53:18.821Z - info: Creating default express app.
2025-03-12T12:53:18.850Z - info: jsreport server successfully started on http port: 5488
2025-03-12T12:53:18.851Z - info: Verifying license key free
2025-03-12T12:53:18.852Z - info: Using free license
2025-03-12T12:53:18.857Z - info: Migrating templates chrome settings (waitForNetworkIddle -> waitForNetworkIdle)
2025-03-12T12:53:18.858Z - info: Migration successful
2025-03-12T12:53:18.859Z - debug: Creating samples is disabled
2025-03-12T12:53:18.859Z - info: Initializing worker threads
2025-03-12T12:53:18.859Z - debug: Extensions in workers: base, child-templates, components, data, express, handlebars, jsrender, localization, npm, pdf-utils, reports, text, version-control, assets, browser-client, chrome-pdf, docx, html-to-xlsx, pptx, scripts, static-pdf, studio, xlsx
2025-03-12T12:53:19.437Z - info: 2 worker threads initialized in 578ms
2025-03-12T12:53:19.437Z - info: Starting temp files cleanup with 180000ms threshold
2025-03-12T12:53:19.438Z - info: reporter initialized
2025-03-12T12:53:35.103Z - info: Render request 1 queued for execution and waiting for available worker rootId=8y89ke4dat6tvvg, id=8y89ke4dat6tvvg
2025-03-12T12:53:35.116Z - info: Starting rendering request 1 rootId=8y89ke4dat6tvvg, id=8y89ke4dat6tvvg
2025-03-12T12:53:35.116Z - info: Rendering anonymous template { recipe: chrome-pdf, engine: handlebars } rootId=8y89ke4dat6tvvg, id=8y89ke4dat6tvvg
2025-03-12T12:53:35.116Z - debug: Inline data specified. rootId=8y89ke4dat6tvvg, id=8y89ke4dat6tvvg
2025-03-12T12:53:35.118Z - debug: Base url not specified, skipping its injection. rootId=8y89ke4dat6tvvg, id=8y89ke4dat6tvvg
2025-03-12T12:53:35.119Z - debug: Rendering engine handlebars rootId=8y89ke4dat6tvvg, id=8y89ke4dat6tvvg
2025-03-12T12:53:35.721Z - debug: Executing recipe chrome-pdf rootId=8y89ke4dat6tvvg, id=8y89ke4dat6tvvg
2025-03-12T12:53:36.347Z - debug: Converting with chrome Chrome/133.0.6943.126 using chrome-pool strategy rootId=8y89ke4dat6tvvg, id=8y89ke4dat6tvvg
2025-03-12T12:53:36.402Z - debug: Page request: GET (document) file:///C:/Users/barua/AppData/Local/Temp/jsreport/autocleanup/90410802-654b-4e2e-bba4-94af53e9251f-chrome-pdf.html rootId=8y89ke4dat6tvvg, id=8y89ke4dat6tvvg
2025-03-12T12:53:36.431Z - debug: Page request finished: GET (document) 200 file:///C:/Users/barua/AppData/Local/Temp/jsreport/autocleanup/90410802-654b-4e2e-bba4-94af53e9251f-chrome-pdf.html rootId=8y89ke4dat6tvvg, id=8y89ke4dat6tvvg
2025-03-12T12:53:36.465Z - debug: Running chrome with params {"timeout":59373,"margin":{},"printBackground":true} rootId=8y89ke4dat6tvvg, id=8y89ke4dat6tvvg
2025-03-12T12:53:36.955Z - debug: Skipping storing report. rootId=8y89ke4dat6tvvg, id=8y89ke4dat6tvvg
2025-03-12T12:53:36.955Z - info: Rendering request 1 finished in 1854 ms rootId=8y89ke4dat6tvvg, id=8y89ke4dat6tvvg
2025-03-12T12:55:03.393Z - info: Initializing jsreport (version: 4.8.0, configuration file: none, nodejs: 20.15.1)
2025-03-12T12:55:03.396Z - info: Searching for available extensions in C:\Users\barua\OneDrive\Desktop\Gadify-Backend\
2025-03-12T12:55:03.400Z - info: Extensions location cache contains up to date information, skipping crawling in C:\Users\barua\OneDrive\Desktop\Gadify-Backend\
2025-03-12T12:55:03.469Z - info: Found 35 extension(s)
2025-03-12T12:55:03.495Z - debug: Writing extension locations cache to C:\Users\barua\AppData\Local\Temp\jsreport\core\locations.json
2025-03-12T12:55:03.497Z - debug: Discovered 35 extensions
2025-03-12T12:55:03.530Z - info: Using extension authentication@4.2.3
2025-03-12T12:55:03.717Z - debug: Extension authentication@4.2.3 was disabled
2025-03-12T12:55:03.717Z - info: Using extension base@4.0.0
2025-03-12T12:55:03.720Z - info: Using extension child-templates@4.1.0
2025-03-12T12:55:03.721Z - info: Using extension cli@4.1.0
2025-03-12T12:55:03.724Z - info: Using extension components@4.0.2
2025-03-12T12:55:03.726Z - info: Using extension data@4.1.0
2025-03-12T12:55:03.727Z - info: Using extension express@4.2.0
2025-03-12T12:55:03.973Z - info: Using extension freeze@4.0.0
2025-03-12T12:55:03.975Z - info: Using extension fs-store@4.1.0
2025-03-12T12:55:04.109Z - debug: Extension fs-store@4.1.0 was disabled
2025-03-12T12:55:04.109Z - info: Using extension handlebars@4.0.1
2025-03-12T12:55:04.111Z - info: Using extension import-export@4.0.6
2025-03-12T12:55:04.128Z - info: Using extension jsrender@4.0.0
2025-03-12T12:55:04.130Z - info: Using extension licensing@4.0.4
2025-03-12T12:55:04.164Z - info: Using extension localization@4.0.1
2025-03-12T12:55:04.166Z - info: Using extension npm@4.0.0
2025-03-12T12:55:04.171Z - info: Using extension pdf-utils@4.3.0
2025-03-12T12:55:04.173Z - info: Using extension reports@4.1.3
2025-03-12T12:55:04.176Z - info: Using extension tags@4.0.1
2025-03-12T12:55:04.178Z - info: Using extension text@4.0.2
2025-03-12T12:55:04.179Z - info: Using extension version-control@4.1.0
2025-03-12T12:55:04.192Z - info: Using extension assets@4.2.1
2025-03-12T12:55:04.206Z - info: Using extension authorization@4.1.0
2025-03-12T12:55:04.210Z - debug: Extension authorization@4.1.0 was disabled
2025-03-12T12:55:04.211Z - info: Using extension browser-client@4.1.0
2025-03-12T12:55:04.214Z - info: Using extension chrome-pdf@4.1.1
2025-03-12T12:55:04.231Z - debug: Chrome strategy is chrome-pool, numberOfWorkers: 1
2025-03-12T12:55:04.232Z - debug: Chrome custom launch options are protocolTimeout=60000
2025-03-12T12:55:04.233Z - info: Using extension docx@4.7.0
2025-03-12T12:55:04.237Z - info: Using extension html-to-xlsx@4.2.0
2025-03-12T12:55:04.452Z - info: html-to-xlsx detected chrome as available html engine
2025-03-12T12:55:04.452Z - info: Using extension pptx@4.4.0
2025-03-12T12:55:04.455Z - info: Using extension scheduling@4.1.0
2025-03-12T12:55:04.479Z - info: Using extension scripts@4.2.0
2025-03-12T12:55:04.480Z - info: Using extension static-pdf@4.1.0
2025-03-12T12:55:04.481Z - info: Using extension studio@4.3.0
2025-03-12T12:55:04.551Z - info: Using extension xlsx@4.4.0
2025-03-12T12:55:04.553Z - info: Using extension public-templates@4.0.0
2025-03-12T12:55:04.555Z - debug: Extension public-templates@4.0.0 was disabled
2025-03-12T12:55:04.555Z - info: Using extension sample-template@4.0.1
2025-03-12T12:55:04.557Z - info: Using extension studio-theme-dark@4.0.0
2025-03-12T12:55:04.558Z - info: Using general timeout for rendering (reportTimeout: 60000)
2025-03-12T12:55:04.559Z - info: Using memory provider for template store. The saved templates will be lost after restart
2025-03-12T12:55:04.568Z - debug: studio default theme is: light
2025-03-12T12:55:04.572Z - info: Creating default express app.
2025-03-12T12:55:04.590Z - info: jsreport server successfully started on http port: 5488
2025-03-12T12:55:04.592Z - info: Verifying license key free
2025-03-12T12:55:04.593Z - info: Using free license
2025-03-12T12:55:04.598Z - info: Migrating templates chrome settings (waitForNetworkIddle -> waitForNetworkIdle)
2025-03-12T12:55:04.599Z - info: Migration successful
2025-03-12T12:55:04.600Z - debug: Creating samples is disabled
2025-03-12T12:55:04.600Z - info: Initializing worker threads
2025-03-12T12:55:04.601Z - debug: Extensions in workers: base, child-templates, components, data, express, handlebars, jsrender, localization, npm, pdf-utils, reports, text, version-control, assets, browser-client, chrome-pdf, docx, html-to-xlsx, pptx, scripts, static-pdf, studio, xlsx
2025-03-12T12:55:05.148Z - info: 2 worker threads initialized in 548ms
2025-03-12T12:55:05.149Z - info: Starting temp files cleanup with 180000ms threshold
2025-03-12T12:55:05.150Z - info: reporter initialized
2025-03-12T12:55:19.206Z - info: Initializing jsreport (version: 4.8.0, configuration file: none, nodejs: 20.15.1)
2025-03-12T12:55:19.209Z - info: Searching for available extensions in C:\Users\barua\OneDrive\Desktop\Gadify-Backend\
2025-03-12T12:55:19.213Z - info: Extensions location cache contains up to date information, skipping crawling in C:\Users\barua\OneDrive\Desktop\Gadify-Backend\
2025-03-12T12:55:19.281Z - info: Found 35 extension(s)
2025-03-12T12:55:19.305Z - debug: Writing extension locations cache to C:\Users\barua\AppData\Local\Temp\jsreport\core\locations.json
2025-03-12T12:55:19.307Z - debug: Discovered 35 extensions
2025-03-12T12:55:19.345Z - info: Using extension authentication@4.2.3
2025-03-12T12:55:19.503Z - debug: Extension authentication@4.2.3 was disabled
2025-03-12T12:55:19.504Z - info: Using extension base@4.0.0
2025-03-12T12:55:19.507Z - info: Using extension child-templates@4.1.0
2025-03-12T12:55:19.508Z - info: Using extension cli@4.1.0
2025-03-12T12:55:19.512Z - info: Using extension components@4.0.2
2025-03-12T12:55:19.513Z - info: Using extension data@4.1.0
2025-03-12T12:55:19.514Z - info: Using extension express@4.2.0
2025-03-12T12:55:19.754Z - info: Using extension freeze@4.0.0
2025-03-12T12:55:19.755Z - info: Using extension fs-store@4.1.0
2025-03-12T12:55:19.894Z - debug: Extension fs-store@4.1.0 was disabled
2025-03-12T12:55:19.894Z - info: Using extension handlebars@4.0.1
2025-03-12T12:55:19.896Z - info: Using extension import-export@4.0.6
2025-03-12T12:55:19.914Z - info: Using extension jsrender@4.0.0
2025-03-12T12:55:19.916Z - info: Using extension licensing@4.0.4
2025-03-12T12:55:19.951Z - info: Using extension localization@4.0.1
2025-03-12T12:55:19.952Z - info: Using extension npm@4.0.0
2025-03-12T12:55:19.957Z - info: Using extension pdf-utils@4.3.0
2025-03-12T12:55:19.958Z - info: Using extension reports@4.1.3
2025-03-12T12:55:19.961Z - info: Using extension tags@4.0.1
2025-03-12T12:55:19.963Z - info: Using extension text@4.0.2
2025-03-12T12:55:19.964Z - info: Using extension version-control@4.1.0
2025-03-12T12:55:19.975Z - info: Using extension assets@4.2.1
2025-03-12T12:55:19.988Z - info: Using extension authorization@4.1.0
2025-03-12T12:55:19.993Z - debug: Extension authorization@4.1.0 was disabled
2025-03-12T12:55:19.994Z - info: Using extension browser-client@4.1.0
2025-03-12T12:55:19.996Z - info: Using extension chrome-pdf@4.1.1
2025-03-12T12:55:19.999Z - debug: Chrome strategy is chrome-pool, numberOfWorkers: 1
2025-03-12T12:55:19.999Z - debug: Chrome custom launch options are protocolTimeout=60000
2025-03-12T12:55:19.999Z - info: Using extension docx@4.7.0
2025-03-12T12:55:20.002Z - info: Using extension html-to-xlsx@4.2.0
2025-03-12T12:55:20.181Z - info: html-to-xlsx detected chrome as available html engine
2025-03-12T12:55:20.182Z - info: Using extension pptx@4.4.0
2025-03-12T12:55:20.184Z - info: Using extension scheduling@4.1.0
2025-03-12T12:55:20.206Z - info: Using extension scripts@4.2.0
2025-03-12T12:55:20.207Z - info: Using extension static-pdf@4.1.0
2025-03-12T12:55:20.208Z - info: Using extension studio@4.3.0
2025-03-12T12:55:20.281Z - info: Using extension xlsx@4.4.0
2025-03-12T12:55:20.284Z - info: Using extension public-templates@4.0.0
2025-03-12T12:55:20.286Z - debug: Extension public-templates@4.0.0 was disabled
2025-03-12T12:55:20.286Z - info: Using extension sample-template@4.0.1
2025-03-12T12:55:20.288Z - info: Using extension studio-theme-dark@4.0.0
2025-03-12T12:55:20.290Z - info: Using general timeout for rendering (reportTimeout: 60000)
2025-03-12T12:55:20.290Z - info: Using memory provider for template store. The saved templates will be lost after restart
2025-03-12T12:55:20.303Z - debug: studio default theme is: light
2025-03-12T12:55:20.309Z - info: Creating default express app.
2025-03-12T12:55:20.328Z - info: jsreport server successfully started on http port: 5488
2025-03-12T12:55:20.330Z - info: Verifying license key free
2025-03-12T12:55:20.331Z - info: Using free license
2025-03-12T12:55:20.336Z - info: Migrating templates chrome settings (waitForNetworkIddle -> waitForNetworkIdle)
2025-03-12T12:55:20.337Z - info: Migration successful
2025-03-12T12:55:20.338Z - debug: Creating samples is disabled
2025-03-12T12:55:20.339Z - info: Initializing worker threads
2025-03-12T12:55:20.339Z - debug: Extensions in workers: base, child-templates, components, data, express, handlebars, jsrender, localization, npm, pdf-utils, reports, text, version-control, assets, browser-client, chrome-pdf, docx, html-to-xlsx, pptx, scripts, static-pdf, studio, xlsx
2025-03-12T12:55:20.914Z - info: 2 worker threads initialized in 575ms
2025-03-12T12:55:20.915Z - info: Starting temp files cleanup with 180000ms threshold
2025-03-12T12:55:20.915Z - info: reporter initialized
2025-03-12T12:55:33.281Z - info: Initializing jsreport (version: 4.8.0, configuration file: none, nodejs: 20.15.1)
2025-03-12T12:55:33.284Z - info: Searching for available extensions in C:\Users\barua\OneDrive\Desktop\Gadify-Backend\
2025-03-12T12:55:33.288Z - info: Extensions location cache contains up to date information, skipping crawling in C:\Users\barua\OneDrive\Desktop\Gadify-Backend\
2025-03-12T12:55:33.350Z - info: Found 35 extension(s)
2025-03-12T12:55:33.375Z - debug: Writing extension locations cache to C:\Users\barua\AppData\Local\Temp\jsreport\core\locations.json
2025-03-12T12:55:33.377Z - debug: Discovered 35 extensions
2025-03-12T12:55:33.411Z - info: Using extension authentication@4.2.3
2025-03-12T12:55:33.614Z - debug: Extension authentication@4.2.3 was disabled
2025-03-12T12:55:33.615Z - info: Using extension base@4.0.0
2025-03-12T12:55:33.618Z - info: Using extension child-templates@4.1.0
2025-03-12T12:55:33.619Z - info: Using extension cli@4.1.0
2025-03-12T12:55:33.622Z - info: Using extension components@4.0.2
2025-03-12T12:55:33.623Z - info: Using extension data@4.1.0
2025-03-12T12:55:33.625Z - info: Using extension express@4.2.0
2025-03-12T12:55:33.871Z - info: Using extension freeze@4.0.0
2025-03-12T12:55:33.873Z - info: Using extension fs-store@4.1.0
2025-03-12T12:55:34.010Z - debug: Extension fs-store@4.1.0 was disabled
2025-03-12T12:55:34.010Z - info: Using extension handlebars@4.0.1
2025-03-12T12:55:34.012Z - info: Using extension import-export@4.0.6
2025-03-12T12:55:34.029Z - info: Using extension jsrender@4.0.0
2025-03-12T12:55:34.030Z - info: Using extension licensing@4.0.4
2025-03-12T12:55:34.070Z - info: Using extension localization@4.0.1
2025-03-12T12:55:34.072Z - info: Using extension npm@4.0.0
2025-03-12T12:55:34.078Z - info: Using extension pdf-utils@4.3.0
2025-03-12T12:55:34.080Z - info: Using extension reports@4.1.3
2025-03-12T12:55:34.082Z - info: Using extension tags@4.0.1
2025-03-12T12:55:34.084Z - info: Using extension text@4.0.2
2025-03-12T12:55:34.085Z - info: Using extension version-control@4.1.0
2025-03-12T12:55:34.096Z - info: Using extension assets@4.2.1
2025-03-12T12:55:34.109Z - info: Using extension authorization@4.1.0
2025-03-12T12:55:34.114Z - debug: Extension authorization@4.1.0 was disabled
2025-03-12T12:55:34.114Z - info: Using extension browser-client@4.1.0
2025-03-12T12:55:34.117Z - info: Using extension chrome-pdf@4.1.1
2025-03-12T12:55:34.120Z - debug: Chrome strategy is chrome-pool, numberOfWorkers: 1
2025-03-12T12:55:34.120Z - debug: Chrome custom launch options are protocolTimeout=60000
2025-03-12T12:55:34.121Z - info: Using extension docx@4.7.0
2025-03-12T12:55:34.123Z - info: Using extension html-to-xlsx@4.2.0
2025-03-12T12:55:34.308Z - info: html-to-xlsx detected chrome as available html engine
2025-03-12T12:55:34.309Z - info: Using extension pptx@4.4.0
2025-03-12T12:55:34.311Z - info: Using extension scheduling@4.1.0
2025-03-12T12:55:34.335Z - info: Using extension scripts@4.2.0
2025-03-12T12:55:34.336Z - info: Using extension static-pdf@4.1.0
2025-03-12T12:55:34.337Z - info: Using extension studio@4.3.0
2025-03-12T12:55:34.405Z - info: Using extension xlsx@4.4.0
2025-03-12T12:55:34.408Z - info: Using extension public-templates@4.0.0
2025-03-12T12:55:34.409Z - debug: Extension public-templates@4.0.0 was disabled
2025-03-12T12:55:34.409Z - info: Using extension sample-template@4.0.1
2025-03-12T12:55:34.411Z - info: Using extension studio-theme-dark@4.0.0
2025-03-12T12:55:34.413Z - info: Using general timeout for rendering (reportTimeout: 60000)
2025-03-12T12:55:34.413Z - info: Using memory provider for template store. The saved templates will be lost after restart
2025-03-12T12:55:34.423Z - debug: studio default theme is: light
2025-03-12T12:55:34.427Z - info: Creating default express app.
2025-03-12T12:55:34.443Z - info: jsreport server successfully started on http port: 5488
2025-03-12T12:55:34.445Z - info: Verifying license key free
2025-03-12T12:55:34.445Z - info: Using free license
2025-03-12T12:55:34.451Z - info: Migrating templates chrome settings (waitForNetworkIddle -> waitForNetworkIdle)
2025-03-12T12:55:34.452Z - info: Migration successful
2025-03-12T12:55:34.453Z - debug: Creating samples is disabled
2025-03-12T12:55:34.453Z - info: Initializing worker threads
2025-03-12T12:55:34.454Z - debug: Extensions in workers: base, child-templates, components, data, express, handlebars, jsrender, localization, npm, pdf-utils, reports, text, version-control, assets, browser-client, chrome-pdf, docx, html-to-xlsx, pptx, scripts, static-pdf, studio, xlsx
2025-03-12T12:55:37.855Z - info: Initializing jsreport (version: 4.8.0, configuration file: none, nodejs: 20.15.1)
2025-03-12T12:55:37.858Z - info: Searching for available extensions in C:\Users\barua\OneDrive\Desktop\Gadify-Backend\
2025-03-12T12:55:37.863Z - info: Extensions location cache contains up to date information, skipping crawling in C:\Users\barua\OneDrive\Desktop\Gadify-Backend\
2025-03-12T12:55:37.937Z - info: Found 35 extension(s)
2025-03-12T12:55:37.968Z - debug: Writing extension locations cache to C:\Users\barua\AppData\Local\Temp\jsreport\core\locations.json
2025-03-12T12:55:37.973Z - debug: Discovered 35 extensions
2025-03-12T12:55:38.029Z - info: Using extension authentication@4.2.3
2025-03-12T12:55:38.185Z - debug: Extension authentication@4.2.3 was disabled
2025-03-12T12:55:38.186Z - info: Using extension base@4.0.0
2025-03-12T12:55:38.189Z - info: Using extension child-templates@4.1.0
2025-03-12T12:55:38.190Z - info: Using extension cli@4.1.0
2025-03-12T12:55:38.192Z - info: Using extension components@4.0.2
2025-03-12T12:55:38.194Z - info: Using extension data@4.1.0
2025-03-12T12:55:38.196Z - info: Using extension express@4.2.0
2025-03-12T12:55:38.436Z - info: Using extension freeze@4.0.0
2025-03-12T12:55:38.439Z - info: Using extension fs-store@4.1.0
2025-03-12T12:55:38.560Z - debug: Extension fs-store@4.1.0 was disabled
2025-03-12T12:55:38.561Z - info: Using extension handlebars@4.0.1
2025-03-12T12:55:38.563Z - info: Using extension import-export@4.0.6
2025-03-12T12:55:38.581Z - info: Using extension jsrender@4.0.0
2025-03-12T12:55:38.582Z - info: Using extension licensing@4.0.4
2025-03-12T12:55:38.620Z - info: Using extension localization@4.0.1
2025-03-12T12:55:38.621Z - info: Using extension npm@4.0.0
2025-03-12T12:55:38.627Z - info: Using extension pdf-utils@4.3.0
2025-03-12T12:55:38.630Z - info: Using extension reports@4.1.3
2025-03-12T12:55:38.633Z - info: Using extension tags@4.0.1
2025-03-12T12:55:38.634Z - info: Using extension text@4.0.2
2025-03-12T12:55:38.636Z - info: Using extension version-control@4.1.0
2025-03-12T12:55:38.649Z - info: Using extension assets@4.2.1
2025-03-12T12:55:38.662Z - info: Using extension authorization@4.1.0
2025-03-12T12:55:38.666Z - debug: Extension authorization@4.1.0 was disabled
2025-03-12T12:55:38.666Z - info: Using extension browser-client@4.1.0
2025-03-12T12:55:38.669Z - info: Using extension chrome-pdf@4.1.1
2025-03-12T12:55:38.672Z - debug: Chrome strategy is chrome-pool, numberOfWorkers: 1
2025-03-12T12:55:38.672Z - debug: Chrome custom launch options are protocolTimeout=60000
2025-03-12T12:55:38.673Z - info: Using extension docx@4.7.0
2025-03-12T12:55:38.675Z - info: Using extension html-to-xlsx@4.2.0
2025-03-12T12:55:38.872Z - info: html-to-xlsx detected chrome as available html engine
2025-03-12T12:55:38.872Z - info: Using extension pptx@4.4.0
2025-03-12T12:55:38.874Z - info: Using extension scheduling@4.1.0
2025-03-12T12:55:38.899Z - info: Using extension scripts@4.2.0
2025-03-12T12:55:38.900Z - info: Using extension static-pdf@4.1.0
2025-03-12T12:55:38.901Z - info: Using extension studio@4.3.0
2025-03-12T12:55:38.969Z - info: Using extension xlsx@4.4.0
2025-03-12T12:55:38.971Z - info: Using extension public-templates@4.0.0
2025-03-12T12:55:38.973Z - debug: Extension public-templates@4.0.0 was disabled
2025-03-12T12:55:38.973Z - info: Using extension sample-template@4.0.1
2025-03-12T12:55:38.975Z - info: Using extension studio-theme-dark@4.0.0
2025-03-12T12:55:38.977Z - info: Using general timeout for rendering (reportTimeout: 60000)
2025-03-12T12:55:38.977Z - info: Using memory provider for template store. The saved templates will be lost after restart
2025-03-12T12:55:38.987Z - debug: studio default theme is: light
2025-03-12T12:55:38.992Z - info: Creating default express app.
2025-03-12T12:55:39.008Z - info: jsreport server successfully started on http port: 5488
2025-03-12T12:55:39.009Z - info: Verifying license key free
2025-03-12T12:55:39.010Z - info: Using free license
2025-03-12T12:55:39.015Z - info: Migrating templates chrome settings (waitForNetworkIddle -> waitForNetworkIdle)
2025-03-12T12:55:39.016Z - info: Migration successful
2025-03-12T12:55:39.017Z - debug: Creating samples is disabled
2025-03-12T12:55:39.018Z - info: Initializing worker threads
2025-03-12T12:55:39.018Z - debug: Extensions in workers: base, child-templates, components, data, express, handlebars, jsrender, localization, npm, pdf-utils, reports, text, version-control, assets, browser-client, chrome-pdf, docx, html-to-xlsx, pptx, scripts, static-pdf, studio, xlsx
2025-03-12T12:55:42.750Z - info: Initializing jsreport (version: 4.8.0, configuration file: none, nodejs: 20.15.1)
2025-03-12T12:55:42.753Z - info: Searching for available extensions in C:\Users\barua\OneDrive\Desktop\Gadify-Backend\
2025-03-12T12:55:42.757Z - info: Extensions location cache contains up to date information, skipping crawling in C:\Users\barua\OneDrive\Desktop\Gadify-Backend\
2025-03-12T12:55:42.824Z - info: Found 35 extension(s)
2025-03-12T12:55:42.850Z - debug: Writing extension locations cache to C:\Users\barua\AppData\Local\Temp\jsreport\core\locations.json
2025-03-12T12:55:42.852Z - debug: Discovered 35 extensions
2025-03-12T12:55:42.888Z - info: Using extension authentication@4.2.3
2025-03-12T12:55:43.057Z - debug: Extension authentication@4.2.3 was disabled
2025-03-12T12:55:43.057Z - info: Using extension base@4.0.0
2025-03-12T12:55:43.060Z - info: Using extension child-templates@4.1.0
2025-03-12T12:55:43.062Z - info: Using extension cli@4.1.0
2025-03-12T12:55:43.065Z - info: Using extension components@4.0.2
2025-03-12T12:55:43.066Z - info: Using extension data@4.1.0
2025-03-12T12:55:43.067Z - info: Using extension express@4.2.0
2025-03-12T12:55:43.322Z - info: Using extension freeze@4.0.0
2025-03-12T12:55:43.324Z - info: Using extension fs-store@4.1.0
2025-03-12T12:55:43.446Z - debug: Extension fs-store@4.1.0 was disabled
2025-03-12T12:55:43.447Z - info: Using extension handlebars@4.0.1
2025-03-12T12:55:43.449Z - info: Using extension import-export@4.0.6
2025-03-12T12:55:43.466Z - info: Using extension jsrender@4.0.0
2025-03-12T12:55:43.467Z - info: Using extension licensing@4.0.4
2025-03-12T12:55:43.500Z - info: Using extension localization@4.0.1
2025-03-12T12:55:43.502Z - info: Using extension npm@4.0.0
2025-03-12T12:55:43.507Z - info: Using extension pdf-utils@4.3.0
2025-03-12T12:55:43.509Z - info: Using extension reports@4.1.3
2025-03-12T12:55:43.512Z - info: Using extension tags@4.0.1
2025-03-12T12:55:43.513Z - info: Using extension text@4.0.2
2025-03-12T12:55:43.514Z - info: Using extension version-control@4.1.0
2025-03-12T12:55:43.525Z - info: Using extension assets@4.2.1
2025-03-12T12:55:43.538Z - info: Using extension authorization@4.1.0
2025-03-12T12:55:43.542Z - debug: Extension authorization@4.1.0 was disabled
2025-03-12T12:55:43.542Z - info: Using extension browser-client@4.1.0
2025-03-12T12:55:43.544Z - info: Using extension chrome-pdf@4.1.1
2025-03-12T12:55:43.547Z - debug: Chrome strategy is chrome-pool, numberOfWorkers: 1
2025-03-12T12:55:43.547Z - debug: Chrome custom launch options are protocolTimeout=60000
2025-03-12T12:55:43.548Z - info: Using extension docx@4.7.0
2025-03-12T12:55:43.550Z - info: Using extension html-to-xlsx@4.2.0
2025-03-12T12:55:43.740Z - info: html-to-xlsx detected chrome as available html engine
2025-03-12T12:55:43.740Z - info: Using extension pptx@4.4.0
2025-03-12T12:55:43.743Z - info: Using extension scheduling@4.1.0
2025-03-12T12:55:43.766Z - info: Using extension scripts@4.2.0
2025-03-12T12:55:43.767Z - info: Using extension static-pdf@4.1.0
2025-03-12T12:55:43.768Z - info: Using extension studio@4.3.0
2025-03-12T12:55:43.835Z - info: Using extension xlsx@4.4.0
2025-03-12T12:55:43.837Z - info: Using extension public-templates@4.0.0
2025-03-12T12:55:43.838Z - debug: Extension public-templates@4.0.0 was disabled
2025-03-12T12:55:43.839Z - info: Using extension sample-template@4.0.1
2025-03-12T12:55:43.840Z - info: Using extension studio-theme-dark@4.0.0
2025-03-12T12:55:43.842Z - info: Using general timeout for rendering (reportTimeout: 60000)
2025-03-12T12:55:43.842Z - info: Using memory provider for template store. The saved templates will be lost after restart
2025-03-12T12:55:43.852Z - debug: studio default theme is: light
2025-03-12T12:55:43.855Z - info: Creating default express app.
2025-03-12T12:55:43.872Z - info: jsreport server successfully started on http port: 5488
2025-03-12T12:55:43.874Z - info: Verifying license key free
2025-03-12T12:55:43.875Z - info: Using free license
2025-03-12T12:55:43.881Z - info: Migrating templates chrome settings (waitForNetworkIddle -> waitForNetworkIdle)
2025-03-12T12:55:43.882Z - info: Migration successful
2025-03-12T12:55:43.883Z - debug: Creating samples is disabled
2025-03-12T12:55:43.883Z - info: Initializing worker threads
2025-03-12T12:55:43.884Z - debug: Extensions in workers: base, child-templates, components, data, express, handlebars, jsrender, localization, npm, pdf-utils, reports, text, version-control, assets, browser-client, chrome-pdf, docx, html-to-xlsx, pptx, scripts, static-pdf, studio, xlsx
2025-03-12T12:55:44.473Z - info: 2 worker threads initialized in 590ms
2025-03-12T12:55:44.474Z - info: Starting temp files cleanup with 180000ms threshold
2025-03-12T12:55:44.475Z - info: reporter initialized
2025-03-12T12:56:00.799Z - info: Initializing jsreport (version: 4.8.0, configuration file: none, nodejs: 20.15.1)
2025-03-12T12:56:00.801Z - info: Searching for available extensions in C:\Users\barua\OneDrive\Desktop\Gadify-Backend\
2025-03-12T12:56:00.805Z - info: Extensions location cache contains up to date information, skipping crawling in C:\Users\barua\OneDrive\Desktop\Gadify-Backend\
2025-03-12T12:56:00.870Z - info: Found 35 extension(s)
2025-03-12T12:56:00.895Z - debug: Writing extension locations cache to C:\Users\barua\AppData\Local\Temp\jsreport\core\locations.json
2025-03-12T12:56:00.897Z - debug: Discovered 35 extensions
2025-03-12T12:56:00.931Z - info: Using extension authentication@4.2.3
2025-03-12T12:56:01.091Z - debug: Extension authentication@4.2.3 was disabled
2025-03-12T12:56:01.092Z - info: Using extension base@4.0.0
2025-03-12T12:56:01.095Z - info: Using extension child-templates@4.1.0
2025-03-12T12:56:01.096Z - info: Using extension cli@4.1.0
2025-03-12T12:56:01.099Z - info: Using extension components@4.0.2
2025-03-12T12:56:01.101Z - info: Using extension data@4.1.0
2025-03-12T12:56:01.102Z - info: Using extension express@4.2.0
2025-03-12T12:56:01.340Z - info: Using extension freeze@4.0.0
2025-03-12T12:56:01.341Z - info: Using extension fs-store@4.1.0
2025-03-12T12:56:01.463Z - debug: Extension fs-store@4.1.0 was disabled
2025-03-12T12:56:01.463Z - info: Using extension handlebars@4.0.1
2025-03-12T12:56:01.465Z - info: Using extension import-export@4.0.6
2025-03-12T12:56:01.482Z - info: Using extension jsrender@4.0.0
2025-03-12T12:56:01.483Z - info: Using extension licensing@4.0.4
2025-03-12T12:56:01.518Z - info: Using extension localization@4.0.1
2025-03-12T12:56:01.520Z - info: Using extension npm@4.0.0
2025-03-12T12:56:01.525Z - info: Using extension pdf-utils@4.3.0
2025-03-12T12:56:01.527Z - info: Using extension reports@4.1.3
2025-03-12T12:56:01.531Z - info: Using extension tags@4.0.1
2025-03-12T12:56:01.533Z - info: Using extension text@4.0.2
2025-03-12T12:56:01.535Z - info: Using extension version-control@4.1.0
2025-03-12T12:56:01.547Z - info: Using extension assets@4.2.1
2025-03-12T12:56:01.560Z - info: Using extension authorization@4.1.0
2025-03-12T12:56:01.565Z - debug: Extension authorization@4.1.0 was disabled
2025-03-12T12:56:01.566Z - info: Using extension browser-client@4.1.0
2025-03-12T12:56:01.568Z - info: Using extension chrome-pdf@4.1.1
2025-03-12T12:56:01.570Z - debug: Chrome strategy is chrome-pool, numberOfWorkers: 1
2025-03-12T12:56:01.571Z - debug: Chrome custom launch options are protocolTimeout=60000
2025-03-12T12:56:01.571Z - info: Using extension docx@4.7.0
2025-03-12T12:56:01.574Z - info: Using extension html-to-xlsx@4.2.0
2025-03-12T12:56:01.754Z - info: html-to-xlsx detected chrome as available html engine
2025-03-12T12:56:01.754Z - info: Using extension pptx@4.4.0
2025-03-12T12:56:01.756Z - info: Using extension scheduling@4.1.0
2025-03-12T12:56:01.778Z - info: Using extension scripts@4.2.0
2025-03-12T12:56:01.779Z - info: Using extension static-pdf@4.1.0
2025-03-12T12:56:01.780Z - info: Using extension studio@4.3.0
2025-03-12T12:56:01.849Z - info: Using extension xlsx@4.4.0
2025-03-12T12:56:01.852Z - info: Using extension public-templates@4.0.0
2025-03-12T12:56:01.854Z - debug: Extension public-templates@4.0.0 was disabled
2025-03-12T12:56:01.854Z - info: Using extension sample-template@4.0.1
2025-03-12T12:56:01.856Z - info: Using extension studio-theme-dark@4.0.0
2025-03-12T12:56:01.857Z - info: Using general timeout for rendering (reportTimeout: 60000)
2025-03-12T12:56:01.857Z - info: Using memory provider for template store. The saved templates will be lost after restart
2025-03-12T12:56:01.867Z - debug: studio default theme is: light
2025-03-12T12:56:01.871Z - info: Creating default express app.
2025-03-12T12:56:01.889Z - info: jsreport server successfully started on http port: 5488
2025-03-12T12:56:01.890Z - info: Verifying license key free
2025-03-12T12:56:01.891Z - info: Using free license
2025-03-12T12:56:01.897Z - info: Migrating templates chrome settings (waitForNetworkIddle -> waitForNetworkIdle)
2025-03-12T12:56:01.899Z - info: Migration successful
2025-03-12T12:56:01.899Z - debug: Creating samples is disabled
2025-03-12T12:56:01.900Z - info: Initializing worker threads
2025-03-12T12:56:01.900Z - debug: Extensions in workers: base, child-templates, components, data, express, handlebars, jsrender, localization, npm, pdf-utils, reports, text, version-control, assets, browser-client, chrome-pdf, docx, html-to-xlsx, pptx, scripts, static-pdf, studio, xlsx
2025-03-12T12:56:02.499Z - info: 2 worker threads initialized in 599ms
2025-03-12T12:56:02.499Z - info: Starting temp files cleanup with 180000ms threshold
2025-03-12T12:56:02.500Z - info: reporter initialized
2025-03-12T12:56:16.384Z - info: Initializing jsreport (version: 4.8.0, configuration file: none, nodejs: 20.15.1)
2025-03-12T12:56:16.388Z - info: Searching for available extensions in C:\Users\barua\OneDrive\Desktop\Gadify-Backend\
2025-03-12T12:56:16.392Z - info: Extensions location cache contains up to date information, skipping crawling in C:\Users\barua\OneDrive\Desktop\Gadify-Backend\
2025-03-12T12:56:16.460Z - info: Found 35 extension(s)
2025-03-12T12:56:16.487Z - debug: Writing extension locations cache to C:\Users\barua\AppData\Local\Temp\jsreport\core\locations.json
2025-03-12T12:56:16.489Z - debug: Discovered 35 extensions
2025-03-12T12:56:16.526Z - info: Using extension authentication@4.2.3
2025-03-12T12:56:16.691Z - debug: Extension authentication@4.2.3 was disabled
2025-03-12T12:56:16.692Z - info: Using extension base@4.0.0
2025-03-12T12:56:16.695Z - info: Using extension child-templates@4.1.0
2025-03-12T12:56:16.697Z - info: Using extension cli@4.1.0
2025-03-12T12:56:16.700Z - info: Using extension components@4.0.2
2025-03-12T12:56:16.702Z - info: Using extension data@4.1.0
2025-03-12T12:56:16.703Z - info: Using extension express@4.2.0
2025-03-12T12:56:16.952Z - info: Using extension freeze@4.0.0
2025-03-12T12:56:16.955Z - info: Using extension fs-store@4.1.0
2025-03-12T12:56:17.090Z - debug: Extension fs-store@4.1.0 was disabled
2025-03-12T12:56:17.091Z - info: Using extension handlebars@4.0.1
2025-03-12T12:56:17.092Z - info: Using extension import-export@4.0.6
2025-03-12T12:56:17.110Z - info: Using extension jsrender@4.0.0
2025-03-12T12:56:17.111Z - info: Using extension licensing@4.0.4
2025-03-12T12:56:17.145Z - info: Using extension localization@4.0.1
2025-03-12T12:56:17.147Z - info: Using extension npm@4.0.0
2025-03-12T12:56:17.152Z - info: Using extension pdf-utils@4.3.0
2025-03-12T12:56:17.154Z - info: Using extension reports@4.1.3
2025-03-12T12:56:17.156Z - info: Using extension tags@4.0.1
2025-03-12T12:56:17.158Z - info: Using extension text@4.0.2
2025-03-12T12:56:17.159Z - info: Using extension version-control@4.1.0
2025-03-12T12:56:17.170Z - info: Using extension assets@4.2.1
2025-03-12T12:56:17.183Z - info: Using extension authorization@4.1.0
2025-03-12T12:56:17.187Z - debug: Extension authorization@4.1.0 was disabled
2025-03-12T12:56:17.188Z - info: Using extension browser-client@4.1.0
2025-03-12T12:56:17.190Z - info: Using extension chrome-pdf@4.1.1
2025-03-12T12:56:17.194Z - debug: Chrome strategy is chrome-pool, numberOfWorkers: 1
2025-03-12T12:56:17.194Z - debug: Chrome custom launch options are protocolTimeout=60000
2025-03-12T12:56:17.195Z - info: Using extension docx@4.7.0
2025-03-12T12:56:17.197Z - info: Using extension html-to-xlsx@4.2.0
2025-03-12T12:56:17.377Z - info: html-to-xlsx detected chrome as available html engine
2025-03-12T12:56:17.377Z - info: Using extension pptx@4.4.0
2025-03-12T12:56:17.379Z - info: Using extension scheduling@4.1.0
2025-03-12T12:56:17.402Z - info: Using extension scripts@4.2.0
2025-03-12T12:56:17.403Z - info: Using extension static-pdf@4.1.0
2025-03-12T12:56:17.404Z - info: Using extension studio@4.3.0
2025-03-12T12:56:17.469Z - info: Using extension xlsx@4.4.0
2025-03-12T12:56:17.471Z - info: Using extension public-templates@4.0.0
2025-03-12T12:56:17.472Z - debug: Extension public-templates@4.0.0 was disabled
2025-03-12T12:56:17.472Z - info: Using extension sample-template@4.0.1
2025-03-12T12:56:17.474Z - info: Using extension studio-theme-dark@4.0.0
2025-03-12T12:56:17.475Z - info: Using general timeout for rendering (reportTimeout: 60000)
2025-03-12T12:56:17.476Z - info: Using memory provider for template store. The saved templates will be lost after restart
2025-03-12T12:56:17.486Z - debug: studio default theme is: light
2025-03-12T12:56:17.489Z - info: Creating default express app.
2025-03-12T12:56:17.506Z - info: jsreport server successfully started on http port: 5488
2025-03-12T12:56:17.507Z - info: Verifying license key free
2025-03-12T12:56:17.508Z - info: Using free license
2025-03-12T12:56:17.513Z - info: Migrating templates chrome settings (waitForNetworkIddle -> waitForNetworkIdle)
2025-03-12T12:56:17.514Z - info: Migration successful
2025-03-12T12:56:17.515Z - debug: Creating samples is disabled
2025-03-12T12:56:17.515Z - info: Initializing worker threads
2025-03-12T12:56:17.515Z - debug: Extensions in workers: base, child-templates, components, data, express, handlebars, jsrender, localization, npm, pdf-utils, reports, text, version-control, assets, browser-client, chrome-pdf, docx, html-to-xlsx, pptx, scripts, static-pdf, studio, xlsx
2025-03-12T12:56:18.095Z - info: 2 worker threads initialized in 580ms
2025-03-12T12:56:18.095Z - info: Starting temp files cleanup with 180000ms threshold
2025-03-12T12:56:18.096Z - info: reporter initialized
2025-03-12T13:02:41.552Z - info: Initializing jsreport (version: 4.8.0, configuration file: none, nodejs: 20.15.1)
2025-03-12T13:02:41.556Z - info: Searching for available extensions in C:\Users\barua\OneDrive\Desktop\Gadify-Backend\
2025-03-12T13:02:41.560Z - info: Extensions location cache contains up to date information, skipping crawling in C:\Users\barua\OneDrive\Desktop\Gadify-Backend\
2025-03-12T13:02:41.630Z - info: Found 35 extension(s)
2025-03-12T13:02:41.656Z - debug: Writing extension locations cache to C:\Users\barua\AppData\Local\Temp\jsreport\core\locations.json
2025-03-12T13:02:41.658Z - debug: Discovered 35 extensions
2025-03-12T13:02:41.691Z - info: Using extension authentication@4.2.3
2025-03-12T13:02:41.853Z - debug: Extension authentication@4.2.3 was disabled
2025-03-12T13:02:41.854Z - info: Using extension base@4.0.0
2025-03-12T13:02:41.857Z - info: Using extension child-templates@4.1.0
2025-03-12T13:02:41.859Z - info: Using extension cli@4.1.0
2025-03-12T13:02:41.861Z - info: Using extension components@4.0.2
2025-03-12T13:02:41.863Z - info: Using extension data@4.1.0
2025-03-12T13:02:41.864Z - info: Using extension express@4.2.0
2025-03-12T13:02:42.104Z - info: Using extension freeze@4.0.0
2025-03-12T13:02:42.105Z - info: Using extension fs-store@4.1.0
2025-03-12T13:02:42.226Z - debug: Extension fs-store@4.1.0 was disabled
2025-03-12T13:02:42.226Z - info: Using extension handlebars@4.0.1
2025-03-12T13:02:42.228Z - info: Using extension import-export@4.0.6
2025-03-12T13:02:42.247Z - info: Using extension jsrender@4.0.0
2025-03-12T13:02:42.248Z - info: Using extension licensing@4.0.4
2025-03-12T13:02:42.293Z - info: Using extension localization@4.0.1
2025-03-12T13:02:42.295Z - info: Using extension npm@4.0.0
2025-03-12T13:02:42.302Z - info: Using extension pdf-utils@4.3.0
2025-03-12T13:02:42.305Z - info: Using extension reports@4.1.3
2025-03-12T13:02:42.308Z - info: Using extension tags@4.0.1
2025-03-12T13:02:42.310Z - info: Using extension text@4.0.2
2025-03-12T13:02:42.311Z - info: Using extension version-control@4.1.0
2025-03-12T13:02:42.324Z - info: Using extension assets@4.2.1
2025-03-12T13:02:42.339Z - info: Using extension authorization@4.1.0
2025-03-12T13:02:42.343Z - debug: Extension authorization@4.1.0 was disabled
2025-03-12T13:02:42.344Z - info: Using extension browser-client@4.1.0
2025-03-12T13:02:42.346Z - info: Using extension chrome-pdf@4.1.1
2025-03-12T13:02:42.348Z - debug: Chrome strategy is chrome-pool, numberOfWorkers: 1
2025-03-12T13:02:42.349Z - debug: Chrome custom launch options are protocolTimeout=60000
2025-03-12T13:02:42.349Z - info: Using extension docx@4.7.0
2025-03-12T13:02:42.352Z - info: Using extension html-to-xlsx@4.2.0
2025-03-12T13:02:42.537Z - info: html-to-xlsx detected chrome as available html engine
2025-03-12T13:02:42.538Z - info: Using extension pptx@4.4.0
2025-03-12T13:02:42.540Z - info: Using extension scheduling@4.1.0
2025-03-12T13:02:42.562Z - info: Using extension scripts@4.2.0
2025-03-12T13:02:42.563Z - info: Using extension static-pdf@4.1.0
2025-03-12T13:02:42.564Z - info: Using extension studio@4.3.0
2025-03-12T13:02:42.632Z - info: Using extension xlsx@4.4.0
2025-03-12T13:02:42.634Z - info: Using extension public-templates@4.0.0
2025-03-12T13:02:42.635Z - debug: Extension public-templates@4.0.0 was disabled
2025-03-12T13:02:42.636Z - info: Using extension sample-template@4.0.1
2025-03-12T13:02:42.637Z - info: Using extension studio-theme-dark@4.0.0
2025-03-12T13:02:42.639Z - info: Using general timeout for rendering (reportTimeout: 60000)
2025-03-12T13:02:42.639Z - info: Using memory provider for template store. The saved templates will be lost after restart
2025-03-12T13:02:42.649Z - debug: studio default theme is: light
2025-03-12T13:02:42.653Z - info: Creating default express app.
2025-03-12T13:02:42.670Z - info: jsreport server successfully started on http port: 5488
2025-03-12T13:02:42.672Z - info: Verifying license key free
2025-03-12T13:02:42.673Z - info: Using free license
2025-03-12T13:02:42.678Z - info: Migrating templates chrome settings (waitForNetworkIddle -> waitForNetworkIdle)
2025-03-12T13:02:42.679Z - info: Migration successful
2025-03-12T13:02:42.679Z - debug: Creating samples is disabled
2025-03-12T13:02:42.680Z - info: Initializing worker threads
2025-03-12T13:02:42.680Z - debug: Extensions in workers: base, child-templates, components, data, express, handlebars, jsrender, localization, npm, pdf-utils, reports, text, version-control, assets, browser-client, chrome-pdf, docx, html-to-xlsx, pptx, scripts, static-pdf, studio, xlsx
2025-03-12T13:02:43.206Z - info: 2 worker threads initialized in 526ms
2025-03-12T13:02:43.207Z - info: Starting temp files cleanup with 180000ms threshold
2025-03-12T13:02:43.207Z - info: reporter initialized
2025-03-12T13:04:11.358Z - info: Initializing jsreport (version: 4.8.0, configuration file: none, nodejs: 20.15.1)
2025-03-12T13:04:11.361Z - info: Searching for available extensions in C:\Users\barua\OneDrive\Desktop\Gadify-Backend\
2025-03-12T13:04:11.365Z - info: Extensions location cache contains up to date information, skipping crawling in C:\Users\barua\OneDrive\Desktop\Gadify-Backend\
2025-03-12T13:04:11.428Z - info: Found 35 extension(s)
2025-03-12T13:04:11.454Z - debug: Writing extension locations cache to C:\Users\barua\AppData\Local\Temp\jsreport\core\locations.json
2025-03-12T13:04:11.456Z - debug: Discovered 35 extensions
2025-03-12T13:04:11.493Z - info: Using extension authentication@4.2.3
2025-03-12T13:04:11.652Z - debug: Extension authentication@4.2.3 was disabled
2025-03-12T13:04:11.653Z - info: Using extension base@4.0.0
2025-03-12T13:04:11.655Z - info: Using extension child-templates@4.1.0
2025-03-12T13:04:11.657Z - info: Using extension cli@4.1.0
2025-03-12T13:04:11.659Z - info: Using extension components@4.0.2
2025-03-12T13:04:11.661Z - info: Using extension data@4.1.0
2025-03-12T13:04:11.662Z - info: Using extension express@4.2.0
2025-03-12T13:04:11.894Z - info: Using extension freeze@4.0.0
2025-03-12T13:04:11.896Z - info: Using extension fs-store@4.1.0
2025-03-12T13:04:12.017Z - debug: Extension fs-store@4.1.0 was disabled
2025-03-12T13:04:12.018Z - info: Using extension handlebars@4.0.1
2025-03-12T13:04:12.019Z - info: Using extension import-export@4.0.6
2025-03-12T13:04:12.037Z - info: Using extension jsrender@4.0.0
2025-03-12T13:04:12.038Z - info: Using extension licensing@4.0.4
2025-03-12T13:04:12.076Z - info: Using extension localization@4.0.1
2025-03-12T13:04:12.078Z - info: Using extension npm@4.0.0
2025-03-12T13:04:12.083Z - info: Using extension pdf-utils@4.3.0
2025-03-12T13:04:12.084Z - info: Using extension reports@4.1.3
2025-03-12T13:04:12.088Z - info: Using extension tags@4.0.1
2025-03-12T13:04:12.090Z - info: Using extension text@4.0.2
2025-03-12T13:04:12.091Z - info: Using extension version-control@4.1.0
2025-03-12T13:04:12.102Z - info: Using extension assets@4.2.1
2025-03-12T13:04:12.115Z - info: Using extension authorization@4.1.0
2025-03-12T13:04:12.119Z - debug: Extension authorization@4.1.0 was disabled
2025-03-12T13:04:12.120Z - info: Using extension browser-client@4.1.0
2025-03-12T13:04:12.123Z - info: Using extension chrome-pdf@4.1.1
2025-03-12T13:04:12.125Z - debug: Chrome strategy is chrome-pool, numberOfWorkers: 1
2025-03-12T13:04:12.126Z - debug: Chrome custom launch options are protocolTimeout=60000
2025-03-12T13:04:12.126Z - info: Using extension docx@4.7.0
2025-03-12T13:04:12.128Z - info: Using extension html-to-xlsx@4.2.0
2025-03-12T13:04:12.311Z - info: html-to-xlsx detected chrome as available html engine
2025-03-12T13:04:12.312Z - info: Using extension pptx@4.4.0
2025-03-12T13:04:12.314Z - info: Using extension scheduling@4.1.0
2025-03-12T13:04:12.336Z - info: Using extension scripts@4.2.0
2025-03-12T13:04:12.337Z - info: Using extension static-pdf@4.1.0
2025-03-12T13:04:12.338Z - info: Using extension studio@4.3.0
2025-03-12T13:04:12.416Z - info: Using extension xlsx@4.4.0
2025-03-12T13:04:12.419Z - info: Using extension public-templates@4.0.0
2025-03-12T13:04:12.421Z - debug: Extension public-templates@4.0.0 was disabled
2025-03-12T13:04:12.421Z - info: Using extension sample-template@4.0.1
2025-03-12T13:04:12.424Z - info: Using extension studio-theme-dark@4.0.0
2025-03-12T13:04:12.426Z - info: Using general timeout for rendering (reportTimeout: 60000)
2025-03-12T13:04:12.426Z - info: Using memory provider for template store. The saved templates will be lost after restart
2025-03-12T13:04:12.440Z - debug: studio default theme is: light
2025-03-12T13:04:12.446Z - info: Creating default express app.
2025-03-12T13:04:12.465Z - info: jsreport server successfully started on http port: 5488
2025-03-12T13:04:12.467Z - info: Verifying license key free
2025-03-12T13:04:12.468Z - info: Using free license
2025-03-12T13:04:12.474Z - info: Migrating templates chrome settings (waitForNetworkIddle -> waitForNetworkIdle)
2025-03-12T13:04:12.475Z - info: Migration successful
2025-03-12T13:04:12.476Z - debug: Creating samples is disabled
2025-03-12T13:04:12.476Z - info: Initializing worker threads
2025-03-12T13:04:12.477Z - debug: Extensions in workers: base, child-templates, components, data, express, handlebars, jsrender, localization, npm, pdf-utils, reports, text, version-control, assets, browser-client, chrome-pdf, docx, html-to-xlsx, pptx, scripts, static-pdf, studio, xlsx
2025-03-12T13:04:12.998Z - info: 2 worker threads initialized in 522ms
2025-03-12T13:04:12.998Z - info: Starting temp files cleanup with 180000ms threshold
2025-03-12T13:04:12.999Z - info: reporter initialized
2025-03-12T13:04:24.485Z - info: Initializing jsreport (version: 4.8.0, configuration file: none, nodejs: 20.15.1)
2025-03-12T13:04:24.488Z - info: Searching for available extensions in C:\Users\barua\OneDrive\Desktop\Gadify-Backend\
2025-03-12T13:04:24.493Z - info: Extensions location cache contains up to date information, skipping crawling in C:\Users\barua\OneDrive\Desktop\Gadify-Backend\
2025-03-12T13:04:24.560Z - info: Found 35 extension(s)
2025-03-12T13:04:24.593Z - debug: Writing extension locations cache to C:\Users\barua\AppData\Local\Temp\jsreport\core\locations.json
2025-03-12T13:04:24.595Z - debug: Discovered 35 extensions
2025-03-12T13:04:24.656Z - info: Using extension authentication@4.2.3
2025-03-12T13:04:24.833Z - debug: Extension authentication@4.2.3 was disabled
2025-03-12T13:04:24.833Z - info: Using extension base@4.0.0
2025-03-12T13:04:24.836Z - info: Using extension child-templates@4.1.0
2025-03-12T13:04:24.838Z - info: Using extension cli@4.1.0
2025-03-12T13:04:24.840Z - info: Using extension components@4.0.2
2025-03-12T13:04:24.842Z - info: Using extension data@4.1.0
2025-03-12T13:04:24.844Z - info: Using extension express@4.2.0
2025-03-12T13:04:25.119Z - info: Using extension freeze@4.0.0
2025-03-12T13:04:25.120Z - info: Using extension fs-store@4.1.0
2025-03-12T13:04:25.245Z - debug: Extension fs-store@4.1.0 was disabled
2025-03-12T13:04:25.246Z - info: Using extension handlebars@4.0.1
2025-03-12T13:04:25.247Z - info: Using extension import-export@4.0.6
2025-03-12T13:04:25.265Z - info: Using extension jsrender@4.0.0
2025-03-12T13:04:25.266Z - info: Using extension licensing@4.0.4
2025-03-12T13:04:25.301Z - info: Using extension localization@4.0.1
2025-03-12T13:04:25.303Z - info: Using extension npm@4.0.0
2025-03-12T13:04:25.307Z - info: Using extension pdf-utils@4.3.0
2025-03-12T13:04:25.310Z - info: Using extension reports@4.1.3
2025-03-12T13:04:25.313Z - info: Using extension tags@4.0.1
2025-03-12T13:04:25.314Z - info: Using extension text@4.0.2
2025-03-12T13:04:25.315Z - info: Using extension version-control@4.1.0
2025-03-12T13:04:25.326Z - info: Using extension assets@4.2.1
2025-03-12T13:04:25.340Z - info: Using extension authorization@4.1.0
2025-03-12T13:04:25.344Z - debug: Extension authorization@4.1.0 was disabled
2025-03-12T13:04:25.345Z - info: Using extension browser-client@4.1.0
2025-03-12T13:04:25.347Z - info: Using extension chrome-pdf@4.1.1
2025-03-12T13:04:25.350Z - debug: Chrome strategy is chrome-pool, numberOfWorkers: 1
2025-03-12T13:04:25.350Z - debug: Chrome custom launch options are protocolTimeout=60000
2025-03-12T13:04:25.351Z - info: Using extension docx@4.7.0
2025-03-12T13:04:25.353Z - info: Using extension html-to-xlsx@4.2.0
2025-03-12T13:04:25.547Z - info: html-to-xlsx detected chrome as available html engine
2025-03-12T13:04:25.547Z - info: Using extension pptx@4.4.0
2025-03-12T13:04:25.549Z - info: Using extension scheduling@4.1.0
2025-03-12T13:04:25.574Z - info: Using extension scripts@4.2.0
2025-03-12T13:04:25.575Z - info: Using extension static-pdf@4.1.0
2025-03-12T13:04:25.576Z - info: Using extension studio@4.3.0
2025-03-12T13:04:25.657Z - info: Using extension xlsx@4.4.0
2025-03-12T13:04:25.659Z - info: Using extension public-templates@4.0.0
2025-03-12T13:04:25.661Z - debug: Extension public-templates@4.0.0 was disabled
2025-03-12T13:04:25.661Z - info: Using extension sample-template@4.0.1
2025-03-12T13:04:25.663Z - info: Using extension studio-theme-dark@4.0.0
2025-03-12T13:04:25.664Z - info: Using general timeout for rendering (reportTimeout: 60000)
2025-03-12T13:04:25.665Z - info: Using memory provider for template store. The saved templates will be lost after restart
2025-03-12T13:04:25.675Z - debug: studio default theme is: light
2025-03-12T13:04:25.679Z - info: Creating default express app.
2025-03-12T13:04:25.696Z - info: jsreport server successfully started on http port: 5488
2025-03-12T13:04:25.698Z - info: Verifying license key free
2025-03-12T13:04:25.699Z - info: Using free license
2025-03-12T13:04:25.705Z - info: Migrating templates chrome settings (waitForNetworkIddle -> waitForNetworkIdle)
2025-03-12T13:04:25.705Z - info: Migration successful
2025-03-12T13:04:25.706Z - debug: Creating samples is disabled
2025-03-12T13:04:25.706Z - info: Initializing worker threads
2025-03-12T13:04:25.707Z - debug: Extensions in workers: base, child-templates, components, data, express, handlebars, jsrender, localization, npm, pdf-utils, reports, text, version-control, assets, browser-client, chrome-pdf, docx, html-to-xlsx, pptx, scripts, static-pdf, studio, xlsx
2025-03-12T13:04:26.262Z - info: 2 worker threads initialized in 556ms
2025-03-12T13:04:26.263Z - info: Starting temp files cleanup with 180000ms threshold
2025-03-12T13:04:26.263Z - info: reporter initialized
2025-03-12T13:05:16.554Z - info: Initializing jsreport (version: 4.8.0, configuration file: none, nodejs: 20.15.1)
2025-03-12T13:05:16.557Z - info: Searching for available extensions in C:\Users\barua\OneDrive\Desktop\Gadify-Backend\
2025-03-12T13:05:16.561Z - info: Extensions location cache contains up to date information, skipping crawling in C:\Users\barua\OneDrive\Desktop\Gadify-Backend\
2025-03-12T13:05:16.622Z - info: Found 35 extension(s)
2025-03-12T13:05:16.648Z - debug: Writing extension locations cache to C:\Users\barua\AppData\Local\Temp\jsreport\core\locations.json
2025-03-12T13:05:16.650Z - debug: Discovered 35 extensions
2025-03-12T13:05:16.688Z - info: Using extension authentication@4.2.3
2025-03-12T13:05:16.854Z - debug: Extension authentication@4.2.3 was disabled
2025-03-12T13:05:16.855Z - info: Using extension base@4.0.0
2025-03-12T13:05:16.857Z - info: Using extension child-templates@4.1.0
2025-03-12T13:05:16.859Z - info: Using extension cli@4.1.0
2025-03-12T13:05:16.862Z - info: Using extension components@4.0.2
2025-03-12T13:05:16.864Z - info: Using extension data@4.1.0
2025-03-12T13:05:16.865Z - info: Using extension express@4.2.0
2025-03-12T13:05:17.114Z - info: Using extension freeze@4.0.0
2025-03-12T13:05:17.116Z - info: Using extension fs-store@4.1.0
2025-03-12T13:05:17.253Z - debug: Extension fs-store@4.1.0 was disabled
2025-03-12T13:05:17.254Z - info: Using extension handlebars@4.0.1
2025-03-12T13:05:17.256Z - info: Using extension import-export@4.0.6
2025-03-12T13:05:17.275Z - info: Using extension jsrender@4.0.0
2025-03-12T13:05:17.277Z - info: Using extension licensing@4.0.4
2025-03-12T13:05:17.312Z - info: Using extension localization@4.0.1
2025-03-12T13:05:17.313Z - info: Using extension npm@4.0.0
2025-03-12T13:05:17.319Z - info: Using extension pdf-utils@4.3.0
2025-03-12T13:05:17.322Z - info: Using extension reports@4.1.3
2025-03-12T13:05:17.325Z - info: Using extension tags@4.0.1
2025-03-12T13:05:17.327Z - info: Using extension text@4.0.2
2025-03-12T13:05:17.328Z - info: Using extension version-control@4.1.0
2025-03-12T13:05:17.341Z - info: Using extension assets@4.2.1
2025-03-12T13:05:17.354Z - info: Using extension authorization@4.1.0
2025-03-12T13:05:17.358Z - debug: Extension authorization@4.1.0 was disabled
2025-03-12T13:05:17.359Z - info: Using extension browser-client@4.1.0
2025-03-12T13:05:17.361Z - info: Using extension chrome-pdf@4.1.1
2025-03-12T13:05:17.364Z - debug: Chrome strategy is chrome-pool, numberOfWorkers: 1
2025-03-12T13:05:17.364Z - debug: Chrome custom launch options are protocolTimeout=60000
2025-03-12T13:05:17.365Z - info: Using extension docx@4.7.0
2025-03-12T13:05:17.367Z - info: Using extension html-to-xlsx@4.2.0
2025-03-12T13:05:17.562Z - info: html-to-xlsx detected chrome as available html engine
2025-03-12T13:05:17.562Z - info: Using extension pptx@4.4.0
2025-03-12T13:05:17.565Z - info: Using extension scheduling@4.1.0
2025-03-12T13:05:17.594Z - info: Using extension scripts@4.2.0
2025-03-12T13:05:17.595Z - info: Using extension static-pdf@4.1.0
2025-03-12T13:05:17.596Z - info: Using extension studio@4.3.0
2025-03-12T13:05:17.664Z - info: Using extension xlsx@4.4.0
2025-03-12T13:05:17.666Z - info: Using extension public-templates@4.0.0
2025-03-12T13:05:17.667Z - debug: Extension public-templates@4.0.0 was disabled
2025-03-12T13:05:17.668Z - info: Using extension sample-template@4.0.1
2025-03-12T13:05:17.670Z - info: Using extension studio-theme-dark@4.0.0
2025-03-12T13:05:17.672Z - info: Using general timeout for rendering (reportTimeout: 60000)
2025-03-12T13:05:17.672Z - info: Using memory provider for template store. The saved templates will be lost after restart
2025-03-12T13:05:17.683Z - debug: studio default theme is: light
2025-03-12T13:05:17.687Z - info: Creating default express app.
2025-03-12T13:05:17.707Z - info: jsreport server successfully started on http port: 5488
2025-03-12T13:05:17.709Z - info: Verifying license key free
2025-03-12T13:05:17.709Z - info: Using free license
2025-03-12T13:05:17.715Z - info: Migrating templates chrome settings (waitForNetworkIddle -> waitForNetworkIdle)
2025-03-12T13:05:17.717Z - info: Migration successful
2025-03-12T13:05:17.718Z - debug: Creating samples is disabled
2025-03-12T13:05:17.718Z - info: Initializing worker threads
2025-03-12T13:05:17.719Z - debug: Extensions in workers: base, child-templates, components, data, express, handlebars, jsrender, localization, npm, pdf-utils, reports, text, version-control, assets, browser-client, chrome-pdf, docx, html-to-xlsx, pptx, scripts, static-pdf, studio, xlsx
2025-03-12T13:05:18.276Z - info: 2 worker threads initialized in 558ms
2025-03-12T13:05:18.277Z - info: Starting temp files cleanup with 180000ms threshold
2025-03-12T13:05:18.277Z - info: reporter initialized
2025-03-12T13:05:28.170Z - info: Initializing jsreport (version: 4.8.0, configuration file: none, nodejs: 20.15.1)
2025-03-12T13:05:28.172Z - info: Searching for available extensions in C:\Users\barua\OneDrive\Desktop\Gadify-Backend\
2025-03-12T13:05:28.176Z - info: Extensions location cache contains up to date information, skipping crawling in C:\Users\barua\OneDrive\Desktop\Gadify-Backend\
2025-03-12T13:05:28.243Z - info: Found 35 extension(s)
2025-03-12T13:05:28.267Z - debug: Writing extension locations cache to C:\Users\barua\AppData\Local\Temp\jsreport\core\locations.json
2025-03-12T13:05:28.269Z - debug: Discovered 35 extensions
2025-03-12T13:05:28.304Z - info: Using extension authentication@4.2.3
2025-03-12T13:05:28.465Z - debug: Extension authentication@4.2.3 was disabled
2025-03-12T13:05:28.465Z - info: Using extension base@4.0.0
2025-03-12T13:05:28.468Z - info: Using extension child-templates@4.1.0
2025-03-12T13:05:28.470Z - info: Using extension cli@4.1.0
2025-03-12T13:05:28.473Z - info: Using extension components@4.0.2
2025-03-12T13:05:28.474Z - info: Using extension data@4.1.0
2025-03-12T13:05:28.476Z - info: Using extension express@4.2.0
2025-03-12T13:05:28.709Z - info: Using extension freeze@4.0.0
2025-03-12T13:05:28.711Z - info: Using extension fs-store@4.1.0
2025-03-12T13:05:28.830Z - debug: Extension fs-store@4.1.0 was disabled
2025-03-12T13:05:28.830Z - info: Using extension handlebars@4.0.1
2025-03-12T13:05:28.832Z - info: Using extension import-export@4.0.6
2025-03-12T13:05:28.849Z - info: Using extension jsrender@4.0.0
2025-03-12T13:05:28.850Z - info: Using extension licensing@4.0.4
2025-03-12T13:05:28.883Z - info: Using extension localization@4.0.1
2025-03-12T13:05:28.884Z - info: Using extension npm@4.0.0
2025-03-12T13:05:28.890Z - info: Using extension pdf-utils@4.3.0
2025-03-12T13:05:28.892Z - info: Using extension reports@4.1.3
2025-03-12T13:05:28.895Z - info: Using extension tags@4.0.1
2025-03-12T13:05:28.896Z - info: Using extension text@4.0.2
2025-03-12T13:05:28.897Z - info: Using extension version-control@4.1.0
2025-03-12T13:05:28.909Z - info: Using extension assets@4.2.1
2025-03-12T13:05:28.922Z - info: Using extension authorization@4.1.0
2025-03-12T13:05:28.927Z - debug: Extension authorization@4.1.0 was disabled
2025-03-12T13:05:28.927Z - info: Using extension browser-client@4.1.0
2025-03-12T13:05:28.930Z - info: Using extension chrome-pdf@4.1.1
2025-03-12T13:05:28.932Z - debug: Chrome strategy is chrome-pool, numberOfWorkers: 1
2025-03-12T13:05:28.933Z - debug: Chrome custom launch options are protocolTimeout=60000
2025-03-12T13:05:28.934Z - info: Using extension docx@4.7.0
2025-03-12T13:05:28.936Z - info: Using extension html-to-xlsx@4.2.0
2025-03-12T13:05:29.141Z - info: html-to-xlsx detected chrome as available html engine
2025-03-12T13:05:29.142Z - info: Using extension pptx@4.4.0
2025-03-12T13:05:29.146Z - info: Using extension scheduling@4.1.0
2025-03-12T13:05:29.171Z - info: Using extension scripts@4.2.0
2025-03-12T13:05:29.173Z - info: Using extension static-pdf@4.1.0
2025-03-12T13:05:29.174Z - info: Using extension studio@4.3.0
2025-03-12T13:05:29.249Z - info: Using extension xlsx@4.4.0
2025-03-12T13:05:29.251Z - info: Using extension public-templates@4.0.0
2025-03-12T13:05:29.252Z - debug: Extension public-templates@4.0.0 was disabled
2025-03-12T13:05:29.253Z - info: Using extension sample-template@4.0.1
2025-03-12T13:05:29.254Z - info: Using extension studio-theme-dark@4.0.0
2025-03-12T13:05:29.257Z - info: Using general timeout for rendering (reportTimeout: 60000)
2025-03-12T13:05:29.257Z - info: Using memory provider for template store. The saved templates will be lost after restart
2025-03-12T13:05:29.267Z - debug: studio default theme is: light
2025-03-12T13:05:29.271Z - info: Creating default express app.
2025-03-12T13:05:29.288Z - info: jsreport server successfully started on http port: 5488
2025-03-12T13:05:29.290Z - info: Verifying license key free
2025-03-12T13:05:29.290Z - info: Using free license
2025-03-12T13:05:29.296Z - info: Migrating templates chrome settings (waitForNetworkIddle -> waitForNetworkIdle)
2025-03-12T13:05:29.296Z - info: Migration successful
2025-03-12T13:05:29.297Z - debug: Creating samples is disabled
2025-03-12T13:05:29.298Z - info: Initializing worker threads
2025-03-12T13:05:29.298Z - debug: Extensions in workers: base, child-templates, components, data, express, handlebars, jsrender, localization, npm, pdf-utils, reports, text, version-control, assets, browser-client, chrome-pdf, docx, html-to-xlsx, pptx, scripts, static-pdf, studio, xlsx
2025-03-12T13:05:29.901Z - info: 2 worker threads initialized in 603ms
2025-03-12T13:05:29.901Z - info: Starting temp files cleanup with 180000ms threshold
2025-03-12T13:05:29.902Z - info: reporter initialized
2025-03-12T13:05:33.361Z - info: Render request 1 queued for execution and waiting for available worker rootId=bq0uzxtoqf4qd4u, id=bq0uzxtoqf4qd4u
2025-03-12T13:05:33.371Z - info: Starting rendering request 1 rootId=bq0uzxtoqf4qd4u, id=bq0uzxtoqf4qd4u
2025-03-12T13:05:33.372Z - info: Rendering anonymous template { recipe: chrome-pdf, engine: handlebars } rootId=bq0uzxtoqf4qd4u, id=bq0uzxtoqf4qd4u
2025-03-12T13:05:33.372Z - debug: Inline data specified. rootId=bq0uzxtoqf4qd4u, id=bq0uzxtoqf4qd4u
2025-03-12T13:05:33.374Z - debug: Base url not specified, skipping its injection. rootId=bq0uzxtoqf4qd4u, id=bq0uzxtoqf4qd4u
2025-03-12T13:05:33.375Z - debug: Rendering engine handlebars rootId=bq0uzxtoqf4qd4u, id=bq0uzxtoqf4qd4u
2025-03-12T13:05:33.769Z - debug: Executing recipe chrome-pdf rootId=bq0uzxtoqf4qd4u, id=bq0uzxtoqf4qd4u
2025-03-12T13:05:34.213Z - debug: Converting with chrome Chrome/133.0.6943.126 using chrome-pool strategy rootId=bq0uzxtoqf4qd4u, id=bq0uzxtoqf4qd4u
2025-03-12T13:05:34.268Z - debug: Page request: GET (document) file:///C:/Users/barua/AppData/Local/Temp/jsreport/autocleanup/86d263ad-8469-4055-93e8-849f605c216d-chrome-pdf.html rootId=bq0uzxtoqf4qd4u, id=bq0uzxtoqf4qd4u
2025-03-12T13:05:34.300Z - debug: Page request finished: GET (document) 200 file:///C:/Users/barua/AppData/Local/Temp/jsreport/autocleanup/86d263ad-8469-4055-93e8-849f605c216d-chrome-pdf.html rootId=bq0uzxtoqf4qd4u, id=bq0uzxtoqf4qd4u
2025-03-12T13:05:34.328Z - debug: Running chrome with params {"timeout":59583,"margin":{},"printBackground":true} rootId=bq0uzxtoqf4qd4u, id=bq0uzxtoqf4qd4u
2025-03-12T13:05:34.706Z - debug: Skipping storing report. rootId=bq0uzxtoqf4qd4u, id=bq0uzxtoqf4qd4u
2025-03-12T13:05:34.707Z - info: Rendering request 1 finished in 1348 ms rootId=bq0uzxtoqf4qd4u, id=bq0uzxtoqf4qd4u
2025-03-12T13:05:50.327Z - info: Initializing jsreport (version: 4.8.0, configuration file: none, nodejs: 20.15.1)
2025-03-12T13:05:50.330Z - info: Searching for available extensions in C:\Users\barua\OneDrive\Desktop\Gadify-Backend\
2025-03-12T13:05:50.334Z - info: Extensions location cache contains up to date information, skipping crawling in C:\Users\barua\OneDrive\Desktop\Gadify-Backend\
2025-03-12T13:05:50.405Z - info: Found 35 extension(s)
2025-03-12T13:05:50.431Z - debug: Writing extension locations cache to C:\Users\barua\AppData\Local\Temp\jsreport\core\locations.json
2025-03-12T13:05:50.433Z - debug: Discovered 35 extensions
2025-03-12T13:05:50.471Z - info: Using extension authentication@4.2.3
2025-03-12T13:05:50.637Z - debug: Extension authentication@4.2.3 was disabled
2025-03-12T13:05:50.637Z - info: Using extension base@4.0.0
2025-03-12T13:05:50.641Z - info: Using extension child-templates@4.1.0
2025-03-12T13:05:50.642Z - info: Using extension cli@4.1.0
2025-03-12T13:05:50.645Z - info: Using extension components@4.0.2
2025-03-12T13:05:50.646Z - info: Using extension data@4.1.0
2025-03-12T13:05:50.648Z - info: Using extension express@4.2.0
2025-03-12T13:05:50.892Z - info: Using extension freeze@4.0.0
2025-03-12T13:05:50.894Z - info: Using extension fs-store@4.1.0
2025-03-12T13:05:51.021Z - debug: Extension fs-store@4.1.0 was disabled
2025-03-12T13:05:51.022Z - info: Using extension handlebars@4.0.1
2025-03-12T13:05:51.023Z - info: Using extension import-export@4.0.6
2025-03-12T13:05:51.043Z - info: Using extension jsrender@4.0.0
2025-03-12T13:05:51.044Z - info: Using extension licensing@4.0.4
2025-03-12T13:05:51.080Z - info: Using extension localization@4.0.1
2025-03-12T13:05:51.082Z - info: Using extension npm@4.0.0
2025-03-12T13:05:51.087Z - info: Using extension pdf-utils@4.3.0
2025-03-12T13:05:51.089Z - info: Using extension reports@4.1.3
2025-03-12T13:05:51.092Z - info: Using extension tags@4.0.1
2025-03-12T13:05:51.093Z - info: Using extension text@4.0.2
2025-03-12T13:05:51.095Z - info: Using extension version-control@4.1.0
2025-03-12T13:05:51.106Z - info: Using extension assets@4.2.1
2025-03-12T13:05:51.120Z - info: Using extension authorization@4.1.0
2025-03-12T13:05:51.125Z - debug: Extension authorization@4.1.0 was disabled
2025-03-12T13:05:51.125Z - info: Using extension browser-client@4.1.0
2025-03-12T13:05:51.127Z - info: Using extension chrome-pdf@4.1.1
2025-03-12T13:05:51.130Z - debug: Chrome strategy is chrome-pool, numberOfWorkers: 1
2025-03-12T13:05:51.130Z - debug: Chrome custom launch options are protocolTimeout=60000
2025-03-12T13:05:51.131Z - info: Using extension docx@4.7.0
2025-03-12T13:05:51.133Z - info: Using extension html-to-xlsx@4.2.0
2025-03-12T13:05:51.319Z - info: html-to-xlsx detected chrome as available html engine
2025-03-12T13:05:51.320Z - info: Using extension pptx@4.4.0
2025-03-12T13:05:51.322Z - info: Using extension scheduling@4.1.0
2025-03-12T13:05:51.348Z - info: Using extension scripts@4.2.0
2025-03-12T13:05:51.350Z - info: Using extension static-pdf@4.1.0
2025-03-12T13:05:51.351Z - info: Using extension studio@4.3.0
2025-03-12T13:05:51.420Z - info: Using extension xlsx@4.4.0
2025-03-12T13:05:51.422Z - info: Using extension public-templates@4.0.0
2025-03-12T13:05:51.424Z - debug: Extension public-templates@4.0.0 was disabled
2025-03-12T13:05:51.425Z - info: Using extension sample-template@4.0.1
2025-03-12T13:05:51.427Z - info: Using extension studio-theme-dark@4.0.0
2025-03-12T13:05:51.429Z - info: Using general timeout for rendering (reportTimeout: 60000)
2025-03-12T13:05:51.429Z - info: Using memory provider for template store. The saved templates will be lost after restart
2025-03-12T13:05:51.444Z - debug: studio default theme is: light
2025-03-12T13:05:51.448Z - info: Creating default express app.
2025-03-12T13:05:51.501Z - info: jsreport server successfully started on http port: 5488
2025-03-12T13:05:51.503Z - info: Verifying license key free
2025-03-12T13:05:51.505Z - info: Using free license
2025-03-12T13:05:51.513Z - info: Migrating templates chrome settings (waitForNetworkIddle -> waitForNetworkIdle)
2025-03-12T13:05:51.522Z - info: Migration successful
2025-03-12T13:05:51.523Z - debug: Creating samples is disabled
2025-03-12T13:05:51.524Z - info: Initializing worker threads
2025-03-12T13:05:51.525Z - debug: Extensions in workers: base, child-templates, components, data, express, handlebars, jsrender, localization, npm, pdf-utils, reports, text, version-control, assets, browser-client, chrome-pdf, docx, html-to-xlsx, pptx, scripts, static-pdf, studio, xlsx
2025-03-12T13:05:52.089Z - info: 2 worker threads initialized in 565ms
2025-03-12T13:05:52.090Z - info: Starting temp files cleanup with 180000ms threshold
2025-03-12T13:05:52.091Z - info: reporter initialized
2025-03-12T13:06:14.581Z - info: Initializing jsreport (version: 4.8.0, configuration file: none, nodejs: 20.15.1)
2025-03-12T13:06:14.584Z - info: Searching for available extensions in C:\Users\barua\OneDrive\Desktop\Gadify-Backend\
2025-03-12T13:06:14.588Z - info: Extensions location cache contains up to date information, skipping crawling in C:\Users\barua\OneDrive\Desktop\Gadify-Backend\
2025-03-12T13:06:14.657Z - info: Found 35 extension(s)
2025-03-12T13:06:14.683Z - debug: Writing extension locations cache to C:\Users\barua\AppData\Local\Temp\jsreport\core\locations.json
2025-03-12T13:06:14.684Z - debug: Discovered 35 extensions
2025-03-12T13:06:14.717Z - info: Using extension authentication@4.2.3
2025-03-12T13:06:21.453Z - info: Initializing jsreport (version: 4.8.0, configuration file: none, nodejs: 20.15.1)
2025-03-12T13:06:21.456Z - info: Searching for available extensions in C:\Users\barua\OneDrive\Desktop\Gadify-Backend\
2025-03-12T13:06:21.460Z - info: Extensions location cache contains up to date information, skipping crawling in C:\Users\barua\OneDrive\Desktop\Gadify-Backend\
2025-03-12T13:06:21.528Z - info: Found 35 extension(s)
2025-03-12T13:06:21.553Z - debug: Writing extension locations cache to C:\Users\barua\AppData\Local\Temp\jsreport\core\locations.json
2025-03-12T13:06:21.555Z - debug: Discovered 35 extensions
2025-03-12T13:06:21.590Z - info: Using extension authentication@4.2.3
2025-03-12T13:06:21.761Z - debug: Extension authentication@4.2.3 was disabled
2025-03-12T13:06:21.762Z - info: Using extension base@4.0.0
2025-03-12T13:06:21.766Z - info: Using extension child-templates@4.1.0
2025-03-12T13:06:21.768Z - info: Using extension cli@4.1.0
2025-03-12T13:06:21.771Z - info: Using extension components@4.0.2
2025-03-12T13:06:21.773Z - info: Using extension data@4.1.0
2025-03-12T13:06:21.774Z - info: Using extension express@4.2.0
2025-03-12T13:06:22.013Z - info: Using extension freeze@4.0.0
2025-03-12T13:06:22.014Z - info: Using extension fs-store@4.1.0
2025-03-12T13:06:22.137Z - debug: Extension fs-store@4.1.0 was disabled
2025-03-12T13:06:22.138Z - info: Using extension handlebars@4.0.1
2025-03-12T13:06:22.139Z - info: Using extension import-export@4.0.6
2025-03-12T13:06:22.156Z - info: Using extension jsrender@4.0.0
2025-03-12T13:06:22.157Z - info: Using extension licensing@4.0.4
2025-03-12T13:06:22.192Z - info: Using extension localization@4.0.1
2025-03-12T13:06:22.193Z - info: Using extension npm@4.0.0
2025-03-12T13:06:22.198Z - info: Using extension pdf-utils@4.3.0
2025-03-12T13:06:22.200Z - info: Using extension reports@4.1.3
2025-03-12T13:06:22.203Z - info: Using extension tags@4.0.1
2025-03-12T13:06:22.204Z - info: Using extension text@4.0.2
2025-03-12T13:06:22.206Z - info: Using extension version-control@4.1.0
2025-03-12T13:06:22.219Z - info: Using extension assets@4.2.1
2025-03-12T13:06:22.233Z - info: Using extension authorization@4.1.0
2025-03-12T13:06:22.239Z - debug: Extension authorization@4.1.0 was disabled
2025-03-12T13:06:22.240Z - info: Using extension browser-client@4.1.0
2025-03-12T13:06:22.242Z - info: Using extension chrome-pdf@4.1.1
2025-03-12T13:06:22.245Z - debug: Chrome strategy is chrome-pool, numberOfWorkers: 1
2025-03-12T13:06:22.245Z - debug: Chrome custom launch options are protocolTimeout=60000
2025-03-12T13:06:22.246Z - info: Using extension docx@4.7.0
2025-03-12T13:06:22.249Z - info: Using extension html-to-xlsx@4.2.0
2025-03-12T13:06:22.493Z - info: html-to-xlsx detected chrome as available html engine
2025-03-12T13:06:22.494Z - info: Using extension pptx@4.4.0
2025-03-12T13:06:22.497Z - info: Using extension scheduling@4.1.0
2025-03-12T13:06:22.527Z - info: Using extension scripts@4.2.0
2025-03-12T13:06:22.529Z - info: Using extension static-pdf@4.1.0
2025-03-12T13:06:22.530Z - info: Using extension studio@4.3.0
2025-03-12T13:06:22.603Z - info: Using extension xlsx@4.4.0
2025-03-12T13:06:22.605Z - info: Using extension public-templates@4.0.0
2025-03-12T13:06:22.607Z - debug: Extension public-templates@4.0.0 was disabled
2025-03-12T13:06:22.607Z - info: Using extension sample-template@4.0.1
2025-03-12T13:06:22.610Z - info: Using extension studio-theme-dark@4.0.0
2025-03-12T13:06:22.611Z - info: Using general timeout for rendering (reportTimeout: 60000)
2025-03-12T13:06:22.612Z - info: Using memory provider for template store. The saved templates will be lost after restart
2025-03-12T13:06:22.624Z - debug: studio default theme is: light
2025-03-12T13:06:22.628Z - info: Creating default express app.
2025-03-12T13:06:22.646Z - info: jsreport server successfully started on http port: 5488
2025-03-12T13:06:22.648Z - info: Verifying license key free
2025-03-12T13:06:22.649Z - info: Using free license
2025-03-12T13:06:22.655Z - info: Migrating templates chrome settings (waitForNetworkIddle -> waitForNetworkIdle)
2025-03-12T13:06:22.656Z - info: Migration successful
2025-03-12T13:06:22.656Z - debug: Creating samples is disabled
2025-03-12T13:06:22.657Z - info: Initializing worker threads
2025-03-12T13:06:22.657Z - debug: Extensions in workers: base, child-templates, components, data, express, handlebars, jsrender, localization, npm, pdf-utils, reports, text, version-control, assets, browser-client, chrome-pdf, docx, html-to-xlsx, pptx, scripts, static-pdf, studio, xlsx
2025-03-12T13:06:23.190Z - info: 2 worker threads initialized in 533ms
2025-03-12T13:06:23.191Z - info: Starting temp files cleanup with 180000ms threshold
2025-03-12T13:06:23.191Z - info: reporter initialized
2025-03-12T13:18:08.984Z - info: Initializing jsreport (version: 4.8.0, configuration file: none, nodejs: 20.15.1)
2025-03-12T13:18:08.987Z - info: Searching for available extensions in C:\Users\barua\OneDrive\Desktop\Gadify-Backend\
2025-03-12T13:18:08.991Z - info: Extensions location cache contains up to date information, skipping crawling in C:\Users\barua\OneDrive\Desktop\Gadify-Backend\
2025-03-12T13:18:09.066Z - info: Found 35 extension(s)
2025-03-12T13:18:09.094Z - debug: Writing extension locations cache to C:\Users\barua\AppData\Local\Temp\jsreport\core\locations.json
2025-03-12T13:18:09.095Z - debug: Discovered 35 extensions
2025-03-12T13:18:09.132Z - info: Using extension authentication@4.2.3
2025-03-12T13:18:09.321Z - debug: Extension authentication@4.2.3 was disabled
2025-03-12T13:18:09.321Z - info: Using extension base@4.0.0
2025-03-12T13:18:09.325Z - info: Using extension child-templates@4.1.0
2025-03-12T13:18:09.326Z - info: Using extension cli@4.1.0
2025-03-12T13:18:09.329Z - info: Using extension components@4.0.2
2025-03-12T13:18:09.332Z - info: Using extension data@4.1.0
2025-03-12T13:18:09.333Z - info: Using extension express@4.2.0
2025-03-12T13:18:09.578Z - info: Using extension freeze@4.0.0
2025-03-12T13:18:09.580Z - info: Using extension fs-store@4.1.0
2025-03-12T13:18:09.709Z - debug: Extension fs-store@4.1.0 was disabled
2025-03-12T13:18:09.709Z - info: Using extension handlebars@4.0.1
2025-03-12T13:18:09.711Z - info: Using extension import-export@4.0.6
2025-03-12T13:18:09.729Z - info: Using extension jsrender@4.0.0
2025-03-12T13:18:09.730Z - info: Using extension licensing@4.0.4
2025-03-12T13:18:09.766Z - info: Using extension localization@4.0.1
2025-03-12T13:18:09.768Z - info: Using extension npm@4.0.0
2025-03-12T13:18:09.774Z - info: Using extension pdf-utils@4.3.0
2025-03-12T13:18:09.776Z - info: Using extension reports@4.1.3
2025-03-12T13:18:09.778Z - info: Using extension tags@4.0.1
2025-03-12T13:18:09.780Z - info: Using extension text@4.0.2
2025-03-12T13:18:09.782Z - info: Using extension version-control@4.1.0
2025-03-12T13:18:09.794Z - info: Using extension assets@4.2.1
2025-03-12T13:18:09.809Z - info: Using extension authorization@4.1.0
2025-03-12T13:18:09.814Z - debug: Extension authorization@4.1.0 was disabled
2025-03-12T13:18:09.814Z - info: Using extension browser-client@4.1.0
2025-03-12T13:18:09.816Z - info: Using extension chrome-pdf@4.1.1
2025-03-12T13:18:09.819Z - debug: Chrome strategy is chrome-pool, numberOfWorkers: 1
2025-03-12T13:18:09.819Z - debug: Chrome custom launch options are protocolTimeout=60000
2025-03-12T13:18:09.820Z - info: Using extension docx@4.7.0
2025-03-12T13:18:09.822Z - info: Using extension html-to-xlsx@4.2.0
2025-03-12T13:18:10.020Z - info: html-to-xlsx detected chrome as available html engine
2025-03-12T13:18:10.020Z - info: Using extension pptx@4.4.0
2025-03-12T13:18:10.023Z - info: Using extension scheduling@4.1.0
2025-03-12T13:18:10.048Z - info: Using extension scripts@4.2.0
2025-03-12T13:18:10.050Z - info: Using extension static-pdf@4.1.0
2025-03-12T13:18:10.051Z - info: Using extension studio@4.3.0
2025-03-12T13:18:10.122Z - info: Using extension xlsx@4.4.0
2025-03-12T13:18:10.124Z - info: Using extension public-templates@4.0.0
2025-03-12T13:18:10.126Z - debug: Extension public-templates@4.0.0 was disabled
2025-03-12T13:18:10.127Z - info: Using extension sample-template@4.0.1
2025-03-12T13:18:10.129Z - info: Using extension studio-theme-dark@4.0.0
2025-03-12T13:18:10.131Z - info: Using general timeout for rendering (reportTimeout: 60000)
2025-03-12T13:18:10.132Z - info: Using memory provider for template store. The saved templates will be lost after restart
2025-03-12T13:18:10.145Z - debug: studio default theme is: light
2025-03-12T13:18:10.149Z - info: Creating default express app.
2025-03-12T13:18:10.168Z - info: jsreport server successfully started on http port: 5488
2025-03-12T13:18:10.170Z - info: Verifying license key free
2025-03-12T13:18:10.171Z - info: Using free license
2025-03-12T13:18:10.177Z - info: Migrating templates chrome settings (waitForNetworkIddle -> waitForNetworkIdle)
2025-03-12T13:18:10.178Z - info: Migration successful
2025-03-12T13:18:10.179Z - debug: Creating samples is disabled
2025-03-12T13:18:10.179Z - info: Initializing worker threads
2025-03-12T13:18:10.180Z - debug: Extensions in workers: base, child-templates, components, data, express, handlebars, jsrender, localization, npm, pdf-utils, reports, text, version-control, assets, browser-client, chrome-pdf, docx, html-to-xlsx, pptx, scripts, static-pdf, studio, xlsx
2025-03-12T13:18:10.738Z - info: 2 worker threads initialized in 559ms
2025-03-12T13:18:10.739Z - info: Starting temp files cleanup with 180000ms threshold
2025-03-12T13:18:10.740Z - info: reporter initialized
2025-03-12T13:18:31.983Z - info: Initializing jsreport (version: 4.8.0, configuration file: none, nodejs: 20.15.1)
2025-03-12T13:18:31.986Z - info: Searching for available extensions in C:\Users\barua\OneDrive\Desktop\Gadify-Backend\
2025-03-12T13:18:31.990Z - info: Extensions location cache contains up to date information, skipping crawling in C:\Users\barua\OneDrive\Desktop\Gadify-Backend\
2025-03-12T13:18:32.056Z - info: Found 35 extension(s)
2025-03-12T13:18:32.081Z - debug: Writing extension locations cache to C:\Users\barua\AppData\Local\Temp\jsreport\core\locations.json
2025-03-12T13:18:32.083Z - debug: Discovered 35 extensions
2025-03-12T13:18:32.117Z - info: Using extension authentication@4.2.3
2025-03-12T13:18:32.288Z - debug: Extension authentication@4.2.3 was disabled
2025-03-12T13:18:32.289Z - info: Using extension base@4.0.0
2025-03-12T13:18:32.292Z - info: Using extension child-templates@4.1.0
2025-03-12T13:18:32.294Z - info: Using extension cli@4.1.0
2025-03-12T13:18:32.296Z - info: Using extension components@4.0.2
2025-03-12T13:18:32.298Z - info: Using extension data@4.1.0
2025-03-12T13:18:32.300Z - info: Using extension express@4.2.0
2025-03-12T13:18:32.540Z - info: Using extension freeze@4.0.0
2025-03-12T13:18:32.542Z - info: Using extension fs-store@4.1.0
2025-03-12T13:18:32.660Z - debug: Extension fs-store@4.1.0 was disabled
2025-03-12T13:18:32.660Z - info: Using extension handlebars@4.0.1
2025-03-12T13:18:32.662Z - info: Using extension import-export@4.0.6
2025-03-12T13:18:32.678Z - info: Using extension jsrender@4.0.0
2025-03-12T13:18:32.679Z - info: Using extension licensing@4.0.4
2025-03-12T13:18:32.715Z - info: Using extension localization@4.0.1
2025-03-12T13:18:32.716Z - info: Using extension npm@4.0.0
2025-03-12T13:18:32.722Z - info: Using extension pdf-utils@4.3.0
2025-03-12T13:18:32.724Z - info: Using extension reports@4.1.3
2025-03-12T13:18:32.727Z - info: Using extension tags@4.0.1
2025-03-12T13:18:32.730Z - info: Using extension text@4.0.2
2025-03-12T13:18:32.730Z - info: Using extension version-control@4.1.0
2025-03-12T13:18:32.742Z - info: Using extension assets@4.2.1
2025-03-12T13:18:32.756Z - info: Using extension authorization@4.1.0
2025-03-12T13:18:32.760Z - debug: Extension authorization@4.1.0 was disabled
2025-03-12T13:18:32.761Z - info: Using extension browser-client@4.1.0
2025-03-12T13:18:32.763Z - info: Using extension chrome-pdf@4.1.1
2025-03-12T13:18:32.766Z - debug: Chrome strategy is chrome-pool, numberOfWorkers: 1
2025-03-12T13:18:32.767Z - debug: Chrome custom launch options are protocolTimeout=60000
2025-03-12T13:18:32.768Z - info: Using extension docx@4.7.0
2025-03-12T13:18:32.770Z - info: Using extension html-to-xlsx@4.2.0
2025-03-12T13:18:32.971Z - info: html-to-xlsx detected chrome as available html engine
2025-03-12T13:18:32.971Z - info: Using extension pptx@4.4.0
2025-03-12T13:18:32.974Z - info: Using extension scheduling@4.1.0
2025-03-12T13:18:33.006Z - info: Using extension scripts@4.2.0
2025-03-12T13:18:33.008Z - info: Using extension static-pdf@4.1.0
2025-03-12T13:18:33.009Z - info: Using extension studio@4.3.0
2025-03-12T13:18:33.078Z - info: Using extension xlsx@4.4.0
2025-03-12T13:18:33.081Z - info: Using extension public-templates@4.0.0
2025-03-12T13:18:33.082Z - debug: Extension public-templates@4.0.0 was disabled
2025-03-12T13:18:33.082Z - info: Using extension sample-template@4.0.1
2025-03-12T13:18:33.084Z - info: Using extension studio-theme-dark@4.0.0
2025-03-12T13:18:33.086Z - info: Using general timeout for rendering (reportTimeout: 60000)
2025-03-12T13:18:33.086Z - info: Using memory provider for template store. The saved templates will be lost after restart
2025-03-12T13:18:33.096Z - debug: studio default theme is: light
2025-03-12T13:18:33.100Z - info: Creating default express app.
2025-03-12T13:18:33.116Z - info: jsreport server successfully started on http port: 5488
2025-03-12T13:18:33.118Z - info: Verifying license key free
2025-03-12T13:18:33.119Z - info: Using free license
2025-03-12T13:18:33.125Z - info: Migrating templates chrome settings (waitForNetworkIddle -> waitForNetworkIdle)
2025-03-12T13:18:33.126Z - info: Migration successful
2025-03-12T13:18:33.127Z - debug: Creating samples is disabled
2025-03-12T13:18:33.127Z - info: Initializing worker threads
2025-03-12T13:18:33.127Z - debug: Extensions in workers: base, child-templates, components, data, express, handlebars, jsrender, localization, npm, pdf-utils, reports, text, version-control, assets, browser-client, chrome-pdf, docx, html-to-xlsx, pptx, scripts, static-pdf, studio, xlsx
2025-03-12T13:18:33.649Z - info: 2 worker threads initialized in 522ms
2025-03-12T13:18:33.650Z - info: Starting temp files cleanup with 180000ms threshold
2025-03-12T13:18:33.650Z - info: reporter initialized
2025-03-12T13:19:06.423Z - info: Initializing jsreport (version: 4.8.0, configuration file: none, nodejs: 20.15.1)
2025-03-12T13:19:06.425Z - info: Searching for available extensions in C:\Users\barua\OneDrive\Desktop\Gadify-Backend\
2025-03-12T13:19:06.430Z - info: Extensions location cache contains up to date information, skipping crawling in C:\Users\barua\OneDrive\Desktop\Gadify-Backend\
2025-03-12T13:19:06.496Z - info: Found 35 extension(s)
2025-03-12T13:19:06.521Z - debug: Writing extension locations cache to C:\Users\barua\AppData\Local\Temp\jsreport\core\locations.json
2025-03-12T13:19:06.523Z - debug: Discovered 35 extensions
2025-03-12T13:19:06.557Z - info: Using extension authentication@4.2.3
2025-03-12T13:19:06.740Z - debug: Extension authentication@4.2.3 was disabled
2025-03-12T13:19:06.741Z - info: Using extension base@4.0.0
2025-03-12T13:19:06.744Z - info: Using extension child-templates@4.1.0
2025-03-12T13:19:06.745Z - info: Using extension cli@4.1.0
2025-03-12T13:19:06.747Z - info: Using extension components@4.0.2
2025-03-12T13:19:06.749Z - info: Using extension data@4.1.0
2025-03-12T13:19:06.750Z - info: Using extension express@4.2.0
2025-03-12T13:19:06.993Z - info: Using extension freeze@4.0.0
2025-03-12T13:19:06.995Z - info: Using extension fs-store@4.1.0
2025-03-12T13:19:07.113Z - debug: Extension fs-store@4.1.0 was disabled
2025-03-12T13:19:07.114Z - info: Using extension handlebars@4.0.1
2025-03-12T13:19:07.115Z - info: Using extension import-export@4.0.6
2025-03-12T13:19:07.132Z - info: Using extension jsrender@4.0.0
2025-03-12T13:19:07.133Z - info: Using extension licensing@4.0.4
2025-03-12T13:19:07.165Z - info: Using extension localization@4.0.1
2025-03-12T13:19:07.166Z - info: Using extension npm@4.0.0
2025-03-12T13:19:07.171Z - info: Using extension pdf-utils@4.3.0
2025-03-12T13:19:07.172Z - info: Using extension reports@4.1.3
2025-03-12T13:19:07.175Z - info: Using extension tags@4.0.1
2025-03-12T13:19:07.176Z - info: Using extension text@4.0.2
2025-03-12T13:19:07.177Z - info: Using extension version-control@4.1.0
2025-03-12T13:19:07.187Z - info: Using extension assets@4.2.1
2025-03-12T13:19:07.199Z - info: Using extension authorization@4.1.0
2025-03-12T13:19:07.203Z - debug: Extension authorization@4.1.0 was disabled
2025-03-12T13:19:07.204Z - info: Using extension browser-client@4.1.0
2025-03-12T13:19:07.205Z - info: Using extension chrome-pdf@4.1.1
2025-03-12T13:19:07.207Z - debug: Chrome strategy is chrome-pool, numberOfWorkers: 1
2025-03-12T13:19:07.208Z - debug: Chrome custom launch options are protocolTimeout=60000
2025-03-12T13:19:07.208Z - info: Using extension docx@4.7.0
2025-03-12T13:19:07.210Z - info: Using extension html-to-xlsx@4.2.0
2025-03-12T13:19:07.389Z - info: html-to-xlsx detected chrome as available html engine
2025-03-12T13:19:07.389Z - info: Using extension pptx@4.4.0
2025-03-12T13:19:07.391Z - info: Using extension scheduling@4.1.0
2025-03-12T13:19:07.415Z - info: Using extension scripts@4.2.0
2025-03-12T13:19:07.416Z - info: Using extension static-pdf@4.1.0
2025-03-12T13:19:07.417Z - info: Using extension studio@4.3.0
2025-03-12T13:19:07.484Z - info: Using extension xlsx@4.4.0
2025-03-12T13:19:07.486Z - info: Using extension public-templates@4.0.0
2025-03-12T13:19:07.487Z - debug: Extension public-templates@4.0.0 was disabled
2025-03-12T13:19:07.487Z - info: Using extension sample-template@4.0.1
2025-03-12T13:19:07.489Z - info: Using extension studio-theme-dark@4.0.0
2025-03-12T13:19:07.491Z - info: Using general timeout for rendering (reportTimeout: 60000)
2025-03-12T13:19:07.491Z - info: Using memory provider for template store. The saved templates will be lost after restart
2025-03-12T13:19:07.501Z - debug: studio default theme is: light
2025-03-12T13:19:07.504Z - info: Creating default express app.
2025-03-12T13:19:07.520Z - info: jsreport server successfully started on http port: 5488
2025-03-12T13:19:07.522Z - info: Verifying license key free
2025-03-12T13:19:07.523Z - info: Using free license
2025-03-12T13:19:07.528Z - info: Migrating templates chrome settings (waitForNetworkIddle -> waitForNetworkIdle)
2025-03-12T13:19:07.529Z - info: Migration successful
2025-03-12T13:19:07.529Z - debug: Creating samples is disabled
2025-03-12T13:19:07.530Z - info: Initializing worker threads
2025-03-12T13:19:07.530Z - debug: Extensions in workers: base, child-templates, components, data, express, handlebars, jsrender, localization, npm, pdf-utils, reports, text, version-control, assets, browser-client, chrome-pdf, docx, html-to-xlsx, pptx, scripts, static-pdf, studio, xlsx
2025-03-12T13:19:08.102Z - info: 2 worker threads initialized in 572ms
2025-03-12T13:19:08.102Z - info: Starting temp files cleanup with 180000ms threshold
2025-03-12T13:19:08.103Z - info: reporter initialized
2025-03-12T13:20:33.237Z - info: Initializing jsreport (version: 4.8.0, configuration file: none, nodejs: 20.15.1)
2025-03-12T13:20:33.240Z - info: Searching for available extensions in C:\Users\barua\OneDrive\Desktop\Gadify-Backend\
2025-03-12T13:20:33.243Z - info: Extensions location cache contains up to date information, skipping crawling in C:\Users\barua\OneDrive\Desktop\Gadify-Backend\
2025-03-12T13:20:33.328Z - info: Found 35 extension(s)
2025-03-12T13:20:33.352Z - debug: Writing extension locations cache to C:\Users\barua\AppData\Local\Temp\jsreport\core\locations.json
2025-03-12T13:20:33.354Z - debug: Discovered 35 extensions
2025-03-12T13:20:33.386Z - info: Using extension authentication@4.2.3
2025-03-12T13:20:33.540Z - debug: Extension authentication@4.2.3 was disabled
2025-03-12T13:20:33.541Z - info: Using extension base@4.0.0
2025-03-12T13:20:33.544Z - info: Using extension child-templates@4.1.0
2025-03-12T13:20:33.545Z - info: Using extension cli@4.1.0
2025-03-12T13:20:33.548Z - info: Using extension components@4.0.2
2025-03-12T13:20:33.549Z - info: Using extension data@4.1.0
2025-03-12T13:20:33.550Z - info: Using extension express@4.2.0
2025-03-12T13:20:33.778Z - info: Using extension freeze@4.0.0
2025-03-12T13:20:33.780Z - info: Using extension fs-store@4.1.0
2025-03-12T13:20:33.898Z - debug: Extension fs-store@4.1.0 was disabled
2025-03-12T13:20:33.899Z - info: Using extension handlebars@4.0.1
2025-03-12T13:20:33.901Z - info: Using extension import-export@4.0.6
2025-03-12T13:20:33.917Z - info: Using extension jsrender@4.0.0
2025-03-12T13:20:33.918Z - info: Using extension licensing@4.0.4
2025-03-12T13:20:33.951Z - info: Using extension localization@4.0.1
2025-03-12T13:20:33.953Z - info: Using extension npm@4.0.0
2025-03-12T13:20:33.957Z - info: Using extension pdf-utils@4.3.0
2025-03-12T13:20:33.959Z - info: Using extension reports@4.1.3
2025-03-12T13:20:33.962Z - info: Using extension tags@4.0.1
2025-03-12T13:20:33.964Z - info: Using extension text@4.0.2
2025-03-12T13:20:33.964Z - info: Using extension version-control@4.1.0
2025-03-12T13:20:33.975Z - info: Using extension assets@4.2.1
2025-03-12T13:20:33.987Z - info: Using extension authorization@4.1.0
2025-03-12T13:20:33.991Z - debug: Extension authorization@4.1.0 was disabled
2025-03-12T13:20:33.991Z - info: Using extension browser-client@4.1.0
2025-03-12T13:20:33.994Z - info: Using extension chrome-pdf@4.1.1
2025-03-12T13:20:33.996Z - debug: Chrome strategy is chrome-pool, numberOfWorkers: 1
2025-03-12T13:20:33.996Z - debug: Chrome custom launch options are protocolTimeout=60000
2025-03-12T13:20:33.997Z - info: Using extension docx@4.7.0
2025-03-12T13:20:33.999Z - info: Using extension html-to-xlsx@4.2.0
2025-03-12T13:20:34.176Z - info: html-to-xlsx detected chrome as available html engine
2025-03-12T13:20:34.177Z - info: Using extension pptx@4.4.0
2025-03-12T13:20:34.179Z - info: Using extension scheduling@4.1.0
2025-03-12T13:20:34.201Z - info: Using extension scripts@4.2.0
2025-03-12T13:20:34.203Z - info: Using extension static-pdf@4.1.0
2025-03-12T13:20:34.203Z - info: Using extension studio@4.3.0
2025-03-12T13:20:34.269Z - info: Using extension xlsx@4.4.0
2025-03-12T13:20:34.271Z - info: Using extension public-templates@4.0.0
2025-03-12T13:20:34.273Z - debug: Extension public-templates@4.0.0 was disabled
2025-03-12T13:20:34.273Z - info: Using extension sample-template@4.0.1
2025-03-12T13:20:34.275Z - info: Using extension studio-theme-dark@4.0.0
2025-03-12T13:20:34.276Z - info: Using general timeout for rendering (reportTimeout: 60000)
2025-03-12T13:20:34.276Z - info: Using memory provider for template store. The saved templates will be lost after restart
2025-03-12T13:20:34.286Z - debug: studio default theme is: light
2025-03-12T13:20:34.290Z - info: Creating default express app.
2025-03-12T13:20:34.305Z - info: jsreport server successfully started on http port: 5488
2025-03-12T13:20:34.307Z - info: Verifying license key free
2025-03-12T13:20:34.308Z - info: Using free license
2025-03-12T13:20:34.312Z - info: Migrating templates chrome settings (waitForNetworkIddle -> waitForNetworkIdle)
2025-03-12T13:20:34.313Z - info: Migration successful
2025-03-12T13:20:34.314Z - debug: Creating samples is disabled
2025-03-12T13:20:34.315Z - info: Initializing worker threads
2025-03-12T13:20:34.315Z - debug: Extensions in workers: base, child-templates, components, data, express, handlebars, jsrender, localization, npm, pdf-utils, reports, text, version-control, assets, browser-client, chrome-pdf, docx, html-to-xlsx, pptx, scripts, static-pdf, studio, xlsx
2025-03-12T13:20:34.834Z - info: 2 worker threads initialized in 519ms
2025-03-12T13:20:34.835Z - info: Starting temp files cleanup with 180000ms threshold
2025-03-12T13:20:34.835Z - info: reporter initialized
2025-03-12T13:20:45.167Z - info: Initializing jsreport (version: 4.8.0, configuration file: none, nodejs: 20.15.1)
2025-03-12T13:20:45.170Z - info: Searching for available extensions in C:\Users\barua\OneDrive\Desktop\Gadify-Backend\
2025-03-12T13:20:45.174Z - info: Extensions location cache contains up to date information, skipping crawling in C:\Users\barua\OneDrive\Desktop\Gadify-Backend\
2025-03-12T13:20:45.243Z - info: Found 35 extension(s)
2025-03-12T13:20:45.267Z - debug: Writing extension locations cache to C:\Users\barua\AppData\Local\Temp\jsreport\core\locations.json
2025-03-12T13:20:45.268Z - debug: Discovered 35 extensions
2025-03-12T13:20:45.300Z - info: Using extension authentication@4.2.3
2025-03-12T13:20:45.454Z - debug: Extension authentication@4.2.3 was disabled
2025-03-12T13:20:45.455Z - info: Using extension base@4.0.0
2025-03-12T13:20:45.458Z - info: Using extension child-templates@4.1.0
2025-03-12T13:20:45.459Z - info: Using extension cli@4.1.0
2025-03-12T13:20:45.462Z - info: Using extension components@4.0.2
2025-03-12T13:20:45.464Z - info: Using extension data@4.1.0
2025-03-12T13:20:45.464Z - info: Using extension express@4.2.0
2025-03-12T13:20:45.692Z - info: Using extension freeze@4.0.0
2025-03-12T13:20:45.694Z - info: Using extension fs-store@4.1.0
2025-03-12T13:20:45.812Z - debug: Extension fs-store@4.1.0 was disabled
2025-03-12T13:20:45.812Z - info: Using extension handlebars@4.0.1
2025-03-12T13:20:45.814Z - info: Using extension import-export@4.0.6
2025-03-12T13:20:45.830Z - info: Using extension jsrender@4.0.0
2025-03-12T13:20:45.832Z - info: Using extension licensing@4.0.4
2025-03-12T13:20:45.864Z - info: Using extension localization@4.0.1
2025-03-12T13:20:45.865Z - info: Using extension npm@4.0.0
2025-03-12T13:20:45.870Z - info: Using extension pdf-utils@4.3.0
2025-03-12T13:20:45.872Z - info: Using extension reports@4.1.3
2025-03-12T13:20:45.874Z - info: Using extension tags@4.0.1
2025-03-12T13:20:45.876Z - info: Using extension text@4.0.2
2025-03-12T13:20:45.877Z - info: Using extension version-control@4.1.0
2025-03-12T13:20:45.889Z - info: Using extension assets@4.2.1
2025-03-12T13:20:45.902Z - info: Using extension authorization@4.1.0
2025-03-12T13:20:45.906Z - debug: Extension authorization@4.1.0 was disabled
2025-03-12T13:20:45.906Z - info: Using extension browser-client@4.1.0
2025-03-12T13:20:45.908Z - info: Using extension chrome-pdf@4.1.1
2025-03-12T13:20:45.910Z - debug: Chrome strategy is chrome-pool, numberOfWorkers: 1
2025-03-12T13:20:45.911Z - debug: Chrome custom launch options are protocolTimeout=60000
2025-03-12T13:20:45.911Z - info: Using extension docx@4.7.0
2025-03-12T13:20:45.913Z - info: Using extension html-to-xlsx@4.2.0
2025-03-12T13:20:46.091Z - info: html-to-xlsx detected chrome as available html engine
2025-03-12T13:20:46.091Z - info: Using extension pptx@4.4.0
2025-03-12T13:20:46.093Z - info: Using extension scheduling@4.1.0
2025-03-12T13:20:46.115Z - info: Using extension scripts@4.2.0
2025-03-12T13:20:46.116Z - info: Using extension static-pdf@4.1.0
2025-03-12T13:20:46.117Z - info: Using extension studio@4.3.0
2025-03-12T13:20:46.179Z - info: Using extension xlsx@4.4.0
2025-03-12T13:20:46.182Z - info: Using extension public-templates@4.0.0
2025-03-12T13:20:46.183Z - debug: Extension public-templates@4.0.0 was disabled
2025-03-12T13:20:46.183Z - info: Using extension sample-template@4.0.1
2025-03-12T13:20:46.185Z - info: Using extension studio-theme-dark@4.0.0
2025-03-12T13:20:46.186Z - info: Using general timeout for rendering (reportTimeout: 60000)
2025-03-12T13:20:46.187Z - info: Using memory provider for template store. The saved templates will be lost after restart
2025-03-12T13:20:46.196Z - debug: studio default theme is: light
2025-03-12T13:20:46.199Z - info: Creating default express app.
2025-03-12T13:20:46.215Z - info: jsreport server successfully started on http port: 5488
2025-03-12T13:20:46.216Z - info: Verifying license key free
2025-03-12T13:20:46.217Z - info: Using free license
2025-03-12T13:20:46.223Z - info: Migrating templates chrome settings (waitForNetworkIddle -> waitForNetworkIdle)
2025-03-12T13:20:46.223Z - info: Migration successful
2025-03-12T13:20:46.224Z - debug: Creating samples is disabled
2025-03-12T13:20:46.224Z - info: Initializing worker threads
2025-03-12T13:20:46.225Z - debug: Extensions in workers: base, child-templates, components, data, express, handlebars, jsrender, localization, npm, pdf-utils, reports, text, version-control, assets, browser-client, chrome-pdf, docx, html-to-xlsx, pptx, scripts, static-pdf, studio, xlsx
2025-03-12T13:20:46.765Z - info: 2 worker threads initialized in 541ms
2025-03-12T13:20:46.766Z - info: Starting temp files cleanup with 180000ms threshold
2025-03-12T13:20:46.766Z - info: reporter initialized
2025-03-12T13:20:53.267Z - info: Initializing jsreport (version: 4.8.0, configuration file: none, nodejs: 20.15.1)
2025-03-12T13:20:53.273Z - info: Searching for available extensions in C:\Users\barua\OneDrive\Desktop\Gadify-Backend\
2025-03-12T13:20:53.280Z - info: Extensions location cache contains up to date information, skipping crawling in C:\Users\barua\OneDrive\Desktop\Gadify-Backend\
2025-03-12T13:20:53.367Z - info: Found 35 extension(s)
2025-03-12T13:20:53.392Z - debug: Writing extension locations cache to C:\Users\barua\AppData\Local\Temp\jsreport\core\locations.json
2025-03-12T13:20:53.394Z - debug: Discovered 35 extensions
2025-03-12T13:20:53.427Z - info: Using extension authentication@4.2.3
2025-03-12T13:20:53.592Z - debug: Extension authentication@4.2.3 was disabled
2025-03-12T13:20:53.593Z - info: Using extension base@4.0.0
2025-03-12T13:20:53.596Z - info: Using extension child-templates@4.1.0
2025-03-12T13:20:53.598Z - info: Using extension cli@4.1.0
2025-03-12T13:20:53.601Z - info: Using extension components@4.0.2
2025-03-12T13:20:53.602Z - info: Using extension data@4.1.0
2025-03-12T13:20:53.604Z - info: Using extension express@4.2.0
2025-03-12T13:20:53.840Z - info: Using extension freeze@4.0.0
2025-03-12T13:20:53.842Z - info: Using extension fs-store@4.1.0
2025-03-12T13:20:53.971Z - debug: Extension fs-store@4.1.0 was disabled
2025-03-12T13:20:53.971Z - info: Using extension handlebars@4.0.1
2025-03-12T13:20:53.973Z - info: Using extension import-export@4.0.6
2025-03-12T13:20:53.990Z - info: Using extension jsrender@4.0.0
2025-03-12T13:20:53.991Z - info: Using extension licensing@4.0.4
2025-03-12T13:20:54.023Z - info: Using extension localization@4.0.1
2025-03-12T13:20:54.024Z - info: Using extension npm@4.0.0
2025-03-12T13:20:54.029Z - info: Using extension pdf-utils@4.3.0
2025-03-12T13:20:54.031Z - info: Using extension reports@4.1.3
2025-03-12T13:20:54.033Z - info: Using extension tags@4.0.1
2025-03-12T13:20:54.035Z - info: Using extension text@4.0.2
2025-03-12T13:20:54.036Z - info: Using extension version-control@4.1.0
2025-03-12T13:20:54.046Z - info: Using extension assets@4.2.1
2025-03-12T13:20:54.059Z - info: Using extension authorization@4.1.0
2025-03-12T13:20:54.063Z - debug: Extension authorization@4.1.0 was disabled
2025-03-12T13:20:54.064Z - info: Using extension browser-client@4.1.0
2025-03-12T13:20:54.066Z - info: Using extension chrome-pdf@4.1.1
2025-03-12T13:20:54.068Z - debug: Chrome strategy is chrome-pool, numberOfWorkers: 1
2025-03-12T13:20:54.069Z - debug: Chrome custom launch options are protocolTimeout=60000
2025-03-12T13:20:54.069Z - info: Using extension docx@4.7.0
2025-03-12T13:20:54.071Z - info: Using extension html-to-xlsx@4.2.0
2025-03-12T13:20:54.268Z - info: html-to-xlsx detected chrome as available html engine
2025-03-12T13:20:54.269Z - info: Using extension pptx@4.4.0
2025-03-12T13:20:54.271Z - info: Using extension scheduling@4.1.0
2025-03-12T13:20:54.293Z - info: Using extension scripts@4.2.0
2025-03-12T13:20:54.294Z - info: Using extension static-pdf@4.1.0
2025-03-12T13:20:54.295Z - info: Using extension studio@4.3.0
2025-03-12T13:20:54.360Z - info: Using extension xlsx@4.4.0
2025-03-12T13:20:54.363Z - info: Using extension public-templates@4.0.0
2025-03-12T13:20:54.365Z - debug: Extension public-templates@4.0.0 was disabled
2025-03-12T13:20:54.365Z - info: Using extension sample-template@4.0.1
2025-03-12T13:20:54.367Z - info: Using extension studio-theme-dark@4.0.0
2025-03-12T13:20:54.369Z - info: Using general timeout for rendering (reportTimeout: 60000)
2025-03-12T13:20:54.369Z - info: Using memory provider for template store. The saved templates will be lost after restart
2025-03-12T13:20:54.381Z - debug: studio default theme is: light
2025-03-12T13:20:54.385Z - info: Creating default express app.
2025-03-12T13:20:54.401Z - info: jsreport server successfully started on http port: 5488
2025-03-12T13:20:54.403Z - info: Verifying license key free
2025-03-12T13:20:54.404Z - info: Using free license
2025-03-12T13:20:54.409Z - info: Migrating templates chrome settings (waitForNetworkIddle -> waitForNetworkIdle)
2025-03-12T13:20:54.411Z - info: Migration successful
2025-03-12T13:20:54.411Z - debug: Creating samples is disabled
2025-03-12T13:20:54.412Z - info: Initializing worker threads
2025-03-12T13:20:54.412Z - debug: Extensions in workers: base, child-templates, components, data, express, handlebars, jsrender, localization, npm, pdf-utils, reports, text, version-control, assets, browser-client, chrome-pdf, docx, html-to-xlsx, pptx, scripts, static-pdf, studio, xlsx
2025-03-12T13:20:54.935Z - info: 2 worker threads initialized in 523ms
2025-03-12T13:20:54.935Z - info: Starting temp files cleanup with 180000ms threshold
2025-03-12T13:20:54.936Z - info: reporter initialized
2025-03-12T13:21:05.465Z - info: Initializing jsreport (version: 4.8.0, configuration file: none, nodejs: 20.15.1)
2025-03-12T13:21:05.468Z - info: Searching for available extensions in C:\Users\barua\OneDrive\Desktop\Gadify-Backend\
2025-03-12T13:21:05.473Z - info: Extensions location cache contains up to date information, skipping crawling in C:\Users\barua\OneDrive\Desktop\Gadify-Backend\
2025-03-12T13:21:05.548Z - info: Found 35 extension(s)
2025-03-12T13:21:05.581Z - debug: Writing extension locations cache to C:\Users\barua\AppData\Local\Temp\jsreport\core\locations.json
2025-03-12T13:21:05.583Z - debug: Discovered 35 extensions
2025-03-12T13:21:05.627Z - info: Using extension authentication@4.2.3
2025-03-12T13:21:15.995Z - info: Initializing jsreport (version: 4.8.0, configuration file: none, nodejs: 20.15.1)
2025-03-12T13:21:15.998Z - info: Searching for available extensions in C:\Users\barua\OneDrive\Desktop\Gadify-Backend\
2025-03-12T13:21:16.002Z - info: Extensions location cache contains up to date information, skipping crawling in C:\Users\barua\OneDrive\Desktop\Gadify-Backend\
2025-03-12T13:21:16.071Z - info: Found 35 extension(s)
2025-03-12T13:21:16.096Z - debug: Writing extension locations cache to C:\Users\barua\AppData\Local\Temp\jsreport\core\locations.json
2025-03-12T13:21:16.098Z - debug: Discovered 35 extensions
2025-03-12T13:21:16.130Z - info: Using extension authentication@4.2.3
2025-03-12T13:21:16.285Z - debug: Extension authentication@4.2.3 was disabled
2025-03-12T13:21:16.285Z - info: Using extension base@4.0.0
2025-03-12T13:21:16.289Z - info: Using extension child-templates@4.1.0
2025-03-12T13:21:16.290Z - info: Using extension cli@4.1.0
2025-03-12T13:21:16.293Z - info: Using extension components@4.0.2
2025-03-12T13:21:16.295Z - info: Using extension data@4.1.0
2025-03-12T13:21:16.296Z - info: Using extension express@4.2.0
2025-03-12T13:21:16.527Z - info: Using extension freeze@4.0.0
2025-03-12T13:21:16.528Z - info: Using extension fs-store@4.1.0
2025-03-12T13:21:16.645Z - debug: Extension fs-store@4.1.0 was disabled
2025-03-12T13:21:16.645Z - info: Using extension handlebars@4.0.1
2025-03-12T13:21:16.647Z - info: Using extension import-export@4.0.6
2025-03-12T13:21:16.663Z - info: Using extension jsrender@4.0.0
2025-03-12T13:21:16.664Z - info: Using extension licensing@4.0.4
2025-03-12T13:21:16.697Z - info: Using extension localization@4.0.1
2025-03-12T13:21:16.699Z - info: Using extension npm@4.0.0
2025-03-12T13:21:16.703Z - info: Using extension pdf-utils@4.3.0
2025-03-12T13:21:16.705Z - info: Using extension reports@4.1.3
2025-03-12T13:21:16.707Z - info: Using extension tags@4.0.1
2025-03-12T13:21:16.709Z - info: Using extension text@4.0.2
2025-03-12T13:21:16.710Z - info: Using extension version-control@4.1.0
2025-03-12T13:21:16.720Z - info: Using extension assets@4.2.1
2025-03-12T13:21:16.732Z - info: Using extension authorization@4.1.0
2025-03-12T13:21:16.736Z - debug: Extension authorization@4.1.0 was disabled
2025-03-12T13:21:16.737Z - info: Using extension browser-client@4.1.0
2025-03-12T13:21:16.739Z - info: Using extension chrome-pdf@4.1.1
2025-03-12T13:21:16.741Z - debug: Chrome strategy is chrome-pool, numberOfWorkers: 1
2025-03-12T13:21:16.742Z - debug: Chrome custom launch options are protocolTimeout=60000
2025-03-12T13:21:16.742Z - info: Using extension docx@4.7.0
2025-03-12T13:21:16.744Z - info: Using extension html-to-xlsx@4.2.0
2025-03-12T13:21:16.922Z - info: html-to-xlsx detected chrome as available html engine
2025-03-12T13:21:16.923Z - info: Using extension pptx@4.4.0
2025-03-12T13:21:16.925Z - info: Using extension scheduling@4.1.0
2025-03-12T13:21:16.946Z - info: Using extension scripts@4.2.0
2025-03-12T13:21:16.948Z - info: Using extension static-pdf@4.1.0
2025-03-12T13:21:16.949Z - info: Using extension studio@4.3.0
2025-03-12T13:21:17.013Z - info: Using extension xlsx@4.4.0
2025-03-12T13:21:17.016Z - info: Using extension public-templates@4.0.0
2025-03-12T13:21:17.017Z - debug: Extension public-templates@4.0.0 was disabled
2025-03-12T13:21:17.017Z - info: Using extension sample-template@4.0.1
2025-03-12T13:21:17.019Z - info: Using extension studio-theme-dark@4.0.0
2025-03-12T13:21:17.020Z - info: Using general timeout for rendering (reportTimeout: 60000)
2025-03-12T13:21:17.021Z - info: Using memory provider for template store. The saved templates will be lost after restart
2025-03-12T13:21:17.030Z - debug: studio default theme is: light
2025-03-12T13:21:17.034Z - info: Creating default express app.
2025-03-12T13:21:17.052Z - info: jsreport server successfully started on http port: 5488
2025-03-12T13:21:17.054Z - info: Verifying license key free
2025-03-12T13:21:17.055Z - info: Using free license
2025-03-12T13:21:17.061Z - info: Migrating templates chrome settings (waitForNetworkIddle -> waitForNetworkIdle)
2025-03-12T13:21:17.062Z - info: Migration successful
2025-03-12T13:21:17.063Z - debug: Creating samples is disabled
2025-03-12T13:21:17.063Z - info: Initializing worker threads
2025-03-12T13:21:17.064Z - debug: Extensions in workers: base, child-templates, components, data, express, handlebars, jsrender, localization, npm, pdf-utils, reports, text, version-control, assets, browser-client, chrome-pdf, docx, html-to-xlsx, pptx, scripts, static-pdf, studio, xlsx
2025-03-12T13:21:17.634Z - info: 2 worker threads initialized in 571ms
2025-03-12T13:21:17.635Z - info: Starting temp files cleanup with 180000ms threshold
2025-03-12T13:21:17.636Z - info: reporter initialized
2025-03-12T13:22:02.454Z - info: Initializing jsreport (version: 4.8.0, configuration file: none, nodejs: 20.15.1)
2025-03-12T13:22:02.457Z - info: Searching for available extensions in C:\Users\barua\OneDrive\Desktop\Gadify-Backend\
2025-03-12T13:22:02.461Z - info: Extensions location cache contains up to date information, skipping crawling in C:\Users\barua\OneDrive\Desktop\Gadify-Backend\
2025-03-12T13:22:02.529Z - info: Found 35 extension(s)
2025-03-12T13:22:02.561Z - debug: Writing extension locations cache to C:\Users\barua\AppData\Local\Temp\jsreport\core\locations.json
2025-03-12T13:22:02.563Z - debug: Discovered 35 extensions
2025-03-12T13:22:02.651Z - info: Using extension authentication@4.2.3
2025-03-12T13:22:02.809Z - debug: Extension authentication@4.2.3 was disabled
2025-03-12T13:22:02.810Z - info: Using extension base@4.0.0
2025-03-12T13:22:02.813Z - info: Using extension child-templates@4.1.0
2025-03-12T13:22:02.814Z - info: Using extension cli@4.1.0
2025-03-12T13:22:02.817Z - info: Using extension components@4.0.2
2025-03-12T13:22:02.819Z - info: Using extension data@4.1.0
2025-03-12T13:22:02.820Z - info: Using extension express@4.2.0
2025-03-12T13:22:03.056Z - info: Using extension freeze@4.0.0
2025-03-12T13:22:03.057Z - info: Using extension fs-store@4.1.0
2025-03-12T13:22:03.188Z - debug: Extension fs-store@4.1.0 was disabled
2025-03-12T13:22:03.189Z - info: Using extension handlebars@4.0.1
2025-03-12T13:22:03.190Z - info: Using extension import-export@4.0.6
2025-03-12T13:22:03.208Z - info: Using extension jsrender@4.0.0
2025-03-12T13:22:03.209Z - info: Using extension licensing@4.0.4
2025-03-12T13:22:03.243Z - info: Using extension localization@4.0.1
2025-03-12T13:22:03.244Z - info: Using extension npm@4.0.0
2025-03-12T13:22:03.249Z - info: Using extension pdf-utils@4.3.0
2025-03-12T13:22:03.251Z - info: Using extension reports@4.1.3
2025-03-12T13:22:03.253Z - info: Using extension tags@4.0.1
2025-03-12T13:22:03.255Z - info: Using extension text@4.0.2
2025-03-12T13:22:03.256Z - info: Using extension version-control@4.1.0
2025-03-12T13:22:03.268Z - info: Using extension assets@4.2.1
2025-03-12T13:22:03.280Z - info: Using extension authorization@4.1.0
2025-03-12T13:22:03.284Z - debug: Extension authorization@4.1.0 was disabled
2025-03-12T13:22:03.285Z - info: Using extension browser-client@4.1.0
2025-03-12T13:22:03.287Z - info: Using extension chrome-pdf@4.1.1
2025-03-12T13:22:03.289Z - debug: Chrome strategy is chrome-pool, numberOfWorkers: 1
2025-03-12T13:22:03.290Z - debug: Chrome custom launch options are protocolTimeout=60000
2025-03-12T13:22:03.290Z - info: Using extension docx@4.7.0
2025-03-12T13:22:03.292Z - info: Using extension html-to-xlsx@4.2.0
2025-03-12T13:22:03.474Z - info: html-to-xlsx detected chrome as available html engine
2025-03-12T13:22:03.474Z - info: Using extension pptx@4.4.0
2025-03-12T13:22:03.476Z - info: Using extension scheduling@4.1.0
2025-03-12T13:22:03.499Z - info: Using extension scripts@4.2.0
2025-03-12T13:22:03.500Z - info: Using extension static-pdf@4.1.0
2025-03-12T13:22:03.501Z - info: Using extension studio@4.3.0
2025-03-12T13:22:03.566Z - info: Using extension xlsx@4.4.0
2025-03-12T13:22:03.568Z - info: Using extension public-templates@4.0.0
2025-03-12T13:22:03.570Z - debug: Extension public-templates@4.0.0 was disabled
2025-03-12T13:22:03.570Z - info: Using extension sample-template@4.0.1
2025-03-12T13:22:03.573Z - info: Using extension studio-theme-dark@4.0.0
2025-03-12T13:22:03.574Z - info: Using general timeout for rendering (reportTimeout: 60000)
2025-03-12T13:22:03.574Z - info: Using memory provider for template store. The saved templates will be lost after restart
2025-03-12T13:22:03.584Z - debug: studio default theme is: light
2025-03-12T13:22:03.587Z - info: Creating default express app.
2025-03-12T13:22:03.603Z - info: jsreport server successfully started on http port: 5488
2025-03-12T13:22:03.605Z - info: Verifying license key free
2025-03-12T13:22:03.606Z - info: Using free license
2025-03-12T13:22:03.611Z - info: Migrating templates chrome settings (waitForNetworkIddle -> waitForNetworkIdle)
2025-03-12T13:22:03.612Z - info: Migration successful
2025-03-12T13:22:03.613Z - debug: Creating samples is disabled
2025-03-12T13:22:03.613Z - info: Initializing worker threads
2025-03-12T13:22:03.614Z - debug: Extensions in workers: base, child-templates, components, data, express, handlebars, jsrender, localization, npm, pdf-utils, reports, text, version-control, assets, browser-client, chrome-pdf, docx, html-to-xlsx, pptx, scripts, static-pdf, studio, xlsx
2025-03-12T13:22:04.146Z - info: 2 worker threads initialized in 533ms
2025-03-12T13:22:04.147Z - info: Starting temp files cleanup with 180000ms threshold
2025-03-12T13:22:04.148Z - info: reporter initialized
2025-03-12T13:22:22.669Z - info: Initializing jsreport (version: 4.8.0, configuration file: none, nodejs: 20.15.1)
2025-03-12T13:22:22.672Z - info: Searching for available extensions in C:\Users\barua\OneDrive\Desktop\Gadify-Backend\
2025-03-12T13:22:22.676Z - info: Extensions location cache contains up to date information, skipping crawling in C:\Users\barua\OneDrive\Desktop\Gadify-Backend\
2025-03-12T13:22:22.755Z - info: Found 35 extension(s)
2025-03-12T13:22:22.796Z - debug: Writing extension locations cache to C:\Users\barua\AppData\Local\Temp\jsreport\core\locations.json
2025-03-12T13:22:22.798Z - debug: Discovered 35 extensions
2025-03-12T13:22:22.834Z - info: Using extension authentication@4.2.3
2025-03-12T13:22:22.998Z - debug: Extension authentication@4.2.3 was disabled
2025-03-12T13:22:22.999Z - info: Using extension base@4.0.0
2025-03-12T13:22:23.004Z - info: Using extension child-templates@4.1.0
2025-03-12T13:22:23.006Z - info: Using extension cli@4.1.0
2025-03-12T13:22:23.009Z - info: Using extension components@4.0.2
2025-03-12T13:22:23.011Z - info: Using extension data@4.1.0
2025-03-12T13:22:23.013Z - info: Using extension express@4.2.0
2025-03-12T13:22:23.246Z - info: Using extension freeze@4.0.0
2025-03-12T13:22:23.248Z - info: Using extension fs-store@4.1.0
2025-03-12T13:22:23.374Z - debug: Extension fs-store@4.1.0 was disabled
2025-03-12T13:22:23.375Z - info: Using extension handlebars@4.0.1
2025-03-12T13:22:23.376Z - info: Using extension import-export@4.0.6
2025-03-12T13:22:23.393Z - info: Using extension jsrender@4.0.0
2025-03-12T13:22:23.394Z - info: Using extension licensing@4.0.4
2025-03-12T13:22:23.426Z - info: Using extension localization@4.0.1
2025-03-12T13:22:23.428Z - info: Using extension npm@4.0.0
2025-03-12T13:22:23.433Z - info: Using extension pdf-utils@4.3.0
2025-03-12T13:22:23.434Z - info: Using extension reports@4.1.3
2025-03-12T13:22:23.437Z - info: Using extension tags@4.0.1
2025-03-12T13:22:23.438Z - info: Using extension text@4.0.2
2025-03-12T13:22:23.439Z - info: Using extension version-control@4.1.0
2025-03-12T13:22:23.451Z - info: Using extension assets@4.2.1
2025-03-12T13:22:23.464Z - info: Using extension authorization@4.1.0
2025-03-12T13:22:23.468Z - debug: Extension authorization@4.1.0 was disabled
2025-03-12T13:22:23.468Z - info: Using extension browser-client@4.1.0
2025-03-12T13:22:23.470Z - info: Using extension chrome-pdf@4.1.1
2025-03-12T13:22:23.472Z - debug: Chrome strategy is chrome-pool, numberOfWorkers: 1
2025-03-12T13:22:23.473Z - debug: Chrome custom launch options are protocolTimeout=60000
2025-03-12T13:22:23.473Z - info: Using extension docx@4.7.0
2025-03-12T13:22:23.475Z - info: Using extension html-to-xlsx@4.2.0
2025-03-12T13:22:23.663Z - info: html-to-xlsx detected chrome as available html engine
2025-03-12T13:22:23.664Z - info: Using extension pptx@4.4.0
2025-03-12T13:22:23.666Z - info: Using extension scheduling@4.1.0
2025-03-12T13:22:23.689Z - info: Using extension scripts@4.2.0
2025-03-12T13:22:23.690Z - info: Using extension static-pdf@4.1.0
2025-03-12T13:22:23.691Z - info: Using extension studio@4.3.0
2025-03-12T13:22:23.756Z - info: Using extension xlsx@4.4.0
2025-03-12T13:22:23.758Z - info: Using extension public-templates@4.0.0
2025-03-12T13:22:23.760Z - debug: Extension public-templates@4.0.0 was disabled
2025-03-12T13:22:23.760Z - info: Using extension sample-template@4.0.1
2025-03-12T13:22:23.762Z - info: Using extension studio-theme-dark@4.0.0
2025-03-12T13:22:23.763Z - info: Using general timeout for rendering (reportTimeout: 60000)
2025-03-12T13:22:23.763Z - info: Using memory provider for template store. The saved templates will be lost after restart
2025-03-12T13:22:23.773Z - debug: studio default theme is: light
2025-03-12T13:22:23.777Z - info: Creating default express app.
2025-03-12T13:22:23.793Z - info: jsreport server successfully started on http port: 5488
2025-03-12T13:22:23.795Z - info: Verifying license key free
2025-03-12T13:22:23.795Z - info: Using free license
2025-03-12T13:22:23.801Z - info: Migrating templates chrome settings (waitForNetworkIddle -> waitForNetworkIdle)
2025-03-12T13:22:23.801Z - info: Migration successful
2025-03-12T13:22:23.802Z - debug: Creating samples is disabled
2025-03-12T13:22:23.802Z - info: Initializing worker threads
2025-03-12T13:22:23.802Z - debug: Extensions in workers: base, child-templates, components, data, express, handlebars, jsrender, localization, npm, pdf-utils, reports, text, version-control, assets, browser-client, chrome-pdf, docx, html-to-xlsx, pptx, scripts, static-pdf, studio, xlsx
2025-03-12T13:22:24.322Z - info: 2 worker threads initialized in 520ms
2025-03-12T13:22:24.323Z - info: Starting temp files cleanup with 180000ms threshold
2025-03-12T13:22:24.324Z - info: reporter initialized
2025-03-12T13:22:31.666Z - info: Initializing jsreport (version: 4.8.0, configuration file: none, nodejs: 20.15.1)
2025-03-12T13:22:31.669Z - info: Searching for available extensions in C:\Users\barua\OneDrive\Desktop\Gadify-Backend\
2025-03-12T13:22:31.673Z - info: Extensions location cache contains up to date information, skipping crawling in C:\Users\barua\OneDrive\Desktop\Gadify-Backend\
2025-03-12T13:22:31.739Z - info: Found 35 extension(s)
2025-03-12T13:22:31.764Z - debug: Writing extension locations cache to C:\Users\barua\AppData\Local\Temp\jsreport\core\locations.json
2025-03-12T13:22:31.766Z - debug: Discovered 35 extensions
2025-03-12T13:22:31.800Z - info: Using extension authentication@4.2.3
2025-03-12T13:22:31.961Z - debug: Extension authentication@4.2.3 was disabled
2025-03-12T13:22:31.962Z - info: Using extension base@4.0.0
2025-03-12T13:22:31.965Z - info: Using extension child-templates@4.1.0
2025-03-12T13:22:31.966Z - info: Using extension cli@4.1.0
2025-03-12T13:22:31.969Z - info: Using extension components@4.0.2
2025-03-12T13:22:31.971Z - info: Using extension data@4.1.0
2025-03-12T13:22:31.971Z - info: Using extension express@4.2.0
2025-03-12T13:22:32.219Z - info: Using extension freeze@4.0.0
2025-03-12T13:22:32.220Z - info: Using extension fs-store@4.1.0
2025-03-12T13:22:32.344Z - debug: Extension fs-store@4.1.0 was disabled
2025-03-12T13:22:32.344Z - info: Using extension handlebars@4.0.1
2025-03-12T13:22:32.346Z - info: Using extension import-export@4.0.6
2025-03-12T13:22:32.363Z - info: Using extension jsrender@4.0.0
2025-03-12T13:22:32.364Z - info: Using extension licensing@4.0.4
2025-03-12T13:22:32.397Z - info: Using extension localization@4.0.1
2025-03-12T13:22:32.398Z - info: Using extension npm@4.0.0
2025-03-12T13:22:32.403Z - info: Using extension pdf-utils@4.3.0
2025-03-12T13:22:32.405Z - info: Using extension reports@4.1.3
2025-03-12T13:22:32.407Z - info: Using extension tags@4.0.1
2025-03-12T13:22:32.409Z - info: Using extension text@4.0.2
2025-03-12T13:22:32.410Z - info: Using extension version-control@4.1.0
2025-03-12T13:22:32.421Z - info: Using extension assets@4.2.1
2025-03-12T13:22:32.432Z - info: Using extension authorization@4.1.0
2025-03-12T13:22:32.436Z - debug: Extension authorization@4.1.0 was disabled
2025-03-12T13:22:32.436Z - info: Using extension browser-client@4.1.0
2025-03-12T13:22:32.438Z - info: Using extension chrome-pdf@4.1.1
2025-03-12T13:22:32.441Z - debug: Chrome strategy is chrome-pool, numberOfWorkers: 1
2025-03-12T13:22:32.441Z - debug: Chrome custom launch options are protocolTimeout=60000
2025-03-12T13:22:32.442Z - info: Using extension docx@4.7.0
2025-03-12T13:22:32.443Z - info: Using extension html-to-xlsx@4.2.0
2025-03-12T13:22:32.624Z - info: html-to-xlsx detected chrome as available html engine
2025-03-12T13:22:32.625Z - info: Using extension pptx@4.4.0
2025-03-12T13:22:32.627Z - info: Using extension scheduling@4.1.0
2025-03-12T13:22:32.650Z - info: Using extension scripts@4.2.0
2025-03-12T13:22:32.652Z - info: Using extension static-pdf@4.1.0
2025-03-12T13:22:32.658Z - info: Using extension studio@4.3.0
2025-03-12T13:22:32.736Z - info: Using extension xlsx@4.4.0
2025-03-12T13:22:32.738Z - info: Using extension public-templates@4.0.0
2025-03-12T13:22:32.740Z - debug: Extension public-templates@4.0.0 was disabled
2025-03-12T13:22:32.740Z - info: Using extension sample-template@4.0.1
2025-03-12T13:22:32.742Z - info: Using extension studio-theme-dark@4.0.0
2025-03-12T13:22:32.743Z - info: Using general timeout for rendering (reportTimeout: 60000)
2025-03-12T13:22:32.744Z - info: Using memory provider for template store. The saved templates will be lost after restart
2025-03-12T13:22:32.753Z - debug: studio default theme is: light
2025-03-12T13:22:32.757Z - info: Creating default express app.
2025-03-12T13:22:32.775Z - info: jsreport server successfully started on http port: 5488
2025-03-12T13:22:32.777Z - info: Verifying license key free
2025-03-12T13:22:32.777Z - info: Using free license
2025-03-12T13:22:32.783Z - info: Migrating templates chrome settings (waitForNetworkIddle -> waitForNetworkIdle)
2025-03-12T13:22:32.784Z - info: Migration successful
2025-03-12T13:22:32.784Z - debug: Creating samples is disabled
2025-03-12T13:22:32.785Z - info: Initializing worker threads
2025-03-12T13:22:32.785Z - debug: Extensions in workers: base, child-templates, components, data, express, handlebars, jsrender, localization, npm, pdf-utils, reports, text, version-control, assets, browser-client, chrome-pdf, docx, html-to-xlsx, pptx, scripts, static-pdf, studio, xlsx
2025-03-12T13:22:33.312Z - info: 2 worker threads initialized in 527ms
2025-03-12T13:22:33.312Z - info: Starting temp files cleanup with 180000ms threshold
2025-03-12T13:22:33.313Z - info: reporter initialized
2025-03-12T13:23:46.069Z - info: Initializing jsreport (version: 4.8.0, configuration file: none, nodejs: 20.15.1)
2025-03-12T13:23:46.072Z - info: Searching for available extensions in C:\Users\barua\OneDrive\Desktop\Gadify-Backend\
2025-03-12T13:23:46.076Z - info: Extensions location cache contains up to date information, skipping crawling in C:\Users\barua\OneDrive\Desktop\Gadify-Backend\
2025-03-12T13:23:46.140Z - info: Found 35 extension(s)
2025-03-12T13:23:46.166Z - debug: Writing extension locations cache to C:\Users\barua\AppData\Local\Temp\jsreport\core\locations.json
2025-03-12T13:23:46.167Z - debug: Discovered 35 extensions
2025-03-12T13:23:46.204Z - info: Using extension authentication@4.2.3
2025-03-12T13:23:46.365Z - debug: Extension authentication@4.2.3 was disabled
2025-03-12T13:23:46.366Z - info: Using extension base@4.0.0
2025-03-12T13:23:46.369Z - info: Using extension child-templates@4.1.0
2025-03-12T13:23:46.371Z - info: Using extension cli@4.1.0
2025-03-12T13:23:46.374Z - info: Using extension components@4.0.2
2025-03-12T13:23:46.376Z - info: Using extension data@4.1.0
2025-03-12T13:23:46.377Z - info: Using extension express@4.2.0
2025-03-12T13:23:46.620Z - info: Using extension freeze@4.0.0
2025-03-12T13:23:46.622Z - info: Using extension fs-store@4.1.0
2025-03-12T13:23:46.740Z - debug: Extension fs-store@4.1.0 was disabled
2025-03-12T13:23:46.741Z - info: Using extension handlebars@4.0.1
2025-03-12T13:23:46.742Z - info: Using extension import-export@4.0.6
2025-03-12T13:23:46.759Z - info: Using extension jsrender@4.0.0
2025-03-12T13:23:46.760Z - info: Using extension licensing@4.0.4
2025-03-12T13:23:46.794Z - info: Using extension localization@4.0.1
2025-03-12T13:23:46.795Z - info: Using extension npm@4.0.0
2025-03-12T13:23:46.800Z - info: Using extension pdf-utils@4.3.0
2025-03-12T13:23:46.802Z - info: Using extension reports@4.1.3
2025-03-12T13:23:46.805Z - info: Using extension tags@4.0.1
2025-03-12T13:23:46.806Z - info: Using extension text@4.0.2
2025-03-12T13:23:46.807Z - info: Using extension version-control@4.1.0
2025-03-12T13:23:46.819Z - info: Using extension assets@4.2.1
2025-03-12T13:23:46.833Z - info: Using extension authorization@4.1.0
2025-03-12T13:23:46.837Z - debug: Extension authorization@4.1.0 was disabled
2025-03-12T13:23:46.838Z - info: Using extension browser-client@4.1.0
2025-03-12T13:23:46.840Z - info: Using extension chrome-pdf@4.1.1
2025-03-12T13:23:46.843Z - debug: Chrome strategy is chrome-pool, numberOfWorkers: 1
2025-03-12T13:23:46.844Z - debug: Chrome custom launch options are protocolTimeout=60000
2025-03-12T13:23:46.845Z - info: Using extension docx@4.7.0
2025-03-12T13:23:46.847Z - info: Using extension html-to-xlsx@4.2.0
2025-03-12T13:23:47.079Z - info: html-to-xlsx detected chrome as available html engine
2025-03-12T13:23:47.079Z - info: Using extension pptx@4.4.0
2025-03-12T13:23:47.082Z - info: Using extension scheduling@4.1.0
2025-03-12T13:23:47.105Z - info: Using extension scripts@4.2.0
2025-03-12T13:23:47.106Z - info: Using extension static-pdf@4.1.0
2025-03-12T13:23:47.107Z - info: Using extension studio@4.3.0
2025-03-12T13:23:47.176Z - info: Using extension xlsx@4.4.0
2025-03-12T13:23:47.178Z - info: Using extension public-templates@4.0.0
2025-03-12T13:23:47.179Z - debug: Extension public-templates@4.0.0 was disabled
2025-03-12T13:23:47.180Z - info: Using extension sample-template@4.0.1
2025-03-12T13:23:47.182Z - info: Using extension studio-theme-dark@4.0.0
2025-03-12T13:23:47.183Z - info: Using general timeout for rendering (reportTimeout: 60000)
2025-03-12T13:23:47.184Z - info: Using memory provider for template store. The saved templates will be lost after restart
2025-03-12T13:23:47.194Z - debug: studio default theme is: light
2025-03-12T13:23:47.197Z - info: Creating default express app.
2025-03-12T13:23:47.214Z - info: jsreport server successfully started on http port: 5488
2025-03-12T13:23:47.216Z - info: Verifying license key free
2025-03-12T13:23:47.216Z - info: Using free license
2025-03-12T13:23:47.222Z - info: Migrating templates chrome settings (waitForNetworkIddle -> waitForNetworkIdle)
2025-03-12T13:23:47.223Z - info: Migration successful
2025-03-12T13:23:47.223Z - debug: Creating samples is disabled
2025-03-12T13:23:47.224Z - info: Initializing worker threads
2025-03-12T13:23:47.224Z - debug: Extensions in workers: base, child-templates, components, data, express, handlebars, jsrender, localization, npm, pdf-utils, reports, text, version-control, assets, browser-client, chrome-pdf, docx, html-to-xlsx, pptx, scripts, static-pdf, studio, xlsx
2025-03-12T13:23:47.831Z - info: 2 worker threads initialized in 607ms
2025-03-12T13:23:47.832Z - info: Starting temp files cleanup with 180000ms threshold
2025-03-12T13:23:47.832Z - info: reporter initialized
2025-03-12T13:24:53.088Z - info: Initializing jsreport (version: 4.8.0, configuration file: none, nodejs: 20.15.1)
2025-03-12T13:24:53.091Z - info: Searching for available extensions in C:\Users\barua\OneDrive\Desktop\Gadify-Backend\
2025-03-12T13:24:53.095Z - info: Extensions location cache contains up to date information, skipping crawling in C:\Users\barua\OneDrive\Desktop\Gadify-Backend\
2025-03-12T13:24:53.159Z - info: Found 35 extension(s)
2025-03-12T13:24:53.187Z - debug: Writing extension locations cache to C:\Users\barua\AppData\Local\Temp\jsreport\core\locations.json
2025-03-12T13:24:53.189Z - debug: Discovered 35 extensions
2025-03-12T13:24:53.227Z - info: Using extension authentication@4.2.3
2025-03-12T13:24:53.389Z - debug: Extension authentication@4.2.3 was disabled
2025-03-12T13:24:53.389Z - info: Using extension base@4.0.0
2025-03-12T13:24:53.392Z - info: Using extension child-templates@4.1.0
2025-03-12T13:24:53.394Z - info: Using extension cli@4.1.0
2025-03-12T13:24:53.396Z - info: Using extension components@4.0.2
2025-03-12T13:24:53.398Z - info: Using extension data@4.1.0
2025-03-12T13:24:53.399Z - info: Using extension express@4.2.0
2025-03-12T13:24:53.632Z - info: Using extension freeze@4.0.0
2025-03-12T13:24:53.635Z - info: Using extension fs-store@4.1.0
2025-03-12T13:24:53.756Z - debug: Extension fs-store@4.1.0 was disabled
2025-03-12T13:24:53.756Z - info: Using extension handlebars@4.0.1
2025-03-12T13:24:53.758Z - info: Using extension import-export@4.0.6
2025-03-12T13:24:53.774Z - info: Using extension jsrender@4.0.0
2025-03-12T13:24:53.775Z - info: Using extension licensing@4.0.4
2025-03-12T13:24:53.807Z - info: Using extension localization@4.0.1
2025-03-12T13:24:53.809Z - info: Using extension npm@4.0.0
2025-03-12T13:24:53.814Z - info: Using extension pdf-utils@4.3.0
2025-03-12T13:24:53.816Z - info: Using extension reports@4.1.3
2025-03-12T13:24:53.818Z - info: Using extension tags@4.0.1
2025-03-12T13:24:53.820Z - info: Using extension text@4.0.2
2025-03-12T13:24:53.821Z - info: Using extension version-control@4.1.0
2025-03-12T13:24:53.832Z - info: Using extension assets@4.2.1
2025-03-12T13:24:53.844Z - info: Using extension authorization@4.1.0
2025-03-12T13:24:53.848Z - debug: Extension authorization@4.1.0 was disabled
2025-03-12T13:24:53.849Z - info: Using extension browser-client@4.1.0
2025-03-12T13:24:53.851Z - info: Using extension chrome-pdf@4.1.1
2025-03-12T13:24:53.854Z - debug: Chrome strategy is chrome-pool, numberOfWorkers: 1
2025-03-12T13:24:53.854Z - debug: Chrome custom launch options are protocolTimeout=60000
2025-03-12T13:24:53.855Z - info: Using extension docx@4.7.0
2025-03-12T13:24:53.857Z - info: Using extension html-to-xlsx@4.2.0
2025-03-12T13:24:54.038Z - info: html-to-xlsx detected chrome as available html engine
2025-03-12T13:24:54.039Z - info: Using extension pptx@4.4.0
2025-03-12T13:24:54.041Z - info: Using extension scheduling@4.1.0
2025-03-12T13:24:54.063Z - info: Using extension scripts@4.2.0
2025-03-12T13:24:54.064Z - info: Using extension static-pdf@4.1.0
2025-03-12T13:24:54.065Z - info: Using extension studio@4.3.0
2025-03-12T13:24:54.135Z - info: Using extension xlsx@4.4.0
2025-03-12T13:24:54.137Z - info: Using extension public-templates@4.0.0
2025-03-12T13:24:54.138Z - debug: Extension public-templates@4.0.0 was disabled
2025-03-12T13:24:54.139Z - info: Using extension sample-template@4.0.1
2025-03-12T13:24:54.141Z - info: Using extension studio-theme-dark@4.0.0
2025-03-12T13:24:54.142Z - info: Using general timeout for rendering (reportTimeout: 60000)
2025-03-12T13:24:54.142Z - info: Using memory provider for template store. The saved templates will be lost after restart
2025-03-12T13:24:54.152Z - debug: studio default theme is: light
2025-03-12T13:24:54.156Z - info: Creating default express app.
2025-03-12T13:24:54.172Z - info: jsreport server successfully started on http port: 5488
2025-03-12T13:24:54.174Z - info: Verifying license key free
2025-03-12T13:24:54.175Z - info: Using free license
2025-03-12T13:24:54.180Z - info: Migrating templates chrome settings (waitForNetworkIddle -> waitForNetworkIdle)
2025-03-12T13:24:54.181Z - info: Migration successful
2025-03-12T13:24:54.182Z - debug: Creating samples is disabled
2025-03-12T13:24:54.182Z - info: Initializing worker threads
2025-03-12T13:24:54.183Z - debug: Extensions in workers: base, child-templates, components, data, express, handlebars, jsrender, localization, npm, pdf-utils, reports, text, version-control, assets, browser-client, chrome-pdf, docx, html-to-xlsx, pptx, scripts, static-pdf, studio, xlsx
2025-03-12T13:24:54.716Z - info: 2 worker threads initialized in 534ms
2025-03-12T13:24:54.716Z - info: Starting temp files cleanup with 180000ms threshold
2025-03-12T13:24:54.717Z - info: reporter initialized
2025-03-12T13:35:37.951Z - info: Initializing jsreport (version: 4.8.0, configuration file: none, nodejs: 20.15.1)
2025-03-12T13:35:37.953Z - info: Searching for available extensions in C:\Users\barua\OneDrive\Desktop\Gadify-Backend\
2025-03-12T13:35:37.957Z - info: Extensions location cache contains up to date information, skipping crawling in C:\Users\barua\OneDrive\Desktop\Gadify-Backend\
2025-03-12T13:35:38.023Z - info: Found 35 extension(s)
2025-03-12T13:35:38.049Z - debug: Writing extension locations cache to C:\Users\barua\AppData\Local\Temp\jsreport\core\locations.json
2025-03-12T13:35:38.051Z - debug: Discovered 35 extensions
2025-03-12T13:35:38.085Z - info: Using extension authentication@4.2.3
2025-03-12T13:35:44.042Z - info: Initializing jsreport (version: 4.8.0, configuration file: none, nodejs: 20.15.1)
2025-03-12T13:35:44.045Z - info: Searching for available extensions in C:\Users\barua\OneDrive\Desktop\Gadify-Backend\
2025-03-12T13:35:44.050Z - info: Extensions location cache contains up to date information, skipping crawling in C:\Users\barua\OneDrive\Desktop\Gadify-Backend\
2025-03-12T13:35:44.116Z - info: Found 35 extension(s)
2025-03-12T13:35:44.141Z - debug: Writing extension locations cache to C:\Users\barua\AppData\Local\Temp\jsreport\core\locations.json
2025-03-12T13:35:44.142Z - debug: Discovered 35 extensions
2025-03-12T13:35:44.175Z - info: Using extension authentication@4.2.3
2025-03-12T13:35:44.334Z - debug: Extension authentication@4.2.3 was disabled
2025-03-12T13:35:44.335Z - info: Using extension base@4.0.0
2025-03-12T13:35:44.338Z - info: Using extension child-templates@4.1.0
2025-03-12T13:35:44.339Z - info: Using extension cli@4.1.0
2025-03-12T13:35:44.342Z - info: Using extension components@4.0.2
2025-03-12T13:35:44.343Z - info: Using extension data@4.1.0
2025-03-12T13:35:44.344Z - info: Using extension express@4.2.0
2025-03-12T13:35:44.575Z - info: Using extension freeze@4.0.0
2025-03-12T13:35:44.577Z - info: Using extension fs-store@4.1.0
2025-03-12T13:35:44.697Z - debug: Extension fs-store@4.1.0 was disabled
2025-03-12T13:35:44.698Z - info: Using extension handlebars@4.0.1
2025-03-12T13:35:44.699Z - info: Using extension import-export@4.0.6
2025-03-12T13:35:44.717Z - info: Using extension jsrender@4.0.0
2025-03-12T13:35:44.718Z - info: Using extension licensing@4.0.4
2025-03-12T13:35:44.751Z - info: Using extension localization@4.0.1
2025-03-12T13:35:44.753Z - info: Using extension npm@4.0.0
2025-03-12T13:35:44.758Z - info: Using extension pdf-utils@4.3.0
2025-03-12T13:35:44.760Z - info: Using extension reports@4.1.3
2025-03-12T13:35:44.763Z - info: Using extension tags@4.0.1
2025-03-12T13:35:44.765Z - info: Using extension text@4.0.2
2025-03-12T13:35:44.766Z - info: Using extension version-control@4.1.0
2025-03-12T13:35:44.777Z - info: Using extension assets@4.2.1
2025-03-12T13:35:44.790Z - info: Using extension authorization@4.1.0
2025-03-12T13:35:44.794Z - debug: Extension authorization@4.1.0 was disabled
2025-03-12T13:35:44.794Z - info: Using extension browser-client@4.1.0
2025-03-12T13:35:44.796Z - info: Using extension chrome-pdf@4.1.1
2025-03-12T13:35:44.799Z - debug: Chrome strategy is chrome-pool, numberOfWorkers: 1
2025-03-12T13:35:44.799Z - debug: Chrome custom launch options are protocolTimeout=60000
2025-03-12T13:35:44.800Z - info: Using extension docx@4.7.0
2025-03-12T13:35:44.802Z - info: Using extension html-to-xlsx@4.2.0
2025-03-12T13:35:45.002Z - info: html-to-xlsx detected chrome as available html engine
2025-03-12T13:35:45.003Z - info: Using extension pptx@4.4.0
2025-03-12T13:35:45.005Z - info: Using extension scheduling@4.1.0
2025-03-12T13:35:45.027Z - info: Using extension scripts@4.2.0
2025-03-12T13:35:45.028Z - info: Using extension static-pdf@4.1.0
2025-03-12T13:35:45.029Z - info: Using extension studio@4.3.0
2025-03-12T13:35:45.093Z - info: Using extension xlsx@4.4.0
2025-03-12T13:35:45.095Z - info: Using extension public-templates@4.0.0
2025-03-12T13:35:45.097Z - debug: Extension public-templates@4.0.0 was disabled
2025-03-12T13:35:45.097Z - info: Using extension sample-template@4.0.1
2025-03-12T13:35:45.099Z - info: Using extension studio-theme-dark@4.0.0
2025-03-12T13:35:45.100Z - info: Using general timeout for rendering (reportTimeout: 60000)
2025-03-12T13:35:45.100Z - info: Using memory provider for template store. The saved templates will be lost after restart
2025-03-12T13:35:45.110Z - debug: studio default theme is: light
2025-03-12T13:35:45.113Z - info: Creating default express app.
2025-03-12T13:35:45.129Z - info: jsreport server successfully started on http port: 5488
2025-03-12T13:35:45.131Z - info: Verifying license key free
2025-03-12T13:35:45.132Z - info: Using free license
2025-03-12T13:35:45.137Z - info: Migrating templates chrome settings (waitForNetworkIddle -> waitForNetworkIdle)
2025-03-12T13:35:45.138Z - info: Migration successful
2025-03-12T13:35:45.139Z - debug: Creating samples is disabled
2025-03-12T13:35:45.139Z - info: Initializing worker threads
2025-03-12T13:35:45.140Z - debug: Extensions in workers: base, child-templates, components, data, express, handlebars, jsrender, localization, npm, pdf-utils, reports, text, version-control, assets, browser-client, chrome-pdf, docx, html-to-xlsx, pptx, scripts, static-pdf, studio, xlsx
2025-03-12T13:35:45.733Z - info: 2 worker threads initialized in 594ms
2025-03-12T13:35:45.734Z - info: Starting temp files cleanup with 180000ms threshold
2025-03-12T13:35:45.734Z - info: reporter initialized
2025-03-12T13:42:48.355Z - info: Initializing jsreport (version: 4.8.0, configuration file: none, nodejs: 20.15.1)
2025-03-12T13:42:48.359Z - info: Searching for available extensions in C:\Users\barua\OneDrive\Desktop\Gadify-Backend\
2025-03-12T13:42:48.364Z - info: Extensions location cache contains up to date information, skipping crawling in C:\Users\barua\OneDrive\Desktop\Gadify-Backend\
2025-03-12T13:42:48.431Z - info: Found 35 extension(s)
2025-03-12T13:42:48.458Z - debug: Writing extension locations cache to C:\Users\barua\AppData\Local\Temp\jsreport\core\locations.json
2025-03-12T13:42:48.460Z - debug: Discovered 35 extensions
2025-03-12T13:42:48.503Z - info: Using extension authentication@4.2.3
2025-03-12T13:42:48.702Z - debug: Extension authentication@4.2.3 was disabled
2025-03-12T13:42:48.703Z - info: Using extension base@4.0.0
2025-03-12T13:42:48.706Z - info: Using extension child-templates@4.1.0
2025-03-12T13:42:48.707Z - info: Using extension cli@4.1.0
2025-03-12T13:42:48.711Z - info: Using extension components@4.0.2
2025-03-12T13:42:48.713Z - info: Using extension data@4.1.0
2025-03-12T13:42:48.714Z - info: Using extension express@4.2.0
2025-03-12T13:42:48.970Z - info: Using extension freeze@4.0.0
2025-03-12T13:42:48.972Z - info: Using extension fs-store@4.1.0
2025-03-12T13:42:49.109Z - debug: Extension fs-store@4.1.0 was disabled
2025-03-12T13:42:49.110Z - info: Using extension handlebars@4.0.1
2025-03-12T13:42:49.111Z - info: Using extension import-export@4.0.6
2025-03-12T13:42:49.133Z - info: Using extension jsrender@4.0.0
2025-03-12T13:42:49.135Z - info: Using extension licensing@4.0.4
2025-03-12T13:42:49.185Z - info: Using extension localization@4.0.1
2025-03-12T13:42:49.187Z - info: Using extension npm@4.0.0
2025-03-12T13:42:49.194Z - info: Using extension pdf-utils@4.3.0
2025-03-12T13:42:53.107Z - info: Initializing jsreport (version: 4.8.0, configuration file: none, nodejs: 20.15.1)
2025-03-12T13:42:53.110Z - info: Searching for available extensions in C:\Users\barua\OneDrive\Desktop\Gadify-Backend\
2025-03-12T13:42:53.114Z - info: Extensions location cache contains up to date information, skipping crawling in C:\Users\barua\OneDrive\Desktop\Gadify-Backend\
2025-03-12T13:42:53.182Z - info: Found 35 extension(s)
2025-03-12T13:42:53.208Z - debug: Writing extension locations cache to C:\Users\barua\AppData\Local\Temp\jsreport\core\locations.json
2025-03-12T13:42:53.210Z - debug: Discovered 35 extensions
2025-03-12T13:42:53.245Z - info: Using extension authentication@4.2.3
2025-03-12T13:42:53.405Z - debug: Extension authentication@4.2.3 was disabled
2025-03-12T13:42:53.406Z - info: Using extension base@4.0.0
2025-03-12T13:42:53.409Z - info: Using extension child-templates@4.1.0
2025-03-12T13:42:53.410Z - info: Using extension cli@4.1.0
2025-03-12T13:42:53.413Z - info: Using extension components@4.0.2
2025-03-12T13:42:53.414Z - info: Using extension data@4.1.0
2025-03-12T13:42:53.415Z - info: Using extension express@4.2.0
2025-03-12T13:42:53.659Z - info: Using extension freeze@4.0.0
2025-03-12T13:42:53.661Z - info: Using extension fs-store@4.1.0
2025-03-12T13:42:53.793Z - debug: Extension fs-store@4.1.0 was disabled
2025-03-12T13:42:53.793Z - info: Using extension handlebars@4.0.1
2025-03-12T13:42:53.795Z - info: Using extension import-export@4.0.6
2025-03-12T13:42:53.812Z - info: Using extension jsrender@4.0.0
2025-03-12T13:42:53.813Z - info: Using extension licensing@4.0.4
2025-03-12T13:42:53.847Z - info: Using extension localization@4.0.1
2025-03-12T13:42:53.848Z - info: Using extension npm@4.0.0
2025-03-12T13:42:53.853Z - info: Using extension pdf-utils@4.3.0
2025-03-12T13:42:53.854Z - info: Using extension reports@4.1.3
2025-03-12T13:42:53.857Z - info: Using extension tags@4.0.1
2025-03-12T13:42:53.858Z - info: Using extension text@4.0.2
2025-03-12T13:42:53.859Z - info: Using extension version-control@4.1.0
2025-03-12T13:42:53.870Z - info: Using extension assets@4.2.1
2025-03-12T13:42:53.885Z - info: Using extension authorization@4.1.0
2025-03-12T13:42:53.888Z - debug: Extension authorization@4.1.0 was disabled
2025-03-12T13:42:53.889Z - info: Using extension browser-client@4.1.0
2025-03-12T13:42:53.891Z - info: Using extension chrome-pdf@4.1.1
2025-03-12T13:42:53.894Z - debug: Chrome strategy is chrome-pool, numberOfWorkers: 1
2025-03-12T13:42:53.894Z - debug: Chrome custom launch options are protocolTimeout=60000
2025-03-12T13:42:53.895Z - info: Using extension docx@4.7.0
2025-03-12T13:42:53.897Z - info: Using extension html-to-xlsx@4.2.0
2025-03-12T13:42:54.074Z - info: html-to-xlsx detected chrome as available html engine
2025-03-12T13:42:54.074Z - info: Using extension pptx@4.4.0
2025-03-12T13:42:54.077Z - info: Using extension scheduling@4.1.0
2025-03-12T13:42:54.100Z - info: Using extension scripts@4.2.0
2025-03-12T13:42:54.101Z - info: Using extension static-pdf@4.1.0
2025-03-12T13:42:54.102Z - info: Using extension studio@4.3.0
2025-03-12T13:42:54.166Z - info: Using extension xlsx@4.4.0
2025-03-12T13:42:54.168Z - info: Using extension public-templates@4.0.0
2025-03-12T13:42:54.170Z - debug: Extension public-templates@4.0.0 was disabled
2025-03-12T13:42:54.170Z - info: Using extension sample-template@4.0.1
2025-03-12T13:42:54.172Z - info: Using extension studio-theme-dark@4.0.0
2025-03-12T13:42:54.173Z - info: Using general timeout for rendering (reportTimeout: 60000)
2025-03-12T13:42:54.174Z - info: Using memory provider for template store. The saved templates will be lost after restart
2025-03-12T13:42:54.183Z - debug: studio default theme is: light
2025-03-12T13:42:54.187Z - info: Creating default express app.
2025-03-12T13:42:54.203Z - info: jsreport server successfully started on http port: 5488
2025-03-12T13:42:54.204Z - info: Verifying license key free
2025-03-12T13:42:54.205Z - info: Using free license
2025-03-12T13:42:54.210Z - info: Migrating templates chrome settings (waitForNetworkIddle -> waitForNetworkIdle)
2025-03-12T13:42:54.211Z - info: Migration successful
2025-03-12T13:42:54.211Z - debug: Creating samples is disabled
2025-03-12T13:42:54.212Z - info: Initializing worker threads
2025-03-12T13:42:54.212Z - debug: Extensions in workers: base, child-templates, components, data, express, handlebars, jsrender, localization, npm, pdf-utils, reports, text, version-control, assets, browser-client, chrome-pdf, docx, html-to-xlsx, pptx, scripts, static-pdf, studio, xlsx
2025-03-12T13:42:54.735Z - info: 2 worker threads initialized in 523ms
2025-03-12T13:42:54.736Z - info: Starting temp files cleanup with 180000ms threshold
2025-03-12T13:42:54.737Z - info: reporter initialized
2025-03-12T13:43:00.269Z - info: Initializing jsreport (version: 4.8.0, configuration file: none, nodejs: 20.15.1)
2025-03-12T13:43:00.272Z - info: Searching for available extensions in C:\Users\barua\OneDrive\Desktop\Gadify-Backend\
2025-03-12T13:43:00.276Z - info: Extensions location cache contains up to date information, skipping crawling in C:\Users\barua\OneDrive\Desktop\Gadify-Backend\
2025-03-12T13:43:00.344Z - info: Found 35 extension(s)
2025-03-12T13:43:00.369Z - debug: Writing extension locations cache to C:\Users\barua\AppData\Local\Temp\jsreport\core\locations.json
2025-03-12T13:43:00.371Z - debug: Discovered 35 extensions
2025-03-12T13:43:00.406Z - info: Using extension authentication@4.2.3
2025-03-12T13:43:00.585Z - debug: Extension authentication@4.2.3 was disabled
2025-03-12T13:43:00.586Z - info: Using extension base@4.0.0
2025-03-12T13:43:00.590Z - info: Using extension child-templates@4.1.0
2025-03-12T13:43:00.591Z - info: Using extension cli@4.1.0
2025-03-12T13:43:00.594Z - info: Using extension components@4.0.2
2025-03-12T13:43:00.596Z - info: Using extension data@4.1.0
2025-03-12T13:43:00.597Z - info: Using extension express@4.2.0
2025-03-12T13:43:00.830Z - info: Using extension freeze@4.0.0
2025-03-12T13:43:00.832Z - info: Using extension fs-store@4.1.0
2025-03-12T13:43:00.951Z - debug: Extension fs-store@4.1.0 was disabled
2025-03-12T13:43:00.952Z - info: Using extension handlebars@4.0.1
2025-03-12T13:43:00.953Z - info: Using extension import-export@4.0.6
2025-03-12T13:43:00.970Z - info: Using extension jsrender@4.0.0
2025-03-12T13:43:00.971Z - info: Using extension licensing@4.0.4
2025-03-12T13:43:01.004Z - info: Using extension localization@4.0.1
2025-03-12T13:43:01.005Z - info: Using extension npm@4.0.0
2025-03-12T13:43:01.011Z - info: Using extension pdf-utils@4.3.0
2025-03-12T13:43:01.013Z - info: Using extension reports@4.1.3
2025-03-12T13:43:01.016Z - info: Using extension tags@4.0.1
2025-03-12T13:43:01.017Z - info: Using extension text@4.0.2
2025-03-12T13:43:01.018Z - info: Using extension version-control@4.1.0
2025-03-12T13:43:01.029Z - info: Using extension assets@4.2.1
2025-03-12T13:43:01.042Z - info: Using extension authorization@4.1.0
2025-03-12T13:43:01.046Z - debug: Extension authorization@4.1.0 was disabled
2025-03-12T13:43:01.046Z - info: Using extension browser-client@4.1.0
2025-03-12T13:43:01.048Z - info: Using extension chrome-pdf@4.1.1
2025-03-12T13:43:01.051Z - debug: Chrome strategy is chrome-pool, numberOfWorkers: 1
2025-03-12T13:43:01.051Z - debug: Chrome custom launch options are protocolTimeout=60000
2025-03-12T13:43:01.052Z - info: Using extension docx@4.7.0
2025-03-12T13:43:01.054Z - info: Using extension html-to-xlsx@4.2.0
2025-03-12T13:43:01.234Z - info: html-to-xlsx detected chrome as available html engine
2025-03-12T13:43:01.235Z - info: Using extension pptx@4.4.0
2025-03-12T13:43:01.237Z - info: Using extension scheduling@4.1.0
2025-03-12T13:43:01.259Z - info: Using extension scripts@4.2.0
2025-03-12T13:43:01.261Z - info: Using extension static-pdf@4.1.0
2025-03-12T13:43:01.262Z - info: Using extension studio@4.3.0
2025-03-12T13:43:01.328Z - info: Using extension xlsx@4.4.0
2025-03-12T13:43:01.330Z - info: Using extension public-templates@4.0.0
2025-03-12T13:43:01.332Z - debug: Extension public-templates@4.0.0 was disabled
2025-03-12T13:43:01.332Z - info: Using extension sample-template@4.0.1
2025-03-12T13:43:01.334Z - info: Using extension studio-theme-dark@4.0.0
2025-03-12T13:43:01.335Z - info: Using general timeout for rendering (reportTimeout: 60000)
2025-03-12T13:43:01.336Z - info: Using memory provider for template store. The saved templates will be lost after restart
2025-03-12T13:43:01.347Z - debug: studio default theme is: light
2025-03-12T13:43:01.351Z - info: Creating default express app.
2025-03-12T13:43:01.367Z - info: jsreport server successfully started on http port: 5488
2025-03-12T13:43:01.369Z - info: Verifying license key free
2025-03-12T13:43:01.370Z - info: Using free license
2025-03-12T13:43:01.375Z - info: Migrating templates chrome settings (waitForNetworkIddle -> waitForNetworkIdle)
2025-03-12T13:43:01.376Z - info: Migration successful
2025-03-12T13:43:01.377Z - debug: Creating samples is disabled
2025-03-12T13:43:01.377Z - info: Initializing worker threads
2025-03-12T13:43:01.377Z - debug: Extensions in workers: base, child-templates, components, data, express, handlebars, jsrender, localization, npm, pdf-utils, reports, text, version-control, assets, browser-client, chrome-pdf, docx, html-to-xlsx, pptx, scripts, static-pdf, studio, xlsx
2025-03-12T13:43:01.909Z - info: 2 worker threads initialized in 531ms
2025-03-12T13:43:01.909Z - info: Starting temp files cleanup with 180000ms threshold
2025-03-12T13:43:01.910Z - info: reporter initialized
2025-03-12T13:44:36.401Z - info: Initializing jsreport (version: 4.8.0, configuration file: none, nodejs: 20.15.1)
2025-03-12T13:44:36.404Z - info: Searching for available extensions in C:\Users\barua\OneDrive\Desktop\Gadify-Backend\
2025-03-12T13:44:36.408Z - info: Extensions location cache contains up to date information, skipping crawling in C:\Users\barua\OneDrive\Desktop\Gadify-Backend\
2025-03-12T13:44:36.472Z - info: Found 35 extension(s)
2025-03-12T13:44:36.496Z - debug: Writing extension locations cache to C:\Users\barua\AppData\Local\Temp\jsreport\core\locations.json
2025-03-12T13:44:36.499Z - debug: Discovered 35 extensions
2025-03-12T13:44:36.531Z - info: Using extension authentication@4.2.3
2025-03-12T13:44:46.611Z - info: Initializing jsreport (version: 4.8.0, configuration file: none, nodejs: 20.15.1)
2025-03-12T13:44:46.615Z - info: Searching for available extensions in C:\Users\barua\OneDrive\Desktop\Gadify-Backend\
2025-03-12T13:44:46.618Z - info: Extensions location cache contains up to date information, skipping crawling in C:\Users\barua\OneDrive\Desktop\Gadify-Backend\
2025-03-12T13:44:46.683Z - info: Found 35 extension(s)
2025-03-12T13:44:46.707Z - debug: Writing extension locations cache to C:\Users\barua\AppData\Local\Temp\jsreport\core\locations.json
2025-03-12T13:44:46.709Z - debug: Discovered 35 extensions
2025-03-12T13:44:46.743Z - info: Using extension authentication@4.2.3
2025-03-12T13:44:46.898Z - debug: Extension authentication@4.2.3 was disabled
2025-03-12T13:44:46.899Z - info: Using extension base@4.0.0
2025-03-12T13:44:46.902Z - info: Using extension child-templates@4.1.0
2025-03-12T13:44:46.903Z - info: Using extension cli@4.1.0
2025-03-12T13:44:46.906Z - info: Using extension components@4.0.2
2025-03-12T13:44:46.907Z - info: Using extension data@4.1.0
2025-03-12T13:44:46.908Z - info: Using extension express@4.2.0
2025-03-12T13:44:47.133Z - info: Using extension freeze@4.0.0
2025-03-12T13:44:47.134Z - info: Using extension fs-store@4.1.0
2025-03-12T13:44:47.251Z - debug: Extension fs-store@4.1.0 was disabled
2025-03-12T13:44:47.252Z - info: Using extension handlebars@4.0.1
2025-03-12T13:44:47.253Z - info: Using extension import-export@4.0.6
2025-03-12T13:44:47.270Z - info: Using extension jsrender@4.0.0
2025-03-12T13:44:47.271Z - info: Using extension licensing@4.0.4
2025-03-12T13:44:47.304Z - info: Using extension localization@4.0.1
2025-03-12T13:44:47.306Z - info: Using extension npm@4.0.0
2025-03-12T13:44:47.310Z - info: Using extension pdf-utils@4.3.0
2025-03-12T13:44:47.312Z - info: Using extension reports@4.1.3
2025-03-12T13:44:47.315Z - info: Using extension tags@4.0.1
2025-03-12T13:44:47.317Z - info: Using extension text@4.0.2
2025-03-12T13:44:47.318Z - info: Using extension version-control@4.1.0
2025-03-12T13:44:47.328Z - info: Using extension assets@4.2.1
2025-03-12T13:44:47.342Z - info: Using extension authorization@4.1.0
2025-03-12T13:44:47.346Z - debug: Extension authorization@4.1.0 was disabled
2025-03-12T13:44:47.346Z - info: Using extension browser-client@4.1.0
2025-03-12T13:44:47.349Z - info: Using extension chrome-pdf@4.1.1
2025-03-12T13:44:47.351Z - debug: Chrome strategy is chrome-pool, numberOfWorkers: 1
2025-03-12T13:44:47.351Z - debug: Chrome custom launch options are protocolTimeout=60000
2025-03-12T13:44:47.352Z - info: Using extension docx@4.7.0
2025-03-12T13:44:47.355Z - info: Using extension html-to-xlsx@4.2.0
2025-03-12T13:44:47.532Z - info: html-to-xlsx detected chrome as available html engine
2025-03-12T13:44:47.533Z - info: Using extension pptx@4.4.0
2025-03-12T13:44:47.535Z - info: Using extension scheduling@4.1.0
2025-03-12T13:44:47.557Z - info: Using extension scripts@4.2.0
2025-03-12T13:44:47.558Z - info: Using extension static-pdf@4.1.0
2025-03-12T13:44:47.558Z - info: Using extension studio@4.3.0
2025-03-12T13:44:47.623Z - info: Using extension xlsx@4.4.0
2025-03-12T13:44:47.625Z - info: Using extension public-templates@4.0.0
2025-03-12T13:44:47.626Z - debug: Extension public-templates@4.0.0 was disabled
2025-03-12T13:44:47.627Z - info: Using extension sample-template@4.0.1
2025-03-12T13:44:47.629Z - info: Using extension studio-theme-dark@4.0.0
2025-03-12T13:44:47.630Z - info: Using general timeout for rendering (reportTimeout: 60000)
2025-03-12T13:44:47.630Z - info: Using memory provider for template store. The saved templates will be lost after restart
2025-03-12T13:44:47.640Z - debug: studio default theme is: light
2025-03-12T13:44:47.644Z - info: Creating default express app.
2025-03-12T13:44:47.661Z - info: jsreport server successfully started on http port: 5488
2025-03-12T13:44:47.662Z - info: Verifying license key free
2025-03-12T13:44:47.663Z - info: Using free license
2025-03-12T13:44:47.668Z - info: Migrating templates chrome settings (waitForNetworkIddle -> waitForNetworkIdle)
2025-03-12T13:44:47.669Z - info: Migration successful
2025-03-12T13:44:47.670Z - debug: Creating samples is disabled
2025-03-12T13:44:47.671Z - info: Initializing worker threads
2025-03-12T13:44:47.671Z - debug: Extensions in workers: base, child-templates, components, data, express, handlebars, jsrender, localization, npm, pdf-utils, reports, text, version-control, assets, browser-client, chrome-pdf, docx, html-to-xlsx, pptx, scripts, static-pdf, studio, xlsx
2025-03-12T13:44:48.198Z - info: 2 worker threads initialized in 527ms
2025-03-12T13:44:48.198Z - info: Starting temp files cleanup with 180000ms threshold
2025-03-12T13:44:48.199Z - info: reporter initialized
2025-03-12T13:45:05.500Z - info: Initializing jsreport (version: 4.8.0, configuration file: none, nodejs: 20.15.1)
2025-03-12T13:45:05.503Z - info: Searching for available extensions in C:\Users\barua\OneDrive\Desktop\Gadify-Backend\
2025-03-12T13:45:05.507Z - info: Extensions location cache contains up to date information, skipping crawling in C:\Users\barua\OneDrive\Desktop\Gadify-Backend\
2025-03-12T13:45:05.576Z - info: Found 35 extension(s)
2025-03-12T13:45:05.603Z - debug: Writing extension locations cache to C:\Users\barua\AppData\Local\Temp\jsreport\core\locations.json
2025-03-12T13:45:05.605Z - debug: Discovered 35 extensions
2025-03-12T13:45:05.640Z - info: Using extension authentication@4.2.3
2025-03-12T13:45:05.819Z - debug: Extension authentication@4.2.3 was disabled
2025-03-12T13:45:05.820Z - info: Using extension base@4.0.0
2025-03-12T13:45:05.823Z - info: Using extension child-templates@4.1.0
2025-03-12T13:45:05.825Z - info: Using extension cli@4.1.0
2025-03-12T13:45:05.827Z - info: Using extension components@4.0.2
2025-03-12T13:45:05.829Z - info: Using extension data@4.1.0
2025-03-12T13:45:05.830Z - info: Using extension express@4.2.0
2025-03-12T13:45:06.070Z - info: Using extension freeze@4.0.0
2025-03-12T13:45:06.072Z - info: Using extension fs-store@4.1.0
2025-03-12T13:45:06.195Z - debug: Extension fs-store@4.1.0 was disabled
2025-03-12T13:45:06.196Z - info: Using extension handlebars@4.0.1
2025-03-12T13:45:06.197Z - info: Using extension import-export@4.0.6
2025-03-12T13:45:06.216Z - info: Using extension jsrender@4.0.0
2025-03-12T13:45:06.217Z - info: Using extension licensing@4.0.4
2025-03-12T13:45:06.257Z - info: Using extension localization@4.0.1
2025-03-12T13:45:06.259Z - info: Using extension npm@4.0.0
2025-03-12T13:45:06.266Z - info: Using extension pdf-utils@4.3.0
2025-03-12T13:45:06.269Z - info: Using extension reports@4.1.3
2025-03-12T13:45:06.272Z - info: Using extension tags@4.0.1
2025-03-12T13:45:06.273Z - info: Using extension text@4.0.2
2025-03-12T13:45:06.275Z - info: Using extension version-control@4.1.0
2025-03-12T13:45:06.288Z - info: Using extension assets@4.2.1
2025-03-12T13:45:06.306Z - info: Using extension authorization@4.1.0
2025-03-12T13:45:06.311Z - debug: Extension authorization@4.1.0 was disabled
2025-03-12T13:45:06.311Z - info: Using extension browser-client@4.1.0
2025-03-12T13:45:06.314Z - info: Using extension chrome-pdf@4.1.1
2025-03-12T13:45:06.316Z - debug: Chrome strategy is chrome-pool, numberOfWorkers: 1
2025-03-12T13:45:06.317Z - debug: Chrome custom launch options are protocolTimeout=60000
2025-03-12T13:45:06.317Z - info: Using extension docx@4.7.0
2025-03-12T13:45:06.320Z - info: Using extension html-to-xlsx@4.2.0
2025-03-12T13:45:06.557Z - info: html-to-xlsx detected chrome as available html engine
2025-03-12T13:45:06.558Z - info: Using extension pptx@4.4.0
2025-03-12T13:45:06.562Z - info: Using extension scheduling@4.1.0
2025-03-12T13:45:06.607Z - info: Using extension scripts@4.2.0
2025-03-12T13:45:06.610Z - info: Using extension static-pdf@4.1.0
2025-03-12T13:45:06.614Z - info: Using extension studio@4.3.0
2025-03-12T13:45:06.731Z - info: Using extension xlsx@4.4.0
2025-03-12T13:45:06.734Z - info: Using extension public-templates@4.0.0
2025-03-12T13:45:06.736Z - debug: Extension public-templates@4.0.0 was disabled
2025-03-12T13:45:06.736Z - info: Using extension sample-template@4.0.1
2025-03-12T13:45:06.739Z - info: Using extension studio-theme-dark@4.0.0
2025-03-12T13:45:06.741Z - info: Using general timeout for rendering (reportTimeout: 60000)
2025-03-12T13:45:06.741Z - info: Using memory provider for template store. The saved templates will be lost after restart
2025-03-12T13:45:06.756Z - debug: studio default theme is: light
2025-03-12T13:45:06.760Z - info: Creating default express app.
2025-03-12T13:45:06.787Z - info: jsreport server successfully started on http port: 5488
2025-03-12T13:45:06.789Z - info: Verifying license key free
2025-03-12T13:45:06.790Z - info: Using free license
2025-03-12T13:45:06.798Z - info: Migrating templates chrome settings (waitForNetworkIddle -> waitForNetworkIdle)
2025-03-12T13:45:06.799Z - info: Migration successful
2025-03-12T13:45:06.800Z - debug: Creating samples is disabled
2025-03-12T13:45:06.801Z - info: Initializing worker threads
2025-03-12T13:45:06.801Z - debug: Extensions in workers: base, child-templates, components, data, express, handlebars, jsrender, localization, npm, pdf-utils, reports, text, version-control, assets, browser-client, chrome-pdf, docx, html-to-xlsx, pptx, scripts, static-pdf, studio, xlsx
2025-03-12T13:45:07.403Z - info: 2 worker threads initialized in 602ms
2025-03-12T13:45:07.404Z - info: Starting temp files cleanup with 180000ms threshold
2025-03-12T13:45:07.404Z - info: reporter initialized
2025-03-12T14:00:06.077Z - info: Initializing jsreport (version: 4.8.0, configuration file: none, nodejs: 20.15.1)
2025-03-12T14:00:06.080Z - info: Searching for available extensions in C:\Users\barua\OneDrive\Desktop\Gadify-Backend\
2025-03-12T14:00:06.084Z - info: Extensions location cache contains up to date information, skipping crawling in C:\Users\barua\OneDrive\Desktop\Gadify-Backend\
2025-03-12T14:00:06.172Z - info: Found 35 extension(s)
2025-03-12T14:00:06.211Z - debug: Writing extension locations cache to C:\Users\barua\AppData\Local\Temp\jsreport\core\locations.json
2025-03-12T14:00:06.212Z - debug: Discovered 35 extensions
2025-03-12T14:00:06.250Z - info: Using extension authentication@4.2.3
2025-03-12T14:00:06.481Z - debug: Extension authentication@4.2.3 was disabled
2025-03-12T14:00:06.482Z - info: Using extension base@4.0.0
2025-03-12T14:00:06.485Z - info: Using extension child-templates@4.1.0
2025-03-12T14:00:06.486Z - info: Using extension cli@4.1.0
2025-03-12T14:00:06.490Z - info: Using extension components@4.0.2
2025-03-12T14:00:06.492Z - info: Using extension data@4.1.0
2025-03-12T14:00:06.493Z - info: Using extension express@4.2.0
2025-03-12T14:00:06.846Z - info: Using extension freeze@4.0.0
2025-03-12T14:00:06.848Z - info: Using extension fs-store@4.1.0
2025-03-12T14:00:07.035Z - debug: Extension fs-store@4.1.0 was disabled
2025-03-12T14:00:07.035Z - info: Using extension handlebars@4.0.1
2025-03-12T14:00:07.037Z - info: Using extension import-export@4.0.6
2025-03-12T14:00:07.061Z - info: Using extension jsrender@4.0.0
2025-03-12T14:00:07.062Z - info: Using extension licensing@4.0.4
2025-03-12T14:00:07.106Z - info: Using extension localization@4.0.1
2025-03-12T14:00:07.108Z - info: Using extension npm@4.0.0
2025-03-12T14:00:07.113Z - info: Using extension pdf-utils@4.3.0
2025-03-12T14:00:07.116Z - info: Using extension reports@4.1.3
2025-03-12T14:00:07.119Z - info: Using extension tags@4.0.1
2025-03-12T14:00:07.122Z - info: Using extension text@4.0.2
2025-03-12T14:00:07.123Z - info: Using extension version-control@4.1.0
2025-03-12T14:00:07.139Z - info: Using extension assets@4.2.1
2025-03-12T14:00:07.159Z - info: Using extension authorization@4.1.0
2025-03-12T14:00:07.165Z - debug: Extension authorization@4.1.0 was disabled
2025-03-12T14:00:07.165Z - info: Using extension browser-client@4.1.0
2025-03-12T14:00:07.168Z - info: Using extension chrome-pdf@4.1.1
2025-03-12T14:00:07.171Z - debug: Chrome strategy is chrome-pool, numberOfWorkers: 1
2025-03-12T14:00:07.172Z - debug: Chrome custom launch options are protocolTimeout=60000
2025-03-12T14:00:07.173Z - info: Using extension docx@4.7.0
2025-03-12T14:00:07.175Z - info: Using extension html-to-xlsx@4.2.0
2025-03-12T14:00:07.439Z - info: html-to-xlsx detected chrome as available html engine
2025-03-12T14:00:07.440Z - info: Using extension pptx@4.4.0
2025-03-12T14:00:07.442Z - info: Using extension scheduling@4.1.0
2025-03-12T14:00:07.471Z - info: Using extension scripts@4.2.0
2025-03-12T14:00:07.473Z - info: Using extension static-pdf@4.1.0
2025-03-12T14:00:07.474Z - info: Using extension studio@4.3.0
2025-03-12T14:00:07.568Z - info: Using extension xlsx@4.4.0
2025-03-12T14:00:07.570Z - info: Using extension public-templates@4.0.0
2025-03-12T14:00:07.572Z - debug: Extension public-templates@4.0.0 was disabled
2025-03-12T14:00:07.572Z - info: Using extension sample-template@4.0.1
2025-03-12T14:00:07.574Z - info: Using extension studio-theme-dark@4.0.0
2025-03-12T14:00:07.576Z - info: Using general timeout for rendering (reportTimeout: 60000)
2025-03-12T14:00:07.576Z - info: Using memory provider for template store. The saved templates will be lost after restart
2025-03-12T14:00:07.587Z - debug: studio default theme is: light
2025-03-12T14:00:07.591Z - info: Creating default express app.
2025-03-12T14:00:07.615Z - info: jsreport server successfully started on http port: 5488
2025-03-12T14:00:07.617Z - info: Verifying license key free
2025-03-12T14:00:07.618Z - info: Using free license
2025-03-12T14:00:07.623Z - info: Migrating templates chrome settings (waitForNetworkIddle -> waitForNetworkIdle)
2025-03-12T14:00:07.624Z - info: Migration successful
2025-03-12T14:00:07.625Z - debug: Creating samples is disabled
2025-03-12T14:00:07.625Z - info: Initializing worker threads
2025-03-12T14:00:07.626Z - debug: Extensions in workers: base, child-templates, components, data, express, handlebars, jsrender, localization, npm, pdf-utils, reports, text, version-control, assets, browser-client, chrome-pdf, docx, html-to-xlsx, pptx, scripts, static-pdf, studio, xlsx
2025-03-12T14:00:08.218Z - info: 2 worker threads initialized in 593ms
2025-03-12T14:00:08.218Z - info: Starting temp files cleanup with 180000ms threshold
2025-03-12T14:00:08.219Z - info: reporter initialized
2025-03-12T14:00:42.939Z - info: Initializing jsreport (version: 4.8.0, configuration file: none, nodejs: 20.15.1)
2025-03-12T14:00:42.942Z - info: Searching for available extensions in C:\Users\barua\OneDrive\Desktop\Gadify-Backend\
2025-03-12T14:00:42.946Z - info: Extensions location cache contains up to date information, skipping crawling in C:\Users\barua\OneDrive\Desktop\Gadify-Backend\
2025-03-12T14:00:43.012Z - info: Found 35 extension(s)
2025-03-12T14:00:43.038Z - debug: Writing extension locations cache to C:\Users\barua\AppData\Local\Temp\jsreport\core\locations.json
2025-03-12T14:00:43.040Z - debug: Discovered 35 extensions
2025-03-12T14:00:43.074Z - info: Using extension authentication@4.2.3
2025-03-12T14:00:59.310Z - info: Initializing jsreport (version: 4.8.0, configuration file: none, nodejs: 20.15.1)
2025-03-12T14:00:59.313Z - info: Searching for available extensions in C:\Users\barua\OneDrive\Desktop\Gadify-Backend\
2025-03-12T14:00:59.317Z - info: Extensions location cache contains up to date information, skipping crawling in C:\Users\barua\OneDrive\Desktop\Gadify-Backend\
2025-03-12T14:00:59.384Z - info: Found 35 extension(s)
2025-03-12T14:00:59.408Z - debug: Writing extension locations cache to C:\Users\barua\AppData\Local\Temp\jsreport\core\locations.json
2025-03-12T14:00:59.410Z - debug: Discovered 35 extensions
2025-03-12T14:00:59.442Z - info: Using extension authentication@4.2.3
2025-03-12T14:00:59.599Z - debug: Extension authentication@4.2.3 was disabled
2025-03-12T14:00:59.600Z - info: Using extension base@4.0.0
2025-03-12T14:00:59.604Z - info: Using extension child-templates@4.1.0
2025-03-12T14:00:59.606Z - info: Using extension cli@4.1.0
2025-03-12T14:00:59.610Z - info: Using extension components@4.0.2
2025-03-12T14:00:59.612Z - info: Using extension data@4.1.0
2025-03-12T14:00:59.613Z - info: Using extension express@4.2.0
2025-03-12T14:00:59.867Z - info: Using extension freeze@4.0.0
2025-03-12T14:00:59.869Z - info: Using extension fs-store@4.1.0
2025-03-12T14:01:00.006Z - debug: Extension fs-store@4.1.0 was disabled
2025-03-12T14:01:00.006Z - info: Using extension handlebars@4.0.1
2025-03-12T14:01:00.008Z - info: Using extension import-export@4.0.6
2025-03-12T14:01:00.029Z - info: Using extension jsrender@4.0.0
2025-03-12T14:01:00.031Z - info: Using extension licensing@4.0.4
2025-03-12T14:01:00.067Z - info: Using extension localization@4.0.1
2025-03-12T14:01:00.069Z - info: Using extension npm@4.0.0
2025-03-12T14:01:00.074Z - info: Using extension pdf-utils@4.3.0
2025-03-12T14:01:00.076Z - info: Using extension reports@4.1.3
2025-03-12T14:01:00.079Z - info: Using extension tags@4.0.1
2025-03-12T14:01:00.081Z - info: Using extension text@4.0.2
2025-03-12T14:01:00.082Z - info: Using extension version-control@4.1.0
2025-03-12T14:01:00.094Z - info: Using extension assets@4.2.1
2025-03-12T14:01:00.117Z - info: Using extension authorization@4.1.0
2025-03-12T14:01:00.123Z - debug: Extension authorization@4.1.0 was disabled
2025-03-12T14:01:00.124Z - info: Using extension browser-client@4.1.0
2025-03-12T14:01:00.137Z - info: Using extension chrome-pdf@4.1.1
2025-03-12T14:01:00.143Z - debug: Chrome strategy is chrome-pool, numberOfWorkers: 1
2025-03-12T14:01:00.144Z - debug: Chrome custom launch options are protocolTimeout=60000
2025-03-12T14:01:00.145Z - info: Using extension docx@4.7.0
2025-03-12T14:01:00.148Z - info: Using extension html-to-xlsx@4.2.0
2025-03-12T14:01:00.368Z - info: html-to-xlsx detected chrome as available html engine
2025-03-12T14:01:00.368Z - info: Using extension pptx@4.4.0
2025-03-12T14:01:00.371Z - info: Using extension scheduling@4.1.0
2025-03-12T14:01:00.396Z - info: Using extension scripts@4.2.0
2025-03-12T14:01:00.397Z - info: Using extension static-pdf@4.1.0
2025-03-12T14:01:00.398Z - info: Using extension studio@4.3.0
2025-03-12T14:01:00.464Z - info: Using extension xlsx@4.4.0
2025-03-12T14:01:00.466Z - info: Using extension public-templates@4.0.0
2025-03-12T14:01:00.467Z - debug: Extension public-templates@4.0.0 was disabled
2025-03-12T14:01:00.468Z - info: Using extension sample-template@4.0.1
2025-03-12T14:01:00.469Z - info: Using extension studio-theme-dark@4.0.0
2025-03-12T14:01:00.471Z - info: Using general timeout for rendering (reportTimeout: 60000)
2025-03-12T14:01:00.471Z - info: Using memory provider for template store. The saved templates will be lost after restart
2025-03-12T14:01:00.482Z - debug: studio default theme is: light
2025-03-12T14:01:00.487Z - info: Creating default express app.
2025-03-12T14:01:00.504Z - info: jsreport server successfully started on http port: 5488
2025-03-12T14:01:00.506Z - info: Verifying license key free
2025-03-12T14:01:00.507Z - info: Using free license
2025-03-12T14:01:00.512Z - info: Migrating templates chrome settings (waitForNetworkIddle -> waitForNetworkIdle)
2025-03-12T14:01:00.513Z - info: Migration successful
2025-03-12T14:01:00.514Z - debug: Creating samples is disabled
2025-03-12T14:01:00.515Z - info: Initializing worker threads
2025-03-12T14:01:00.515Z - debug: Extensions in workers: base, child-templates, components, data, express, handlebars, jsrender, localization, npm, pdf-utils, reports, text, version-control, assets, browser-client, chrome-pdf, docx, html-to-xlsx, pptx, scripts, static-pdf, studio, xlsx
2025-03-12T14:01:04.219Z - info: Initializing jsreport (version: 4.8.0, configuration file: none, nodejs: 20.15.1)
2025-03-12T14:01:04.222Z - info: Searching for available extensions in C:\Users\barua\OneDrive\Desktop\Gadify-Backend\
2025-03-12T14:01:04.226Z - info: Extensions location cache contains up to date information, skipping crawling in C:\Users\barua\OneDrive\Desktop\Gadify-Backend\
2025-03-12T14:01:04.294Z - info: Found 35 extension(s)
2025-03-12T14:01:04.320Z - debug: Writing extension locations cache to C:\Users\barua\AppData\Local\Temp\jsreport\core\locations.json
2025-03-12T14:01:04.322Z - debug: Discovered 35 extensions
2025-03-12T14:01:04.357Z - info: Using extension authentication@4.2.3
2025-03-12T14:01:04.521Z - debug: Extension authentication@4.2.3 was disabled
2025-03-12T14:01:04.522Z - info: Using extension base@4.0.0
2025-03-12T14:01:04.525Z - info: Using extension child-templates@4.1.0
2025-03-12T14:01:04.526Z - info: Using extension cli@4.1.0
2025-03-12T14:01:04.529Z - info: Using extension components@4.0.2
2025-03-12T14:01:04.531Z - info: Using extension data@4.1.0
2025-03-12T14:01:04.532Z - info: Using extension express@4.2.0
2025-03-12T14:01:04.778Z - info: Using extension freeze@4.0.0
2025-03-12T14:01:04.780Z - info: Using extension fs-store@4.1.0
2025-03-12T14:01:04.930Z - debug: Extension fs-store@4.1.0 was disabled
2025-03-12T14:01:04.930Z - info: Using extension handlebars@4.0.1
2025-03-12T14:01:04.932Z - info: Using extension import-export@4.0.6
2025-03-12T14:01:04.949Z - info: Using extension jsrender@4.0.0
2025-03-12T14:01:04.950Z - info: Using extension licensing@4.0.4
2025-03-12T14:01:04.987Z - info: Using extension localization@4.0.1
2025-03-12T14:01:04.989Z - info: Using extension npm@4.0.0
2025-03-12T14:01:04.994Z - info: Using extension pdf-utils@4.3.0
2025-03-12T14:01:04.996Z - info: Using extension reports@4.1.3
2025-03-12T14:01:04.999Z - info: Using extension tags@4.0.1
2025-03-12T14:01:05.001Z - info: Using extension text@4.0.2
2025-03-12T14:01:05.002Z - info: Using extension version-control@4.1.0
2025-03-12T14:01:05.013Z - info: Using extension assets@4.2.1
2025-03-12T14:01:05.027Z - info: Using extension authorization@4.1.0
2025-03-12T14:01:05.031Z - debug: Extension authorization@4.1.0 was disabled
2025-03-12T14:01:05.032Z - info: Using extension browser-client@4.1.0
2025-03-12T14:01:05.034Z - info: Using extension chrome-pdf@4.1.1
2025-03-12T14:01:05.036Z - debug: Chrome strategy is chrome-pool, numberOfWorkers: 1
2025-03-12T14:01:05.037Z - debug: Chrome custom launch options are protocolTimeout=60000
2025-03-12T14:01:05.037Z - info: Using extension docx@4.7.0
2025-03-12T14:01:05.040Z - info: Using extension html-to-xlsx@4.2.0
2025-03-12T14:01:05.231Z - info: html-to-xlsx detected chrome as available html engine
2025-03-12T14:01:05.232Z - info: Using extension pptx@4.4.0
2025-03-12T14:01:05.234Z - info: Using extension scheduling@4.1.0
2025-03-12T14:01:05.257Z - info: Using extension scripts@4.2.0
2025-03-12T14:01:05.259Z - info: Using extension static-pdf@4.1.0
2025-03-12T14:01:05.260Z - info: Using extension studio@4.3.0
2025-03-12T14:01:05.329Z - info: Using extension xlsx@4.4.0
2025-03-12T14:01:05.331Z - info: Using extension public-templates@4.0.0
2025-03-12T14:01:05.332Z - debug: Extension public-templates@4.0.0 was disabled
2025-03-12T14:01:05.332Z - info: Using extension sample-template@4.0.1
2025-03-12T14:01:05.334Z - info: Using extension studio-theme-dark@4.0.0
2025-03-12T14:01:05.343Z - info: Using general timeout for rendering (reportTimeout: 60000)
2025-03-12T14:01:05.343Z - info: Using memory provider for template store. The saved templates will be lost after restart
2025-03-12T14:01:05.353Z - debug: studio default theme is: light
2025-03-12T14:01:05.357Z - info: Creating default express app.
2025-03-12T14:01:05.375Z - info: jsreport server successfully started on http port: 5488
2025-03-12T14:01:05.377Z - info: Verifying license key free
2025-03-12T14:01:05.378Z - info: Using free license
2025-03-12T14:01:05.383Z - info: Migrating templates chrome settings (waitForNetworkIddle -> waitForNetworkIdle)
2025-03-12T14:01:05.384Z - info: Migration successful
2025-03-12T14:01:05.384Z - debug: Creating samples is disabled
2025-03-12T14:01:05.385Z - info: Initializing worker threads
2025-03-12T14:01:05.385Z - debug: Extensions in workers: base, child-templates, components, data, express, handlebars, jsrender, localization, npm, pdf-utils, reports, text, version-control, assets, browser-client, chrome-pdf, docx, html-to-xlsx, pptx, scripts, static-pdf, studio, xlsx
2025-03-12T14:01:05.907Z - info: 2 worker threads initialized in 522ms
2025-03-12T14:01:05.908Z - info: Starting temp files cleanup with 180000ms threshold
2025-03-12T14:01:05.908Z - info: reporter initialized
2025-03-12T14:07:59.599Z - info: Initializing jsreport (version: 4.8.0, configuration file: none, nodejs: 20.15.1)
2025-03-12T14:07:59.602Z - info: Searching for available extensions in C:\Users\barua\OneDrive\Desktop\Gadify-Backend\
2025-03-12T14:07:59.606Z - info: Extensions location cache contains up to date information, skipping crawling in C:\Users\barua\OneDrive\Desktop\Gadify-Backend\
2025-03-12T14:07:59.670Z - info: Found 35 extension(s)
2025-03-12T14:07:59.695Z - debug: Writing extension locations cache to C:\Users\barua\AppData\Local\Temp\jsreport\core\locations.json
2025-03-12T14:07:59.696Z - debug: Discovered 35 extensions
2025-03-12T14:07:59.729Z - info: Using extension authentication@4.2.3
2025-03-12T14:07:59.888Z - debug: Extension authentication@4.2.3 was disabled
2025-03-12T14:07:59.889Z - info: Using extension base@4.0.0
2025-03-12T14:07:59.892Z - info: Using extension child-templates@4.1.0
2025-03-12T14:07:59.893Z - info: Using extension cli@4.1.0
2025-03-12T14:07:59.895Z - info: Using extension components@4.0.2
2025-03-12T14:07:59.897Z - info: Using extension data@4.1.0
2025-03-12T14:07:59.898Z - info: Using extension express@4.2.0
2025-03-12T14:08:00.158Z - info: Using extension freeze@4.0.0
2025-03-12T14:08:00.160Z - info: Using extension fs-store@4.1.0
2025-03-12T14:08:00.290Z - debug: Extension fs-store@4.1.0 was disabled
2025-03-12T14:08:00.291Z - info: Using extension handlebars@4.0.1
2025-03-12T14:08:00.292Z - info: Using extension import-export@4.0.6
2025-03-12T14:08:00.310Z - info: Using extension jsrender@4.0.0
2025-03-12T14:08:00.311Z - info: Using extension licensing@4.0.4
2025-03-12T14:08:00.345Z - info: Using extension localization@4.0.1
2025-03-12T14:08:00.346Z - info: Using extension npm@4.0.0
2025-03-12T14:08:00.351Z - info: Using extension pdf-utils@4.3.0
2025-03-12T14:08:00.353Z - info: Using extension reports@4.1.3
2025-03-12T14:08:00.356Z - info: Using extension tags@4.0.1
2025-03-12T14:08:00.358Z - info: Using extension text@4.0.2
2025-03-12T14:08:00.359Z - info: Using extension version-control@4.1.0
2025-03-12T14:08:00.370Z - info: Using extension assets@4.2.1
2025-03-12T14:08:00.383Z - info: Using extension authorization@4.1.0
2025-03-12T14:08:00.387Z - debug: Extension authorization@4.1.0 was disabled
2025-03-12T14:08:00.388Z - info: Using extension browser-client@4.1.0
2025-03-12T14:08:00.390Z - info: Using extension chrome-pdf@4.1.1
2025-03-12T14:08:00.392Z - debug: Chrome strategy is chrome-pool, numberOfWorkers: 1
2025-03-12T14:08:00.393Z - debug: Chrome custom launch options are protocolTimeout=60000
2025-03-12T14:08:00.394Z - info: Using extension docx@4.7.0
2025-03-12T14:08:00.396Z - info: Using extension html-to-xlsx@4.2.0
2025-03-12T14:08:00.580Z - info: html-to-xlsx detected chrome as available html engine
2025-03-12T14:08:00.581Z - info: Using extension pptx@4.4.0
2025-03-12T14:08:00.583Z - info: Using extension scheduling@4.1.0
2025-03-12T14:08:00.605Z - info: Using extension scripts@4.2.0
2025-03-12T14:08:00.606Z - info: Using extension static-pdf@4.1.0
2025-03-12T14:08:00.606Z - info: Using extension studio@4.3.0
2025-03-12T14:08:00.671Z - info: Using extension xlsx@4.4.0
2025-03-12T14:08:00.673Z - info: Using extension public-templates@4.0.0
2025-03-12T14:08:00.675Z - debug: Extension public-templates@4.0.0 was disabled
2025-03-12T14:08:00.675Z - info: Using extension sample-template@4.0.1
2025-03-12T14:08:00.677Z - info: Using extension studio-theme-dark@4.0.0
2025-03-12T14:08:00.679Z - info: Using general timeout for rendering (reportTimeout: 60000)
2025-03-12T14:08:00.679Z - info: Using memory provider for template store. The saved templates will be lost after restart
2025-03-12T14:08:00.689Z - debug: studio default theme is: light
2025-03-12T14:08:00.693Z - info: Creating default express app.
2025-03-12T14:08:00.709Z - info: jsreport server successfully started on http port: 5488
2025-03-12T14:08:00.711Z - info: Verifying license key free
2025-03-12T14:08:00.711Z - info: Using free license
2025-03-12T14:08:00.717Z - info: Migrating templates chrome settings (waitForNetworkIddle -> waitForNetworkIdle)
2025-03-12T14:08:00.717Z - info: Migration successful
2025-03-12T14:08:00.718Z - debug: Creating samples is disabled
2025-03-12T14:08:00.719Z - info: Initializing worker threads
2025-03-12T14:08:00.719Z - debug: Extensions in workers: base, child-templates, components, data, express, handlebars, jsrender, localization, npm, pdf-utils, reports, text, version-control, assets, browser-client, chrome-pdf, docx, html-to-xlsx, pptx, scripts, static-pdf, studio, xlsx
2025-03-12T14:08:01.239Z - info: 2 worker threads initialized in 520ms
2025-03-12T14:08:01.240Z - info: Starting temp files cleanup with 180000ms threshold
2025-03-12T14:08:01.241Z - info: reporter initialized
2025-03-12T14:08:08.077Z - info: Initializing jsreport (version: 4.8.0, configuration file: none, nodejs: 20.15.1)
2025-03-12T14:08:08.080Z - info: Searching for available extensions in C:\Users\barua\OneDrive\Desktop\Gadify-Backend\
2025-03-12T14:08:08.084Z - info: Extensions location cache contains up to date information, skipping crawling in C:\Users\barua\OneDrive\Desktop\Gadify-Backend\
2025-03-12T14:08:08.170Z - info: Found 35 extension(s)
2025-03-12T14:08:08.198Z - debug: Writing extension locations cache to C:\Users\barua\AppData\Local\Temp\jsreport\core\locations.json
2025-03-12T14:08:08.199Z - debug: Discovered 35 extensions
2025-03-12T14:08:08.233Z - info: Using extension authentication@4.2.3
2025-03-12T14:08:08.394Z - debug: Extension authentication@4.2.3 was disabled
2025-03-12T14:08:08.395Z - info: Using extension base@4.0.0
2025-03-12T14:08:08.399Z - info: Using extension child-templates@4.1.0
2025-03-12T14:08:08.400Z - info: Using extension cli@4.1.0
2025-03-12T14:08:08.404Z - info: Using extension components@4.0.2
2025-03-12T14:08:08.405Z - info: Using extension data@4.1.0
2025-03-12T14:08:08.406Z - info: Using extension express@4.2.0
2025-03-12T14:08:08.637Z - info: Using extension freeze@4.0.0
2025-03-12T14:08:08.639Z - info: Using extension fs-store@4.1.0
2025-03-12T14:08:08.762Z - debug: Extension fs-store@4.1.0 was disabled
2025-03-12T14:08:08.763Z - info: Using extension handlebars@4.0.1
2025-03-12T14:08:08.764Z - info: Using extension import-export@4.0.6
2025-03-12T14:08:08.781Z - info: Using extension jsrender@4.0.0
2025-03-12T14:08:08.782Z - info: Using extension licensing@4.0.4
2025-03-12T14:08:08.815Z - info: Using extension localization@4.0.1
2025-03-12T14:08:08.817Z - info: Using extension npm@4.0.0
2025-03-12T14:08:08.821Z - info: Using extension pdf-utils@4.3.0
2025-03-12T14:08:08.823Z - info: Using extension reports@4.1.3
2025-03-12T14:08:08.825Z - info: Using extension tags@4.0.1
2025-03-12T14:08:08.827Z - info: Using extension text@4.0.2
2025-03-12T14:08:08.828Z - info: Using extension version-control@4.1.0
2025-03-12T14:08:08.839Z - info: Using extension assets@4.2.1
2025-03-12T14:08:08.852Z - info: Using extension authorization@4.1.0
2025-03-12T14:08:08.857Z - debug: Extension authorization@4.1.0 was disabled
2025-03-12T14:08:08.857Z - info: Using extension browser-client@4.1.0
2025-03-12T14:08:08.859Z - info: Using extension chrome-pdf@4.1.1
2025-03-12T14:08:08.862Z - debug: Chrome strategy is chrome-pool, numberOfWorkers: 1
2025-03-12T14:08:08.862Z - debug: Chrome custom launch options are protocolTimeout=60000
2025-03-12T14:08:08.863Z - info: Using extension docx@4.7.0
2025-03-12T14:08:08.865Z - info: Using extension html-to-xlsx@4.2.0
2025-03-12T14:08:09.042Z - info: html-to-xlsx detected chrome as available html engine
2025-03-12T14:08:09.042Z - info: Using extension pptx@4.4.0
2025-03-12T14:08:09.045Z - info: Using extension scheduling@4.1.0
2025-03-12T14:08:09.067Z - info: Using extension scripts@4.2.0
2025-03-12T14:08:09.068Z - info: Using extension static-pdf@4.1.0
2025-03-12T14:08:09.069Z - info: Using extension studio@4.3.0
2025-03-12T14:08:09.134Z - info: Using extension xlsx@4.4.0
2025-03-12T14:08:09.136Z - info: Using extension public-templates@4.0.0
2025-03-12T14:08:09.138Z - debug: Extension public-templates@4.0.0 was disabled
2025-03-12T14:08:09.138Z - info: Using extension sample-template@4.0.1
2025-03-12T14:08:09.140Z - info: Using extension studio-theme-dark@4.0.0
2025-03-12T14:08:09.142Z - info: Using general timeout for rendering (reportTimeout: 60000)
2025-03-12T14:08:09.142Z - info: Using memory provider for template store. The saved templates will be lost after restart
2025-03-12T14:08:09.152Z - debug: studio default theme is: light
2025-03-12T14:08:09.156Z - info: Creating default express app.
2025-03-12T14:08:09.173Z - info: jsreport server successfully started on http port: 5488
2025-03-12T14:08:09.174Z - info: Verifying license key free
2025-03-12T14:08:09.175Z - info: Using free license
2025-03-12T14:08:09.181Z - info: Migrating templates chrome settings (waitForNetworkIddle -> waitForNetworkIdle)
2025-03-12T14:08:09.183Z - info: Migration successful
2025-03-12T14:08:09.184Z - debug: Creating samples is disabled
2025-03-12T14:08:09.184Z - info: Initializing worker threads
2025-03-12T14:08:09.184Z - debug: Extensions in workers: base, child-templates, components, data, express, handlebars, jsrender, localization, npm, pdf-utils, reports, text, version-control, assets, browser-client, chrome-pdf, docx, html-to-xlsx, pptx, scripts, static-pdf, studio, xlsx
2025-03-12T14:08:09.699Z - info: 2 worker threads initialized in 515ms
2025-03-12T14:08:09.699Z - info: Starting temp files cleanup with 180000ms threshold
2025-03-12T14:08:09.700Z - info: reporter initialized
2025-03-12T14:09:28.911Z - info: Initializing jsreport (version: 4.8.0, configuration file: none, nodejs: 20.15.1)
2025-03-12T14:09:28.914Z - info: Searching for available extensions in C:\Users\barua\OneDrive\Desktop\Gadify-Backend\
2025-03-12T14:09:28.918Z - info: Extensions location cache contains up to date information, skipping crawling in C:\Users\barua\OneDrive\Desktop\Gadify-Backend\
2025-03-12T14:09:28.984Z - info: Found 35 extension(s)
2025-03-12T14:09:29.009Z - debug: Writing extension locations cache to C:\Users\barua\AppData\Local\Temp\jsreport\core\locations.json
2025-03-12T14:09:29.011Z - debug: Discovered 35 extensions
2025-03-12T14:09:29.045Z - info: Using extension authentication@4.2.3
2025-03-12T14:09:29.208Z - debug: Extension authentication@4.2.3 was disabled
2025-03-12T14:09:29.209Z - info: Using extension base@4.0.0
2025-03-12T14:09:29.212Z - info: Using extension child-templates@4.1.0
2025-03-12T14:09:29.213Z - info: Using extension cli@4.1.0
2025-03-12T14:09:29.216Z - info: Using extension components@4.0.2
2025-03-12T14:09:29.218Z - info: Using extension data@4.1.0
2025-03-12T14:09:29.219Z - info: Using extension express@4.2.0
2025-03-12T14:09:29.484Z - info: Using extension freeze@4.0.0
2025-03-12T14:09:29.486Z - info: Using extension fs-store@4.1.0
2025-03-12T14:09:29.614Z - debug: Extension fs-store@4.1.0 was disabled
2025-03-12T14:09:29.615Z - info: Using extension handlebars@4.0.1
2025-03-12T14:09:29.616Z - info: Using extension import-export@4.0.6
2025-03-12T14:09:29.634Z - info: Using extension jsrender@4.0.0
2025-03-12T14:09:29.635Z - info: Using extension licensing@4.0.4
2025-03-12T14:09:29.670Z - info: Using extension localization@4.0.1
2025-03-12T14:09:29.672Z - info: Using extension npm@4.0.0
2025-03-12T14:09:29.677Z - info: Using extension pdf-utils@4.3.0
2025-03-12T14:09:29.679Z - info: Using extension reports@4.1.3
2025-03-12T14:09:29.682Z - info: Using extension tags@4.0.1
2025-03-12T14:09:29.684Z - info: Using extension text@4.0.2
2025-03-12T14:09:29.685Z - info: Using extension version-control@4.1.0
2025-03-12T14:09:29.696Z - info: Using extension assets@4.2.1
2025-03-12T14:09:29.711Z - info: Using extension authorization@4.1.0
2025-03-12T14:09:29.716Z - debug: Extension authorization@4.1.0 was disabled
2025-03-12T14:09:29.716Z - info: Using extension browser-client@4.1.0
2025-03-12T14:09:29.718Z - info: Using extension chrome-pdf@4.1.1
2025-03-12T14:09:29.721Z - debug: Chrome strategy is chrome-pool, numberOfWorkers: 1
2025-03-12T14:09:29.721Z - debug: Chrome custom launch options are protocolTimeout=60000
2025-03-12T14:09:29.721Z - info: Using extension docx@4.7.0
2025-03-12T14:09:29.724Z - info: Using extension html-to-xlsx@4.2.0
2025-03-12T14:09:29.913Z - info: html-to-xlsx detected chrome as available html engine
2025-03-12T14:09:29.913Z - info: Using extension pptx@4.4.0
2025-03-12T14:09:29.915Z - info: Using extension scheduling@4.1.0
2025-03-12T14:09:29.941Z - info: Using extension scripts@4.2.0
2025-03-12T14:09:29.943Z - info: Using extension static-pdf@4.1.0
2025-03-12T14:09:29.944Z - info: Using extension studio@4.3.0
2025-03-12T14:09:30.027Z - info: Using extension xlsx@4.4.0
2025-03-12T14:09:30.030Z - info: Using extension public-templates@4.0.0
2025-03-12T14:09:30.032Z - debug: Extension public-templates@4.0.0 was disabled
2025-03-12T14:09:30.037Z - info: Using extension sample-template@4.0.1
2025-03-12T14:09:30.041Z - info: Using extension studio-theme-dark@4.0.0
2025-03-12T14:09:30.043Z - info: Using general timeout for rendering (reportTimeout: 60000)
2025-03-12T14:09:30.043Z - info: Using memory provider for template store. The saved templates will be lost after restart
2025-03-12T14:09:30.059Z - debug: studio default theme is: light
2025-03-12T14:09:30.065Z - info: Creating default express app.
2025-03-12T14:09:30.088Z - info: jsreport server successfully started on http port: 5488
2025-03-12T14:09:30.090Z - info: Verifying license key free
2025-03-12T14:09:30.091Z - info: Using free license
2025-03-12T14:09:30.097Z - info: Migrating templates chrome settings (waitForNetworkIddle -> waitForNetworkIdle)
2025-03-12T14:09:30.098Z - info: Migration successful
2025-03-12T14:09:30.099Z - debug: Creating samples is disabled
2025-03-12T14:09:30.100Z - info: Initializing worker threads
2025-03-12T14:09:30.100Z - debug: Extensions in workers: base, child-templates, components, data, express, handlebars, jsrender, localization, npm, pdf-utils, reports, text, version-control, assets, browser-client, chrome-pdf, docx, html-to-xlsx, pptx, scripts, static-pdf, studio, xlsx
2025-03-12T14:09:30.667Z - info: 2 worker threads initialized in 567ms
2025-03-12T14:09:30.668Z - info: Starting temp files cleanup with 180000ms threshold
2025-03-12T14:09:30.669Z - info: reporter initialized
2025-03-12T14:10:09.060Z - info: Initializing jsreport (version: 4.8.0, configuration file: none, nodejs: 20.15.1)
2025-03-12T14:10:09.063Z - info: Searching for available extensions in C:\Users\barua\OneDrive\Desktop\Gadify-Backend\
2025-03-12T14:10:09.067Z - info: Extensions location cache contains up to date information, skipping crawling in C:\Users\barua\OneDrive\Desktop\Gadify-Backend\
2025-03-12T14:10:09.131Z - info: Found 35 extension(s)
2025-03-12T14:10:09.157Z - debug: Writing extension locations cache to C:\Users\barua\AppData\Local\Temp\jsreport\core\locations.json
2025-03-12T14:10:09.158Z - debug: Discovered 35 extensions
2025-03-12T14:10:09.193Z - info: Using extension authentication@4.2.3
2025-03-12T14:10:09.389Z - debug: Extension authentication@4.2.3 was disabled
2025-03-12T14:10:09.389Z - info: Using extension base@4.0.0
2025-03-12T14:10:09.393Z - info: Using extension child-templates@4.1.0
2025-03-12T14:10:09.394Z - info: Using extension cli@4.1.0
2025-03-12T14:10:09.397Z - info: Using extension components@4.0.2
2025-03-12T14:10:09.399Z - info: Using extension data@4.1.0
2025-03-12T14:10:09.400Z - info: Using extension express@4.2.0
2025-03-12T14:10:09.702Z - info: Using extension freeze@4.0.0
2025-03-12T14:10:09.704Z - info: Using extension fs-store@4.1.0
2025-03-12T14:10:09.836Z - debug: Extension fs-store@4.1.0 was disabled
2025-03-12T14:10:09.836Z - info: Using extension handlebars@4.0.1
2025-03-12T14:10:09.838Z - info: Using extension import-export@4.0.6
2025-03-12T14:10:09.859Z - info: Using extension jsrender@4.0.0
2025-03-12T14:10:09.861Z - info: Using extension licensing@4.0.4
2025-03-12T14:10:09.900Z - info: Using extension localization@4.0.1
2025-03-12T14:10:09.901Z - info: Using extension npm@4.0.0
2025-03-12T14:10:09.906Z - info: Using extension pdf-utils@4.3.0
2025-03-12T14:10:09.909Z - info: Using extension reports@4.1.3
2025-03-12T14:10:09.912Z - info: Using extension tags@4.0.1
2025-03-12T14:10:09.914Z - info: Using extension text@4.0.2
2025-03-12T14:10:09.915Z - info: Using extension version-control@4.1.0
2025-03-12T14:10:09.927Z - info: Using extension assets@4.2.1
2025-03-12T14:10:09.944Z - info: Using extension authorization@4.1.0
2025-03-12T14:10:09.952Z - debug: Extension authorization@4.1.0 was disabled
2025-03-12T14:10:09.954Z - info: Using extension browser-client@4.1.0
2025-03-12T14:10:09.959Z - info: Using extension chrome-pdf@4.1.1
2025-03-12T14:10:09.963Z - debug: Chrome strategy is chrome-pool, numberOfWorkers: 1
2025-03-12T14:10:09.964Z - debug: Chrome custom launch options are protocolTimeout=60000
2025-03-12T14:10:09.965Z - info: Using extension docx@4.7.0
2025-03-12T14:10:09.968Z - info: Using extension html-to-xlsx@4.2.0
2025-03-12T14:10:10.180Z - info: html-to-xlsx detected chrome as available html engine
2025-03-12T14:10:10.181Z - info: Using extension pptx@4.4.0
2025-03-12T14:10:10.183Z - info: Using extension scheduling@4.1.0
2025-03-12T14:10:10.206Z - info: Using extension scripts@4.2.0
2025-03-12T14:10:10.207Z - info: Using extension static-pdf@4.1.0
2025-03-12T14:10:10.208Z - info: Using extension studio@4.3.0
2025-03-12T14:10:10.277Z - info: Using extension xlsx@4.4.0
2025-03-12T14:10:10.279Z - info: Using extension public-templates@4.0.0
2025-03-12T14:10:10.280Z - debug: Extension public-templates@4.0.0 was disabled
2025-03-12T14:10:10.281Z - info: Using extension sample-template@4.0.1
2025-03-12T14:10:10.283Z - info: Using extension studio-theme-dark@4.0.0
2025-03-12T14:10:10.284Z - info: Using general timeout for rendering (reportTimeout: 60000)
2025-03-12T14:10:10.285Z - info: Using memory provider for template store. The saved templates will be lost after restart
2025-03-12T14:10:10.295Z - debug: studio default theme is: light
2025-03-12T14:10:10.299Z - info: Creating default express app.
2025-03-12T14:10:10.315Z - info: jsreport server successfully started on http port: 5488
2025-03-12T14:10:10.317Z - info: Verifying license key free
2025-03-12T14:10:10.318Z - info: Using free license
2025-03-12T14:10:10.323Z - info: Migrating templates chrome settings (waitForNetworkIddle -> waitForNetworkIdle)
2025-03-12T14:10:10.324Z - info: Migration successful
2025-03-12T14:10:10.324Z - debug: Creating samples is disabled
2025-03-12T14:10:10.325Z - info: Initializing worker threads
2025-03-12T14:10:10.325Z - debug: Extensions in workers: base, child-templates, components, data, express, handlebars, jsrender, localization, npm, pdf-utils, reports, text, version-control, assets, browser-client, chrome-pdf, docx, html-to-xlsx, pptx, scripts, static-pdf, studio, xlsx
2025-03-12T14:10:10.887Z - info: 2 worker threads initialized in 562ms
2025-03-12T14:10:10.888Z - info: Starting temp files cleanup with 180000ms threshold
2025-03-12T14:10:10.889Z - info: reporter initialized
2025-03-12T14:10:15.905Z - info: Initializing jsreport (version: 4.8.0, configuration file: none, nodejs: 20.15.1)
2025-03-12T14:10:15.908Z - info: Searching for available extensions in C:\Users\barua\OneDrive\Desktop\Gadify-Backend\
2025-03-12T14:10:15.913Z - info: Extensions location cache contains up to date information, skipping crawling in C:\Users\barua\OneDrive\Desktop\Gadify-Backend\
2025-03-12T14:10:15.981Z - info: Found 35 extension(s)
2025-03-12T14:10:16.006Z - debug: Writing extension locations cache to C:\Users\barua\AppData\Local\Temp\jsreport\core\locations.json
2025-03-12T14:10:16.008Z - debug: Discovered 35 extensions
2025-03-12T14:10:16.046Z - info: Using extension authentication@4.2.3
2025-03-12T14:10:16.300Z - debug: Extension authentication@4.2.3 was disabled
2025-03-12T14:10:16.301Z - info: Using extension base@4.0.0
2025-03-12T14:10:16.304Z - info: Using extension child-templates@4.1.0
2025-03-12T14:10:16.306Z - info: Using extension cli@4.1.0
2025-03-12T14:10:16.309Z - info: Using extension components@4.0.2
2025-03-12T14:10:16.310Z - info: Using extension data@4.1.0
2025-03-12T14:10:16.311Z - info: Using extension express@4.2.0
2025-03-12T14:10:16.543Z - info: Using extension freeze@4.0.0
2025-03-12T14:10:16.545Z - info: Using extension fs-store@4.1.0
2025-03-12T14:10:16.663Z - debug: Extension fs-store@4.1.0 was disabled
2025-03-12T14:10:16.664Z - info: Using extension handlebars@4.0.1
2025-03-12T14:10:16.665Z - info: Using extension import-export@4.0.6
2025-03-12T14:10:16.682Z - info: Using extension jsrender@4.0.0
2025-03-12T14:10:16.683Z - info: Using extension licensing@4.0.4
2025-03-12T14:10:16.716Z - info: Using extension localization@4.0.1
2025-03-12T14:10:16.717Z - info: Using extension npm@4.0.0
2025-03-12T14:10:16.723Z - info: Using extension pdf-utils@4.3.0
2025-03-12T14:10:16.726Z - info: Using extension reports@4.1.3
2025-03-12T14:10:16.729Z - info: Using extension tags@4.0.1
2025-03-12T14:10:16.730Z - info: Using extension text@4.0.2
2025-03-12T14:10:16.731Z - info: Using extension version-control@4.1.0
2025-03-12T14:10:16.742Z - info: Using extension assets@4.2.1
2025-03-12T14:10:16.756Z - info: Using extension authorization@4.1.0
2025-03-12T14:10:16.761Z - debug: Extension authorization@4.1.0 was disabled
2025-03-12T14:10:16.761Z - info: Using extension browser-client@4.1.0
2025-03-12T14:10:16.763Z - info: Using extension chrome-pdf@4.1.1
2025-03-12T14:10:16.766Z - debug: Chrome strategy is chrome-pool, numberOfWorkers: 1
2025-03-12T14:10:16.767Z - debug: Chrome custom launch options are protocolTimeout=60000
2025-03-12T14:10:16.767Z - info: Using extension docx@4.7.0
2025-03-12T14:10:16.770Z - info: Using extension html-to-xlsx@4.2.0
2025-03-12T14:10:16.957Z - info: html-to-xlsx detected chrome as available html engine
2025-03-12T14:10:16.958Z - info: Using extension pptx@4.4.0
2025-03-12T14:10:16.960Z - info: Using extension scheduling@4.1.0
2025-03-12T14:10:16.984Z - info: Using extension scripts@4.2.0
2025-03-12T14:10:16.986Z - info: Using extension static-pdf@4.1.0
2025-03-12T14:10:16.987Z - info: Using extension studio@4.3.0
2025-03-12T14:10:17.055Z - info: Using extension xlsx@4.4.0
2025-03-12T14:10:17.058Z - info: Using extension public-templates@4.0.0
2025-03-12T14:10:17.059Z - debug: Extension public-templates@4.0.0 was disabled
2025-03-12T14:10:17.059Z - info: Using extension sample-template@4.0.1
2025-03-12T14:10:17.061Z - info: Using extension studio-theme-dark@4.0.0
2025-03-12T14:10:17.063Z - info: Using general timeout for rendering (reportTimeout: 60000)
2025-03-12T14:10:17.064Z - info: Using memory provider for template store. The saved templates will be lost after restart
2025-03-12T14:10:17.074Z - debug: studio default theme is: light
2025-03-12T14:10:17.078Z - info: Creating default express app.
2025-03-12T14:10:17.095Z - info: jsreport server successfully started on http port: 5488
2025-03-12T14:10:17.096Z - info: Verifying license key free
2025-03-12T14:10:17.097Z - info: Using free license
2025-03-12T14:10:17.104Z - info: Migrating templates chrome settings (waitForNetworkIddle -> waitForNetworkIdle)
2025-03-12T14:10:17.105Z - info: Migration successful
2025-03-12T14:10:17.106Z - debug: Creating samples is disabled
2025-03-12T14:10:17.106Z - info: Initializing worker threads
2025-03-12T14:10:17.107Z - debug: Extensions in workers: base, child-templates, components, data, express, handlebars, jsrender, localization, npm, pdf-utils, reports, text, version-control, assets, browser-client, chrome-pdf, docx, html-to-xlsx, pptx, scripts, static-pdf, studio, xlsx
2025-03-12T14:10:17.745Z - info: 2 worker threads initialized in 639ms
2025-03-12T14:10:17.745Z - info: Starting temp files cleanup with 180000ms threshold
2025-03-12T14:10:17.746Z - info: reporter initialized
2025-03-12T14:10:22.058Z - info: Initializing jsreport (version: 4.8.0, configuration file: none, nodejs: 20.15.1)
2025-03-12T14:10:22.062Z - info: Searching for available extensions in C:\Users\barua\OneDrive\Desktop\Gadify-Backend\
2025-03-12T14:10:22.067Z - info: Extensions location cache contains up to date information, skipping crawling in C:\Users\barua\OneDrive\Desktop\Gadify-Backend\
2025-03-12T14:10:22.137Z - info: Found 35 extension(s)
2025-03-12T14:10:22.162Z - debug: Writing extension locations cache to C:\Users\barua\AppData\Local\Temp\jsreport\core\locations.json
2025-03-12T14:10:22.163Z - debug: Discovered 35 extensions
2025-03-12T14:10:22.199Z - info: Using extension authentication@4.2.3
2025-03-12T14:10:22.356Z - debug: Extension authentication@4.2.3 was disabled
2025-03-12T14:10:22.357Z - info: Using extension base@4.0.0
2025-03-12T14:10:22.360Z - info: Using extension child-templates@4.1.0
2025-03-12T14:10:22.361Z - info: Using extension cli@4.1.0
2025-03-12T14:10:22.364Z - info: Using extension components@4.0.2
2025-03-12T14:10:22.365Z - info: Using extension data@4.1.0
2025-03-12T14:10:22.366Z - info: Using extension express@4.2.0
2025-03-12T14:10:22.624Z - info: Using extension freeze@4.0.0
2025-03-12T14:10:22.626Z - info: Using extension fs-store@4.1.0
2025-03-12T14:10:22.751Z - debug: Extension fs-store@4.1.0 was disabled
2025-03-12T14:10:22.752Z - info: Using extension handlebars@4.0.1
2025-03-12T14:10:22.753Z - info: Using extension import-export@4.0.6
2025-03-12T14:10:22.772Z - info: Using extension jsrender@4.0.0
2025-03-12T14:10:22.773Z - info: Using extension licensing@4.0.4
2025-03-12T14:10:22.807Z - info: Using extension localization@4.0.1
2025-03-12T14:10:22.808Z - info: Using extension npm@4.0.0
2025-03-12T14:10:22.815Z - info: Using extension pdf-utils@4.3.0
2025-03-12T14:10:22.817Z - info: Using extension reports@4.1.3
2025-03-12T14:10:22.820Z - info: Using extension tags@4.0.1
2025-03-12T14:10:22.822Z - info: Using extension text@4.0.2
2025-03-12T14:10:22.823Z - info: Using extension version-control@4.1.0
2025-03-12T14:10:22.834Z - info: Using extension assets@4.2.1
2025-03-12T14:10:22.849Z - info: Using extension authorization@4.1.0
2025-03-12T14:10:22.853Z - debug: Extension authorization@4.1.0 was disabled
2025-03-12T14:10:22.854Z - info: Using extension browser-client@4.1.0
2025-03-12T14:10:22.857Z - info: Using extension chrome-pdf@4.1.1
2025-03-12T14:10:22.860Z - debug: Chrome strategy is chrome-pool, numberOfWorkers: 1
2025-03-12T14:10:22.860Z - debug: Chrome custom launch options are protocolTimeout=60000
2025-03-12T14:10:22.861Z - info: Using extension docx@4.7.0
2025-03-12T14:10:22.863Z - info: Using extension html-to-xlsx@4.2.0
2025-03-12T14:10:23.063Z - info: html-to-xlsx detected chrome as available html engine
2025-03-12T14:10:23.064Z - info: Using extension pptx@4.4.0
2025-03-12T14:10:23.066Z - info: Using extension scheduling@4.1.0
2025-03-12T14:10:23.088Z - info: Using extension scripts@4.2.0
2025-03-12T14:10:23.089Z - info: Using extension static-pdf@4.1.0
2025-03-12T14:10:23.090Z - info: Using extension studio@4.3.0
2025-03-12T14:10:23.158Z - info: Using extension xlsx@4.4.0
2025-03-12T14:10:23.160Z - info: Using extension public-templates@4.0.0
2025-03-12T14:10:23.161Z - debug: Extension public-templates@4.0.0 was disabled
2025-03-12T14:10:23.162Z - info: Using extension sample-template@4.0.1
2025-03-12T14:10:23.164Z - info: Using extension studio-theme-dark@4.0.0
2025-03-12T14:10:23.165Z - info: Using general timeout for rendering (reportTimeout: 60000)
2025-03-12T14:10:23.166Z - info: Using memory provider for template store. The saved templates will be lost after restart
2025-03-12T14:10:23.178Z - debug: studio default theme is: light
2025-03-12T14:10:23.184Z - info: Creating default express app.
2025-03-12T14:10:23.205Z - info: jsreport server successfully started on http port: 5488
2025-03-12T14:10:23.206Z - info: Verifying license key free
2025-03-12T14:10:23.207Z - info: Using free license
2025-03-12T14:10:23.214Z - info: Migrating templates chrome settings (waitForNetworkIddle -> waitForNetworkIdle)
2025-03-12T14:10:23.215Z - info: Migration successful
2025-03-12T14:10:23.216Z - debug: Creating samples is disabled
2025-03-12T14:10:23.217Z - info: Initializing worker threads
2025-03-12T14:10:23.217Z - debug: Extensions in workers: base, child-templates, components, data, express, handlebars, jsrender, localization, npm, pdf-utils, reports, text, version-control, assets, browser-client, chrome-pdf, docx, html-to-xlsx, pptx, scripts, static-pdf, studio, xlsx
2025-03-12T14:10:23.792Z - info: 2 worker threads initialized in 575ms
2025-03-12T14:10:23.792Z - info: Starting temp files cleanup with 180000ms threshold
2025-03-12T14:10:23.793Z - info: reporter initialized
2025-03-12T14:10:31.021Z - info: Initializing jsreport (version: 4.8.0, configuration file: none, nodejs: 20.15.1)
2025-03-12T14:10:31.024Z - info: Searching for available extensions in C:\Users\barua\OneDrive\Desktop\Gadify-Backend\
2025-03-12T14:10:31.029Z - info: Extensions location cache contains up to date information, skipping crawling in C:\Users\barua\OneDrive\Desktop\Gadify-Backend\
2025-03-12T14:10:31.095Z - info: Found 35 extension(s)
2025-03-12T14:10:31.122Z - debug: Writing extension locations cache to C:\Users\barua\AppData\Local\Temp\jsreport\core\locations.json
2025-03-12T14:10:31.124Z - debug: Discovered 35 extensions
2025-03-12T14:10:31.158Z - info: Using extension authentication@4.2.3
2025-03-12T14:10:31.322Z - debug: Extension authentication@4.2.3 was disabled
2025-03-12T14:10:31.323Z - info: Using extension base@4.0.0
2025-03-12T14:10:31.326Z - info: Using extension child-templates@4.1.0
2025-03-12T14:10:31.327Z - info: Using extension cli@4.1.0
2025-03-12T14:10:31.330Z - info: Using extension components@4.0.2
2025-03-12T14:10:31.332Z - info: Using extension data@4.1.0
2025-03-12T14:10:31.333Z - info: Using extension express@4.2.0
2025-03-12T14:10:31.574Z - info: Using extension freeze@4.0.0
2025-03-12T14:10:31.576Z - info: Using extension fs-store@4.1.0
2025-03-12T14:10:31.705Z - debug: Extension fs-store@4.1.0 was disabled
2025-03-12T14:10:31.706Z - info: Using extension handlebars@4.0.1
2025-03-12T14:10:31.707Z - info: Using extension import-export@4.0.6
2025-03-12T14:10:31.726Z - info: Using extension jsrender@4.0.0
2025-03-12T14:10:31.727Z - info: Using extension licensing@4.0.4
2025-03-12T14:10:31.767Z - info: Using extension localization@4.0.1
2025-03-12T14:10:31.768Z - info: Using extension npm@4.0.0
2025-03-12T14:10:31.773Z - info: Using extension pdf-utils@4.3.0
2025-03-12T14:10:31.775Z - info: Using extension reports@4.1.3
2025-03-12T14:10:31.778Z - info: Using extension tags@4.0.1
2025-03-12T14:10:31.780Z - info: Using extension text@4.0.2
2025-03-12T14:10:31.781Z - info: Using extension version-control@4.1.0
2025-03-12T14:10:31.792Z - info: Using extension assets@4.2.1
2025-03-12T14:10:31.806Z - info: Using extension authorization@4.1.0
2025-03-12T14:10:31.811Z - debug: Extension authorization@4.1.0 was disabled
2025-03-12T14:10:31.818Z - info: Using extension browser-client@4.1.0
2025-03-12T14:10:31.822Z - info: Using extension chrome-pdf@4.1.1
2025-03-12T14:10:31.826Z - debug: Chrome strategy is chrome-pool, numberOfWorkers: 1
2025-03-12T14:10:31.827Z - debug: Chrome custom launch options are protocolTimeout=60000
2025-03-12T14:10:31.828Z - info: Using extension docx@4.7.0
2025-03-12T14:10:31.836Z - info: Using extension html-to-xlsx@4.2.0
2025-03-12T14:10:32.029Z - info: html-to-xlsx detected chrome as available html engine
2025-03-12T14:10:32.029Z - info: Using extension pptx@4.4.0
2025-03-12T14:10:32.031Z - info: Using extension scheduling@4.1.0
2025-03-12T14:10:32.053Z - info: Using extension scripts@4.2.0
2025-03-12T14:10:32.054Z - info: Using extension static-pdf@4.1.0
2025-03-12T14:10:32.055Z - info: Using extension studio@4.3.0
2025-03-12T14:10:32.125Z - info: Using extension xlsx@4.4.0
2025-03-12T14:10:32.128Z - info: Using extension public-templates@4.0.0
2025-03-12T14:10:32.129Z - debug: Extension public-templates@4.0.0 was disabled
2025-03-12T14:10:32.130Z - info: Using extension sample-template@4.0.1
2025-03-12T14:10:32.132Z - info: Using extension studio-theme-dark@4.0.0
2025-03-12T14:10:32.133Z - info: Using general timeout for rendering (reportTimeout: 60000)
2025-03-12T14:10:32.133Z - info: Using memory provider for template store. The saved templates will be lost after restart
2025-03-12T14:10:32.144Z - debug: studio default theme is: light
2025-03-12T14:10:32.148Z - info: Creating default express app.
2025-03-12T14:10:32.167Z - info: jsreport server successfully started on http port: 5488
2025-03-12T14:10:32.168Z - info: Verifying license key free
2025-03-12T14:10:32.169Z - info: Using free license
2025-03-12T14:10:32.176Z - info: Migrating templates chrome settings (waitForNetworkIddle -> waitForNetworkIdle)
2025-03-12T14:10:32.177Z - info: Migration successful
2025-03-12T14:10:32.178Z - debug: Creating samples is disabled
2025-03-12T14:10:32.178Z - info: Initializing worker threads
2025-03-12T14:10:32.179Z - debug: Extensions in workers: base, child-templates, components, data, express, handlebars, jsrender, localization, npm, pdf-utils, reports, text, version-control, assets, browser-client, chrome-pdf, docx, html-to-xlsx, pptx, scripts, static-pdf, studio, xlsx
2025-03-12T14:10:32.770Z - info: 2 worker threads initialized in 592ms
2025-03-12T14:10:32.771Z - info: Starting temp files cleanup with 180000ms threshold
2025-03-12T14:10:32.772Z - info: reporter initialized
2025-03-12T14:11:06.163Z - info: Initializing jsreport (version: 4.8.0, configuration file: none, nodejs: 20.15.1)
2025-03-12T14:11:06.166Z - info: Searching for available extensions in C:\Users\barua\OneDrive\Desktop\Gadify-Backend\
2025-03-12T14:11:06.170Z - info: Extensions location cache contains up to date information, skipping crawling in C:\Users\barua\OneDrive\Desktop\Gadify-Backend\
2025-03-12T14:11:06.235Z - info: Found 35 extension(s)
2025-03-12T14:11:06.262Z - debug: Writing extension locations cache to C:\Users\barua\AppData\Local\Temp\jsreport\core\locations.json
2025-03-12T14:11:06.264Z - debug: Discovered 35 extensions
2025-03-12T14:11:06.299Z - info: Using extension authentication@4.2.3
2025-03-12T14:11:06.458Z - debug: Extension authentication@4.2.3 was disabled
2025-03-12T14:11:06.458Z - info: Using extension base@4.0.0
2025-03-12T14:11:06.461Z - info: Using extension child-templates@4.1.0
2025-03-12T14:11:06.462Z - info: Using extension cli@4.1.0
2025-03-12T14:11:06.465Z - info: Using extension components@4.0.2
2025-03-12T14:11:06.467Z - info: Using extension data@4.1.0
2025-03-12T14:11:06.468Z - info: Using extension express@4.2.0
2025-03-12T14:11:06.707Z - info: Using extension freeze@4.0.0
2025-03-12T14:11:06.709Z - info: Using extension fs-store@4.1.0
2025-03-12T14:11:06.831Z - debug: Extension fs-store@4.1.0 was disabled
2025-03-12T14:11:06.832Z - info: Using extension handlebars@4.0.1
2025-03-12T14:11:06.834Z - info: Using extension import-export@4.0.6
2025-03-12T14:11:06.853Z - info: Using extension jsrender@4.0.0
2025-03-12T14:11:06.854Z - info: Using extension licensing@4.0.4
2025-03-12T14:11:06.890Z - info: Using extension localization@4.0.1
2025-03-12T14:11:06.891Z - info: Using extension npm@4.0.0
2025-03-12T14:11:06.898Z - info: Using extension pdf-utils@4.3.0
2025-03-12T14:11:06.900Z - info: Using extension reports@4.1.3
2025-03-12T14:11:06.903Z - info: Using extension tags@4.0.1
2025-03-12T14:11:06.905Z - info: Using extension text@4.0.2
2025-03-12T14:11:06.906Z - info: Using extension version-control@4.1.0
2025-03-12T14:11:06.920Z - info: Using extension assets@4.2.1
2025-03-12T14:11:06.936Z - info: Using extension authorization@4.1.0
2025-03-12T14:11:06.940Z - debug: Extension authorization@4.1.0 was disabled
2025-03-12T14:11:06.941Z - info: Using extension browser-client@4.1.0
2025-03-12T14:11:06.943Z - info: Using extension chrome-pdf@4.1.1
2025-03-12T14:11:06.946Z - debug: Chrome strategy is chrome-pool, numberOfWorkers: 1
2025-03-12T14:11:06.947Z - debug: Chrome custom launch options are protocolTimeout=60000
2025-03-12T14:11:06.947Z - info: Using extension docx@4.7.0
2025-03-12T14:11:06.949Z - info: Using extension html-to-xlsx@4.2.0
2025-03-12T14:11:07.143Z - info: html-to-xlsx detected chrome as available html engine
2025-03-12T14:11:07.143Z - info: Using extension pptx@4.4.0
2025-03-12T14:11:07.145Z - info: Using extension scheduling@4.1.0
2025-03-12T14:11:07.167Z - info: Using extension scripts@4.2.0
2025-03-12T14:11:07.168Z - info: Using extension static-pdf@4.1.0
2025-03-12T14:11:07.169Z - info: Using extension studio@4.3.0
2025-03-12T14:11:07.235Z - info: Using extension xlsx@4.4.0
2025-03-12T14:11:07.237Z - info: Using extension public-templates@4.0.0
2025-03-12T14:11:07.238Z - debug: Extension public-templates@4.0.0 was disabled
2025-03-12T14:11:07.238Z - info: Using extension sample-template@4.0.1
2025-03-12T14:11:07.241Z - info: Using extension studio-theme-dark@4.0.0
2025-03-12T14:11:07.242Z - info: Using general timeout for rendering (reportTimeout: 60000)
2025-03-12T14:11:07.243Z - info: Using memory provider for template store. The saved templates will be lost after restart
2025-03-12T14:11:07.253Z - debug: studio default theme is: light
2025-03-12T14:11:07.258Z - info: Creating default express app.
2025-03-12T14:11:07.274Z - info: jsreport server successfully started on http port: 5488
2025-03-12T14:11:07.276Z - info: Verifying license key free
2025-03-12T14:11:07.276Z - info: Using free license
2025-03-12T14:11:07.282Z - info: Migrating templates chrome settings (waitForNetworkIddle -> waitForNetworkIdle)
2025-03-12T14:11:07.283Z - info: Migration successful
2025-03-12T14:11:07.284Z - debug: Creating samples is disabled
2025-03-12T14:11:07.285Z - info: Initializing worker threads
2025-03-12T14:11:07.285Z - debug: Extensions in workers: base, child-templates, components, data, express, handlebars, jsrender, localization, npm, pdf-utils, reports, text, version-control, assets, browser-client, chrome-pdf, docx, html-to-xlsx, pptx, scripts, static-pdf, studio, xlsx
2025-03-12T14:11:07.824Z - info: 2 worker threads initialized in 539ms
2025-03-12T14:11:07.825Z - info: Starting temp files cleanup with 180000ms threshold
2025-03-12T14:11:07.826Z - info: reporter initialized
2025-03-12T14:11:24.158Z - info: Initializing jsreport (version: 4.8.0, configuration file: none, nodejs: 20.15.1)
2025-03-12T14:11:24.161Z - info: Searching for available extensions in C:\Users\barua\OneDrive\Desktop\Gadify-Backend\
2025-03-12T14:11:24.166Z - info: Extensions location cache contains up to date information, skipping crawling in C:\Users\barua\OneDrive\Desktop\Gadify-Backend\
2025-03-12T14:11:24.245Z - info: Found 35 extension(s)
2025-03-12T14:11:24.285Z - debug: Writing extension locations cache to C:\Users\barua\AppData\Local\Temp\jsreport\core\locations.json
2025-03-12T14:11:24.287Z - debug: Discovered 35 extensions
2025-03-12T14:11:24.328Z - info: Using extension authentication@4.2.3
2025-03-12T14:11:24.501Z - debug: Extension authentication@4.2.3 was disabled
2025-03-12T14:11:24.502Z - info: Using extension base@4.0.0
2025-03-12T14:11:24.505Z - info: Using extension child-templates@4.1.0
2025-03-12T14:11:24.506Z - info: Using extension cli@4.1.0
2025-03-12T14:11:24.509Z - info: Using extension components@4.0.2
2025-03-12T14:11:24.510Z - info: Using extension data@4.1.0
2025-03-12T14:11:24.511Z - info: Using extension express@4.2.0
2025-03-12T14:11:24.756Z - info: Using extension freeze@4.0.0
2025-03-12T14:11:24.758Z - info: Using extension fs-store@4.1.0
2025-03-12T14:11:24.917Z - debug: Extension fs-store@4.1.0 was disabled
2025-03-12T14:11:24.917Z - info: Using extension handlebars@4.0.1
2025-03-12T14:11:24.919Z - info: Using extension import-export@4.0.6
2025-03-12T14:11:24.941Z - info: Using extension jsrender@4.0.0
2025-03-12T14:11:24.942Z - info: Using extension licensing@4.0.4
2025-03-12T14:11:24.985Z - info: Using extension localization@4.0.1
2025-03-12T14:11:24.987Z - info: Using extension npm@4.0.0
2025-03-12T14:11:24.992Z - info: Using extension pdf-utils@4.3.0
2025-03-12T14:11:24.994Z - info: Using extension reports@4.1.3
2025-03-12T14:11:24.997Z - info: Using extension tags@4.0.1
2025-03-12T14:11:24.999Z - info: Using extension text@4.0.2
2025-03-12T14:11:25.000Z - info: Using extension version-control@4.1.0
2025-03-12T14:11:25.012Z - info: Using extension assets@4.2.1
2025-03-12T14:11:25.025Z - info: Using extension authorization@4.1.0
2025-03-12T14:11:25.029Z - debug: Extension authorization@4.1.0 was disabled
2025-03-12T14:11:25.030Z - info: Using extension browser-client@4.1.0
2025-03-12T14:11:25.032Z - info: Using extension chrome-pdf@4.1.1
2025-03-12T14:11:25.035Z - debug: Chrome strategy is chrome-pool, numberOfWorkers: 1
2025-03-12T14:11:25.036Z - debug: Chrome custom launch options are protocolTimeout=60000
2025-03-12T14:11:25.036Z - info: Using extension docx@4.7.0
2025-03-12T14:11:25.038Z - info: Using extension html-to-xlsx@4.2.0
2025-03-12T14:11:25.247Z - info: html-to-xlsx detected chrome as available html engine
2025-03-12T14:11:25.248Z - info: Using extension pptx@4.4.0
2025-03-12T14:11:25.251Z - info: Using extension scheduling@4.1.0
2025-03-12T14:11:25.277Z - info: Using extension scripts@4.2.0
2025-03-12T14:11:25.278Z - info: Using extension static-pdf@4.1.0
2025-03-12T14:11:25.279Z - info: Using extension studio@4.3.0
2025-03-12T14:11:25.378Z - info: Using extension xlsx@4.4.0
2025-03-12T14:11:25.381Z - info: Using extension public-templates@4.0.0
2025-03-12T14:11:25.383Z - debug: Extension public-templates@4.0.0 was disabled
2025-03-12T14:11:25.384Z - info: Using extension sample-template@4.0.1
2025-03-12T14:11:25.386Z - info: Using extension studio-theme-dark@4.0.0
2025-03-12T14:11:25.388Z - info: Using general timeout for rendering (reportTimeout: 60000)
2025-03-12T14:11:25.388Z - info: Using memory provider for template store. The saved templates will be lost after restart
2025-03-12T14:11:25.399Z - debug: studio default theme is: light
2025-03-12T14:11:25.403Z - info: Creating default express app.
2025-03-12T14:11:25.421Z - info: jsreport server successfully started on http port: 5488
2025-03-12T14:11:25.423Z - info: Verifying license key free
2025-03-12T14:11:25.424Z - info: Using free license
2025-03-12T14:11:25.431Z - info: Migrating templates chrome settings (waitForNetworkIddle -> waitForNetworkIdle)
2025-03-12T14:11:25.432Z - info: Migration successful
2025-03-12T14:11:25.432Z - debug: Creating samples is disabled
2025-03-12T14:11:25.433Z - info: Initializing worker threads
2025-03-12T14:11:25.433Z - debug: Extensions in workers: base, child-templates, components, data, express, handlebars, jsrender, localization, npm, pdf-utils, reports, text, version-control, assets, browser-client, chrome-pdf, docx, html-to-xlsx, pptx, scripts, static-pdf, studio, xlsx
2025-03-12T14:11:26.003Z - info: 2 worker threads initialized in 570ms
2025-03-12T14:11:26.003Z - info: Starting temp files cleanup with 180000ms threshold
2025-03-12T14:11:26.004Z - info: reporter initialized
2025-03-12T14:11:44.784Z - info: Initializing jsreport (version: 4.8.0, configuration file: none, nodejs: 20.15.1)
2025-03-12T14:11:44.787Z - info: Searching for available extensions in C:\Users\barua\OneDrive\Desktop\Gadify-Backend\
2025-03-12T14:11:44.791Z - info: Extensions location cache contains up to date information, skipping crawling in C:\Users\barua\OneDrive\Desktop\Gadify-Backend\
2025-03-12T14:11:44.860Z - info: Found 35 extension(s)
2025-03-12T14:11:44.885Z - debug: Writing extension locations cache to C:\Users\barua\AppData\Local\Temp\jsreport\core\locations.json
2025-03-12T14:11:44.886Z - debug: Discovered 35 extensions
2025-03-12T14:11:44.922Z - info: Using extension authentication@4.2.3
2025-03-12T14:11:45.078Z - debug: Extension authentication@4.2.3 was disabled
2025-03-12T14:11:45.079Z - info: Using extension base@4.0.0
2025-03-12T14:11:45.082Z - info: Using extension child-templates@4.1.0
2025-03-12T14:11:45.084Z - info: Using extension cli@4.1.0
2025-03-12T14:11:45.086Z - info: Using extension components@4.0.2
2025-03-12T14:11:45.088Z - info: Using extension data@4.1.0
2025-03-12T14:11:45.089Z - info: Using extension express@4.2.0
2025-03-12T14:11:45.326Z - info: Using extension freeze@4.0.0
2025-03-12T14:11:45.328Z - info: Using extension fs-store@4.1.0
2025-03-12T14:11:45.452Z - debug: Extension fs-store@4.1.0 was disabled
2025-03-12T14:11:45.452Z - info: Using extension handlebars@4.0.1
2025-03-12T14:11:45.454Z - info: Using extension import-export@4.0.6
2025-03-12T14:11:45.471Z - info: Using extension jsrender@4.0.0
2025-03-12T14:11:45.472Z - info: Using extension licensing@4.0.4
2025-03-12T14:11:45.506Z - info: Using extension localization@4.0.1
2025-03-12T14:11:45.508Z - info: Using extension npm@4.0.0
2025-03-12T14:11:45.513Z - info: Using extension pdf-utils@4.3.0
2025-03-12T14:11:45.515Z - info: Using extension reports@4.1.3
2025-03-12T14:11:45.518Z - info: Using extension tags@4.0.1
2025-03-12T14:11:45.520Z - info: Using extension text@4.0.2
2025-03-12T14:11:45.521Z - info: Using extension version-control@4.1.0
2025-03-12T14:11:45.532Z - info: Using extension assets@4.2.1
2025-03-12T14:11:45.548Z - info: Using extension authorization@4.1.0
2025-03-12T14:11:45.552Z - debug: Extension authorization@4.1.0 was disabled
2025-03-12T14:11:45.552Z - info: Using extension browser-client@4.1.0
2025-03-12T14:11:45.554Z - info: Using extension chrome-pdf@4.1.1
2025-03-12T14:11:45.557Z - debug: Chrome strategy is chrome-pool, numberOfWorkers: 1
2025-03-12T14:11:45.557Z - debug: Chrome custom launch options are protocolTimeout=60000
2025-03-12T14:11:45.558Z - info: Using extension docx@4.7.0
2025-03-12T14:11:45.560Z - info: Using extension html-to-xlsx@4.2.0
2025-03-12T14:11:45.743Z - info: html-to-xlsx detected chrome as available html engine
2025-03-12T14:11:45.743Z - info: Using extension pptx@4.4.0
2025-03-12T14:11:45.745Z - info: Using extension scheduling@4.1.0
2025-03-12T14:11:45.768Z - info: Using extension scripts@4.2.0
2025-03-12T14:11:45.769Z - info: Using extension static-pdf@4.1.0
2025-03-12T14:11:45.770Z - info: Using extension studio@4.3.0
2025-03-12T14:11:45.840Z - info: Using extension xlsx@4.4.0
2025-03-12T14:11:45.842Z - info: Using extension public-templates@4.0.0
2025-03-12T14:11:45.843Z - debug: Extension public-templates@4.0.0 was disabled
2025-03-12T14:11:45.844Z - info: Using extension sample-template@4.0.1
2025-03-12T14:11:45.846Z - info: Using extension studio-theme-dark@4.0.0
2025-03-12T14:11:45.847Z - info: Using general timeout for rendering (reportTimeout: 60000)
2025-03-12T14:11:45.847Z - info: Using memory provider for template store. The saved templates will be lost after restart
2025-03-12T14:11:45.857Z - debug: studio default theme is: light
2025-03-12T14:11:45.862Z - info: Creating default express app.
2025-03-12T14:11:45.879Z - info: jsreport server successfully started on http port: 5488
2025-03-12T14:11:45.881Z - info: Verifying license key free
2025-03-12T14:11:45.882Z - info: Using free license
2025-03-12T14:11:45.887Z - info: Migrating templates chrome settings (waitForNetworkIddle -> waitForNetworkIdle)
2025-03-12T14:11:45.889Z - info: Migration successful
2025-03-12T14:11:45.890Z - debug: Creating samples is disabled
2025-03-12T14:11:45.890Z - info: Initializing worker threads
2025-03-12T14:11:45.890Z - debug: Extensions in workers: base, child-templates, components, data, express, handlebars, jsrender, localization, npm, pdf-utils, reports, text, version-control, assets, browser-client, chrome-pdf, docx, html-to-xlsx, pptx, scripts, static-pdf, studio, xlsx
2025-03-12T14:11:46.420Z - info: 2 worker threads initialized in 530ms
2025-03-12T14:11:46.421Z - info: Starting temp files cleanup with 180000ms threshold
2025-03-12T14:11:46.421Z - info: reporter initialized
2025-03-12T14:11:50.788Z - info: Initializing jsreport (version: 4.8.0, configuration file: none, nodejs: 20.15.1)
2025-03-12T14:11:50.791Z - info: Searching for available extensions in C:\Users\barua\OneDrive\Desktop\Gadify-Backend\
2025-03-12T14:11:50.795Z - info: Extensions location cache contains up to date information, skipping crawling in C:\Users\barua\OneDrive\Desktop\Gadify-Backend\
2025-03-12T14:11:50.871Z - info: Found 35 extension(s)
2025-03-12T14:11:50.899Z - debug: Writing extension locations cache to C:\Users\barua\AppData\Local\Temp\jsreport\core\locations.json
2025-03-12T14:11:50.901Z - debug: Discovered 35 extensions
2025-03-12T14:11:50.947Z - info: Using extension authentication@4.2.3
2025-03-12T14:11:51.113Z - debug: Extension authentication@4.2.3 was disabled
2025-03-12T14:11:51.114Z - info: Using extension base@4.0.0
2025-03-12T14:11:51.117Z - info: Using extension child-templates@4.1.0
2025-03-12T14:11:51.118Z - info: Using extension cli@4.1.0
2025-03-12T14:11:51.121Z - info: Using extension components@4.0.2
2025-03-12T14:11:51.123Z - info: Using extension data@4.1.0
2025-03-12T14:11:51.124Z - info: Using extension express@4.2.0
2025-03-12T14:11:51.372Z - info: Using extension freeze@4.0.0
2025-03-12T14:11:51.374Z - info: Using extension fs-store@4.1.0
2025-03-12T14:11:51.495Z - debug: Extension fs-store@4.1.0 was disabled
2025-03-12T14:11:51.496Z - info: Using extension handlebars@4.0.1
2025-03-12T14:11:51.497Z - info: Using extension import-export@4.0.6
2025-03-12T14:11:51.516Z - info: Using extension jsrender@4.0.0
2025-03-12T14:11:51.517Z - info: Using extension licensing@4.0.4
2025-03-12T14:11:51.551Z - info: Using extension localization@4.0.1
2025-03-12T14:11:51.553Z - info: Using extension npm@4.0.0
2025-03-12T14:11:51.557Z - info: Using extension pdf-utils@4.3.0
2025-03-12T14:11:51.560Z - info: Using extension reports@4.1.3
2025-03-12T14:11:51.563Z - info: Using extension tags@4.0.1
2025-03-12T14:11:51.564Z - info: Using extension text@4.0.2
2025-03-12T14:11:51.565Z - info: Using extension version-control@4.1.0
2025-03-12T14:11:51.576Z - info: Using extension assets@4.2.1
2025-03-12T14:11:51.589Z - info: Using extension authorization@4.1.0
2025-03-12T14:11:51.593Z - debug: Extension authorization@4.1.0 was disabled
2025-03-12T14:11:51.594Z - info: Using extension browser-client@4.1.0
2025-03-12T14:11:51.596Z - info: Using extension chrome-pdf@4.1.1
2025-03-12T14:11:51.599Z - debug: Chrome strategy is chrome-pool, numberOfWorkers: 1
2025-03-12T14:11:51.599Z - debug: Chrome custom launch options are protocolTimeout=60000
2025-03-12T14:11:51.600Z - info: Using extension docx@4.7.0
2025-03-12T14:11:51.602Z - info: Using extension html-to-xlsx@4.2.0
2025-03-12T14:11:51.810Z - info: html-to-xlsx detected chrome as available html engine
2025-03-12T14:11:51.810Z - info: Using extension pptx@4.4.0
2025-03-12T14:11:51.813Z - info: Using extension scheduling@4.1.0
2025-03-12T14:11:51.835Z - info: Using extension scripts@4.2.0
2025-03-12T14:11:51.837Z - info: Using extension static-pdf@4.1.0
2025-03-12T14:11:51.837Z - info: Using extension studio@4.3.0
2025-03-12T14:11:51.906Z - info: Using extension xlsx@4.4.0
2025-03-12T14:11:51.908Z - info: Using extension public-templates@4.0.0
2025-03-12T14:11:51.911Z - debug: Extension public-templates@4.0.0 was disabled
2025-03-12T14:11:51.911Z - info: Using extension sample-template@4.0.1
2025-03-12T14:11:51.914Z - info: Using extension studio-theme-dark@4.0.0
2025-03-12T14:11:51.915Z - info: Using general timeout for rendering (reportTimeout: 60000)
2025-03-12T14:11:51.916Z - info: Using memory provider for template store. The saved templates will be lost after restart
2025-03-12T14:11:51.927Z - debug: studio default theme is: light
2025-03-12T14:11:51.930Z - info: Creating default express app.
2025-03-12T14:11:51.951Z - info: jsreport server successfully started on http port: 5488
2025-03-12T14:11:51.953Z - info: Verifying license key free
2025-03-12T14:11:51.953Z - info: Using free license
2025-03-12T14:11:51.960Z - info: Migrating templates chrome settings (waitForNetworkIddle -> waitForNetworkIdle)
2025-03-12T14:11:51.961Z - info: Migration successful
2025-03-12T14:11:51.962Z - debug: Creating samples is disabled
2025-03-12T14:11:51.962Z - info: Initializing worker threads
2025-03-12T14:11:51.962Z - debug: Extensions in workers: base, child-templates, components, data, express, handlebars, jsrender, localization, npm, pdf-utils, reports, text, version-control, assets, browser-client, chrome-pdf, docx, html-to-xlsx, pptx, scripts, static-pdf, studio, xlsx
2025-03-12T14:11:52.526Z - info: 2 worker threads initialized in 564ms
2025-03-12T14:11:52.526Z - info: Starting temp files cleanup with 180000ms threshold
2025-03-12T14:11:52.527Z - info: reporter initialized
2025-03-12T14:12:04.956Z - info: Initializing jsreport (version: 4.8.0, configuration file: none, nodejs: 20.15.1)
2025-03-12T14:12:04.958Z - info: Searching for available extensions in C:\Users\barua\OneDrive\Desktop\Gadify-Backend\
2025-03-12T14:12:04.962Z - info: Extensions location cache contains up to date information, skipping crawling in C:\Users\barua\OneDrive\Desktop\Gadify-Backend\
2025-03-12T14:12:05.028Z - info: Found 35 extension(s)
2025-03-12T14:12:05.053Z - debug: Writing extension locations cache to C:\Users\barua\AppData\Local\Temp\jsreport\core\locations.json
2025-03-12T14:12:05.055Z - debug: Discovered 35 extensions
2025-03-12T14:12:05.099Z - info: Using extension authentication@4.2.3
2025-03-12T14:12:05.265Z - debug: Extension authentication@4.2.3 was disabled
2025-03-12T14:12:05.266Z - info: Using extension base@4.0.0
2025-03-12T14:12:05.269Z - info: Using extension child-templates@4.1.0
2025-03-12T14:12:05.271Z - info: Using extension cli@4.1.0
2025-03-12T14:12:05.273Z - info: Using extension components@4.0.2
2025-03-12T14:12:05.275Z - info: Using extension data@4.1.0
2025-03-12T14:12:05.276Z - info: Using extension express@4.2.0
2025-03-12T14:12:05.514Z - info: Using extension freeze@4.0.0
2025-03-12T14:12:05.516Z - info: Using extension fs-store@4.1.0
2025-03-12T14:12:05.640Z - debug: Extension fs-store@4.1.0 was disabled
2025-03-12T14:12:05.640Z - info: Using extension handlebars@4.0.1
2025-03-12T14:12:05.642Z - info: Using extension import-export@4.0.6
2025-03-12T14:12:05.659Z - info: Using extension jsrender@4.0.0
2025-03-12T14:12:05.660Z - info: Using extension licensing@4.0.4
2025-03-12T14:12:05.695Z - info: Using extension localization@4.0.1
2025-03-12T14:12:05.696Z - info: Using extension npm@4.0.0
2025-03-12T14:12:05.701Z - info: Using extension pdf-utils@4.3.0
2025-03-12T14:12:05.703Z - info: Using extension reports@4.1.3
2025-03-12T14:12:05.706Z - info: Using extension tags@4.0.1
2025-03-12T14:12:05.707Z - info: Using extension text@4.0.2
2025-03-12T14:12:05.708Z - info: Using extension version-control@4.1.0
2025-03-12T14:12:05.719Z - info: Using extension assets@4.2.1
2025-03-12T14:12:05.733Z - info: Using extension authorization@4.1.0
2025-03-12T14:12:05.737Z - debug: Extension authorization@4.1.0 was disabled
2025-03-12T14:12:05.738Z - info: Using extension browser-client@4.1.0
2025-03-12T14:12:05.740Z - info: Using extension chrome-pdf@4.1.1
2025-03-12T14:12:05.742Z - debug: Chrome strategy is chrome-pool, numberOfWorkers: 1
2025-03-12T14:12:05.743Z - debug: Chrome custom launch options are protocolTimeout=60000
2025-03-12T14:12:05.743Z - info: Using extension docx@4.7.0
2025-03-12T14:12:05.745Z - info: Using extension html-to-xlsx@4.2.0
2025-03-12T14:12:05.928Z - info: html-to-xlsx detected chrome as available html engine
2025-03-12T14:12:05.929Z - info: Using extension pptx@4.4.0
2025-03-12T14:12:05.931Z - info: Using extension scheduling@4.1.0
2025-03-12T14:12:05.953Z - info: Using extension scripts@4.2.0
2025-03-12T14:12:05.954Z - info: Using extension static-pdf@4.1.0
2025-03-12T14:12:05.955Z - info: Using extension studio@4.3.0
2025-03-12T14:12:06.059Z - info: Using extension xlsx@4.4.0
2025-03-12T14:12:06.061Z - info: Using extension public-templates@4.0.0
2025-03-12T14:12:06.063Z - debug: Extension public-templates@4.0.0 was disabled
2025-03-12T14:12:06.064Z - info: Using extension sample-template@4.0.1
2025-03-12T14:12:06.066Z - info: Using extension studio-theme-dark@4.0.0
2025-03-12T14:12:06.069Z - info: Using general timeout for rendering (reportTimeout: 60000)
2025-03-12T14:12:06.070Z - info: Using memory provider for template store. The saved templates will be lost after restart
2025-03-12T14:12:06.085Z - debug: studio default theme is: light
2025-03-12T14:12:06.091Z - info: Creating default express app.
2025-03-12T14:12:06.115Z - info: jsreport server successfully started on http port: 5488
2025-03-12T14:12:06.118Z - info: Verifying license key free
2025-03-12T14:12:06.119Z - info: Using free license
2025-03-12T14:12:06.129Z - info: Migrating templates chrome settings (waitForNetworkIddle -> waitForNetworkIdle)
2025-03-12T14:12:06.131Z - info: Migration successful
2025-03-12T14:12:06.132Z - debug: Creating samples is disabled
2025-03-12T14:12:06.132Z - info: Initializing worker threads
2025-03-12T14:12:06.133Z - debug: Extensions in workers: base, child-templates, components, data, express, handlebars, jsrender, localization, npm, pdf-utils, reports, text, version-control, assets, browser-client, chrome-pdf, docx, html-to-xlsx, pptx, scripts, static-pdf, studio, xlsx
2025-03-12T14:12:09.672Z - info: Initializing jsreport (version: 4.8.0, configuration file: none, nodejs: 20.15.1)
2025-03-12T14:12:09.675Z - info: Searching for available extensions in C:\Users\barua\OneDrive\Desktop\Gadify-Backend\
2025-03-12T14:12:09.679Z - info: Extensions location cache contains up to date information, skipping crawling in C:\Users\barua\OneDrive\Desktop\Gadify-Backend\
2025-03-12T14:12:09.748Z - info: Found 35 extension(s)
2025-03-12T14:12:09.773Z - debug: Writing extension locations cache to C:\Users\barua\AppData\Local\Temp\jsreport\core\locations.json
2025-03-12T14:12:09.774Z - debug: Discovered 35 extensions
2025-03-12T14:12:09.809Z - info: Using extension authentication@4.2.3
2025-03-12T14:12:09.963Z - debug: Extension authentication@4.2.3 was disabled
2025-03-12T14:12:09.964Z - info: Using extension base@4.0.0
2025-03-12T14:12:09.967Z - info: Using extension child-templates@4.1.0
2025-03-12T14:12:09.968Z - info: Using extension cli@4.1.0
2025-03-12T14:12:09.971Z - info: Using extension components@4.0.2
2025-03-12T14:12:09.973Z - info: Using extension data@4.1.0
2025-03-12T14:12:09.974Z - info: Using extension express@4.2.0
2025-03-12T14:12:10.208Z - info: Using extension freeze@4.0.0
2025-03-12T14:12:10.209Z - info: Using extension fs-store@4.1.0
2025-03-12T14:12:10.333Z - debug: Extension fs-store@4.1.0 was disabled
2025-03-12T14:12:10.334Z - info: Using extension handlebars@4.0.1
2025-03-12T14:12:10.335Z - info: Using extension import-export@4.0.6
2025-03-12T14:12:10.353Z - info: Using extension jsrender@4.0.0
2025-03-12T14:12:10.354Z - info: Using extension licensing@4.0.4
2025-03-12T14:12:10.387Z - info: Using extension localization@4.0.1
2025-03-12T14:12:10.389Z - info: Using extension npm@4.0.0
2025-03-12T14:12:10.394Z - info: Using extension pdf-utils@4.3.0
2025-03-12T14:12:10.396Z - info: Using extension reports@4.1.3
2025-03-12T14:12:10.398Z - info: Using extension tags@4.0.1
2025-03-12T14:12:10.400Z - info: Using extension text@4.0.2
2025-03-12T14:12:10.401Z - info: Using extension version-control@4.1.0
2025-03-12T14:12:10.412Z - info: Using extension assets@4.2.1
2025-03-12T14:12:10.425Z - info: Using extension authorization@4.1.0
2025-03-12T14:12:10.429Z - debug: Extension authorization@4.1.0 was disabled
2025-03-12T14:12:10.429Z - info: Using extension browser-client@4.1.0
2025-03-12T14:12:10.431Z - info: Using extension chrome-pdf@4.1.1
2025-03-12T14:12:10.434Z - debug: Chrome strategy is chrome-pool, numberOfWorkers: 1
2025-03-12T14:12:10.434Z - debug: Chrome custom launch options are protocolTimeout=60000
2025-03-12T14:12:10.435Z - info: Using extension docx@4.7.0
2025-03-12T14:12:10.437Z - info: Using extension html-to-xlsx@4.2.0
2025-03-12T14:12:10.633Z - info: html-to-xlsx detected chrome as available html engine
2025-03-12T14:12:10.633Z - info: Using extension pptx@4.4.0
2025-03-12T14:12:10.635Z - info: Using extension scheduling@4.1.0
2025-03-12T14:12:10.661Z - info: Using extension scripts@4.2.0
2025-03-12T14:12:10.662Z - info: Using extension static-pdf@4.1.0
2025-03-12T14:12:10.663Z - info: Using extension studio@4.3.0
2025-03-12T14:12:10.741Z - info: Using extension xlsx@4.4.0
2025-03-12T14:12:10.744Z - info: Using extension public-templates@4.0.0
2025-03-12T14:12:10.746Z - debug: Extension public-templates@4.0.0 was disabled
2025-03-12T14:12:10.746Z - info: Using extension sample-template@4.0.1
2025-03-12T14:12:10.748Z - info: Using extension studio-theme-dark@4.0.0
2025-03-12T14:12:10.750Z - info: Using general timeout for rendering (reportTimeout: 60000)
2025-03-12T14:12:10.750Z - info: Using memory provider for template store. The saved templates will be lost after restart
2025-03-12T14:12:10.761Z - debug: studio default theme is: light
2025-03-12T14:12:10.765Z - info: Creating default express app.
2025-03-12T14:12:10.782Z - info: jsreport server successfully started on http port: 5488
2025-03-12T14:12:10.784Z - info: Verifying license key free
2025-03-12T14:12:10.785Z - info: Using free license
2025-03-12T14:12:10.791Z - info: Migrating templates chrome settings (waitForNetworkIddle -> waitForNetworkIdle)
2025-03-12T14:12:10.792Z - info: Migration successful
2025-03-12T14:12:10.792Z - debug: Creating samples is disabled
2025-03-12T14:12:10.793Z - info: Initializing worker threads
2025-03-12T14:12:10.793Z - debug: Extensions in workers: base, child-templates, components, data, express, handlebars, jsrender, localization, npm, pdf-utils, reports, text, version-control, assets, browser-client, chrome-pdf, docx, html-to-xlsx, pptx, scripts, static-pdf, studio, xlsx
2025-03-12T14:12:11.364Z - info: 2 worker threads initialized in 571ms
2025-03-12T14:12:11.365Z - info: Starting temp files cleanup with 180000ms threshold
2025-03-12T14:12:11.366Z - info: reporter initialized
2025-03-12T14:14:13.423Z - info: Initializing jsreport (version: 4.8.0, configuration file: none, nodejs: 20.15.1)
2025-03-12T14:14:13.427Z - info: Searching for available extensions in C:\Users\barua\OneDrive\Desktop\Gadify-Backend\
2025-03-12T14:14:13.432Z - info: Extensions location cache contains up to date information, skipping crawling in C:\Users\barua\OneDrive\Desktop\Gadify-Backend\
2025-03-12T14:14:13.516Z - info: Found 35 extension(s)
2025-03-12T14:14:13.545Z - debug: Writing extension locations cache to C:\Users\barua\AppData\Local\Temp\jsreport\core\locations.json
2025-03-12T14:14:13.547Z - debug: Discovered 35 extensions
2025-03-12T14:14:13.586Z - info: Using extension authentication@4.2.3
2025-03-12T14:14:13.771Z - debug: Extension authentication@4.2.3 was disabled
2025-03-12T14:14:13.772Z - info: Using extension base@4.0.0
2025-03-12T14:14:13.776Z - info: Using extension child-templates@4.1.0
2025-03-12T14:14:13.779Z - info: Using extension cli@4.1.0
2025-03-12T14:14:13.783Z - info: Using extension components@4.0.2
2025-03-12T14:14:13.785Z - info: Using extension data@4.1.0
2025-03-12T14:14:13.786Z - info: Using extension express@4.2.0
2025-03-12T14:14:14.045Z - info: Using extension freeze@4.0.0
2025-03-12T14:14:14.047Z - info: Using extension fs-store@4.1.0
2025-03-12T14:14:14.211Z - debug: Extension fs-store@4.1.0 was disabled
2025-03-12T14:14:14.211Z - info: Using extension handlebars@4.0.1
2025-03-12T14:14:14.213Z - info: Using extension import-export@4.0.6
2025-03-12T14:14:14.230Z - info: Using extension jsrender@4.0.0
2025-03-12T14:14:14.232Z - info: Using extension licensing@4.0.4
2025-03-12T14:14:14.265Z - info: Using extension localization@4.0.1
2025-03-12T14:14:14.267Z - info: Using extension npm@4.0.0
2025-03-12T14:14:14.273Z - info: Using extension pdf-utils@4.3.0
2025-03-12T14:14:14.275Z - info: Using extension reports@4.1.3
2025-03-12T14:14:14.278Z - info: Using extension tags@4.0.1
2025-03-12T14:14:14.280Z - info: Using extension text@4.0.2
2025-03-12T14:14:14.282Z - info: Using extension version-control@4.1.0
2025-03-12T14:14:14.294Z - info: Using extension assets@4.2.1
2025-03-12T14:14:14.309Z - info: Using extension authorization@4.1.0
2025-03-12T14:14:14.314Z - debug: Extension authorization@4.1.0 was disabled
2025-03-12T14:14:14.314Z - info: Using extension browser-client@4.1.0
2025-03-12T14:14:14.316Z - info: Using extension chrome-pdf@4.1.1
2025-03-12T14:14:14.319Z - debug: Chrome strategy is chrome-pool, numberOfWorkers: 1
2025-03-12T14:14:14.319Z - debug: Chrome custom launch options are protocolTimeout=60000
2025-03-12T14:14:14.320Z - info: Using extension docx@4.7.0
2025-03-12T14:14:14.322Z - info: Using extension html-to-xlsx@4.2.0
2025-03-12T14:14:14.514Z - info: html-to-xlsx detected chrome as available html engine
2025-03-12T14:14:14.514Z - info: Using extension pptx@4.4.0
2025-03-12T14:14:14.517Z - info: Using extension scheduling@4.1.0
2025-03-12T14:14:14.541Z - info: Using extension scripts@4.2.0
2025-03-12T14:14:14.542Z - info: Using extension static-pdf@4.1.0
2025-03-12T14:14:14.543Z - info: Using extension studio@4.3.0
2025-03-12T14:14:14.611Z - info: Using extension xlsx@4.4.0
2025-03-12T14:14:14.613Z - info: Using extension public-templates@4.0.0
2025-03-12T14:14:14.614Z - debug: Extension public-templates@4.0.0 was disabled
2025-03-12T14:14:14.615Z - info: Using extension sample-template@4.0.1
2025-03-12T14:14:14.617Z - info: Using extension studio-theme-dark@4.0.0
2025-03-12T14:14:14.619Z - info: Using general timeout for rendering (reportTimeout: 60000)
2025-03-12T14:14:14.619Z - info: Using memory provider for template store. The saved templates will be lost after restart
2025-03-12T14:14:14.629Z - debug: studio default theme is: light
2025-03-12T14:14:14.633Z - info: Creating default express app.
2025-03-12T14:14:14.650Z - info: jsreport server successfully started on http port: 5488
2025-03-12T14:14:14.652Z - info: Verifying license key free
2025-03-12T14:14:14.653Z - info: Using free license
2025-03-12T14:14:14.658Z - info: Migrating templates chrome settings (waitForNetworkIddle -> waitForNetworkIdle)
2025-03-12T14:14:14.659Z - info: Migration successful
2025-03-12T14:14:14.660Z - debug: Creating samples is disabled
2025-03-12T14:14:14.661Z - info: Initializing worker threads
2025-03-12T14:14:14.661Z - debug: Extensions in workers: base, child-templates, components, data, express, handlebars, jsrender, localization, npm, pdf-utils, reports, text, version-control, assets, browser-client, chrome-pdf, docx, html-to-xlsx, pptx, scripts, static-pdf, studio, xlsx
2025-03-12T14:14:15.203Z - info: 2 worker threads initialized in 542ms
2025-03-12T14:14:15.203Z - info: Starting temp files cleanup with 180000ms threshold
2025-03-12T14:14:15.204Z - info: reporter initialized
2025-03-12T14:15:43.214Z - info: Initializing jsreport (version: 4.8.0, configuration file: none, nodejs: 20.15.1)
2025-03-12T14:15:43.218Z - info: Searching for available extensions in C:\Users\barua\OneDrive\Desktop\Gadify-Backend\
2025-03-12T14:15:43.222Z - info: Extensions location cache contains up to date information, skipping crawling in C:\Users\barua\OneDrive\Desktop\Gadify-Backend\
2025-03-12T14:15:43.289Z - info: Found 35 extension(s)
2025-03-12T14:15:43.314Z - debug: Writing extension locations cache to C:\Users\barua\AppData\Local\Temp\jsreport\core\locations.json
2025-03-12T14:15:43.315Z - debug: Discovered 35 extensions
2025-03-12T14:15:43.349Z - info: Using extension authentication@4.2.3
2025-03-12T14:15:43.509Z - debug: Extension authentication@4.2.3 was disabled
2025-03-12T14:15:43.509Z - info: Using extension base@4.0.0
2025-03-12T14:15:43.513Z - info: Using extension child-templates@4.1.0
2025-03-12T14:15:43.515Z - info: Using extension cli@4.1.0
2025-03-12T14:15:43.517Z - info: Using extension components@4.0.2
2025-03-12T14:15:43.518Z - info: Using extension data@4.1.0
2025-03-12T14:15:43.519Z - info: Using extension express@4.2.0
2025-03-12T14:15:43.757Z - info: Using extension freeze@4.0.0
2025-03-12T14:15:43.759Z - info: Using extension fs-store@4.1.0
2025-03-12T14:15:43.882Z - debug: Extension fs-store@4.1.0 was disabled
2025-03-12T14:15:43.882Z - info: Using extension handlebars@4.0.1
2025-03-12T14:15:43.884Z - info: Using extension import-export@4.0.6
2025-03-12T14:15:43.903Z - info: Using extension jsrender@4.0.0
2025-03-12T14:15:43.904Z - info: Using extension licensing@4.0.4
2025-03-12T14:15:43.942Z - info: Using extension localization@4.0.1
2025-03-12T14:15:43.943Z - info: Using extension npm@4.0.0
2025-03-12T14:15:43.948Z - info: Using extension pdf-utils@4.3.0
2025-03-12T14:15:43.950Z - info: Using extension reports@4.1.3
2025-03-12T14:15:43.953Z - info: Using extension tags@4.0.1
2025-03-12T14:15:43.955Z - info: Using extension text@4.0.2
2025-03-12T14:15:43.956Z - info: Using extension version-control@4.1.0
2025-03-12T14:15:43.968Z - info: Using extension assets@4.2.1
2025-03-12T14:15:43.982Z - info: Using extension authorization@4.1.0
2025-03-12T14:15:43.986Z - debug: Extension authorization@4.1.0 was disabled
2025-03-12T14:15:43.987Z - info: Using extension browser-client@4.1.0
2025-03-12T14:15:43.989Z - info: Using extension chrome-pdf@4.1.1
2025-03-12T14:15:43.992Z - debug: Chrome strategy is chrome-pool, numberOfWorkers: 1
2025-03-12T14:15:43.993Z - debug: Chrome custom launch options are protocolTimeout=60000
2025-03-12T14:15:43.994Z - info: Using extension docx@4.7.0
2025-03-12T14:15:43.996Z - info: Using extension html-to-xlsx@4.2.0
2025-03-12T14:15:44.189Z - info: html-to-xlsx detected chrome as available html engine
2025-03-12T14:15:44.190Z - info: Using extension pptx@4.4.0
2025-03-12T14:15:44.192Z - info: Using extension scheduling@4.1.0
2025-03-12T14:15:44.215Z - info: Using extension scripts@4.2.0
2025-03-12T14:15:44.217Z - info: Using extension static-pdf@4.1.0
2025-03-12T14:15:44.218Z - info: Using extension studio@4.3.0
2025-03-12T14:15:44.286Z - info: Using extension xlsx@4.4.0
2025-03-12T14:15:44.288Z - info: Using extension public-templates@4.0.0
2025-03-12T14:15:44.289Z - debug: Extension public-templates@4.0.0 was disabled
2025-03-12T14:15:44.290Z - info: Using extension sample-template@4.0.1
2025-03-12T14:15:44.291Z - info: Using extension studio-theme-dark@4.0.0
2025-03-12T14:15:44.293Z - info: Using general timeout for rendering (reportTimeout: 60000)
2025-03-12T14:15:44.293Z - info: Using memory provider for template store. The saved templates will be lost after restart
2025-03-12T14:15:44.303Z - debug: studio default theme is: light
2025-03-12T14:15:44.307Z - info: Creating default express app.
2025-03-12T14:15:44.325Z - info: jsreport server successfully started on http port: 5488
2025-03-12T14:15:44.327Z - info: Verifying license key free
2025-03-12T14:15:44.328Z - info: Using free license
2025-03-12T14:15:44.334Z - info: Migrating templates chrome settings (waitForNetworkIddle -> waitForNetworkIdle)
2025-03-12T14:15:44.335Z - info: Migration successful
2025-03-12T14:15:44.336Z - debug: Creating samples is disabled
2025-03-12T14:15:44.336Z - info: Initializing worker threads
2025-03-12T14:15:44.336Z - debug: Extensions in workers: base, child-templates, components, data, express, handlebars, jsrender, localization, npm, pdf-utils, reports, text, version-control, assets, browser-client, chrome-pdf, docx, html-to-xlsx, pptx, scripts, static-pdf, studio, xlsx
2025-03-12T14:15:44.878Z - info: 2 worker threads initialized in 542ms
2025-03-12T14:15:44.878Z - info: Starting temp files cleanup with 180000ms threshold
2025-03-12T14:15:44.879Z - info: reporter initialized
2025-03-12T14:16:30.482Z - info: Initializing jsreport (version: 4.8.0, configuration file: none, nodejs: 20.15.1)
2025-03-12T14:16:30.485Z - info: Searching for available extensions in C:\Users\barua\OneDrive\Desktop\Gadify-Backend\
2025-03-12T14:16:30.489Z - info: Extensions location cache contains up to date information, skipping crawling in C:\Users\barua\OneDrive\Desktop\Gadify-Backend\
2025-03-12T14:16:30.556Z - info: Found 35 extension(s)
2025-03-12T14:16:30.584Z - debug: Writing extension locations cache to C:\Users\barua\AppData\Local\Temp\jsreport\core\locations.json
2025-03-12T14:16:30.586Z - debug: Discovered 35 extensions
2025-03-12T14:16:30.625Z - info: Using extension authentication@4.2.3
2025-03-12T14:16:30.828Z - debug: Extension authentication@4.2.3 was disabled
2025-03-12T14:16:30.829Z - info: Using extension base@4.0.0
2025-03-12T14:16:30.832Z - info: Using extension child-templates@4.1.0
2025-03-12T14:16:30.834Z - info: Using extension cli@4.1.0
2025-03-12T14:16:30.836Z - info: Using extension components@4.0.2
2025-03-12T14:16:30.838Z - info: Using extension data@4.1.0
2025-03-12T14:16:30.840Z - info: Using extension express@4.2.0
2025-03-12T14:16:31.175Z - info: Using extension freeze@4.0.0
2025-03-12T14:16:31.178Z - info: Using extension fs-store@4.1.0
2025-03-12T14:16:31.317Z - debug: Extension fs-store@4.1.0 was disabled
2025-03-12T14:16:31.318Z - info: Using extension handlebars@4.0.1
2025-03-12T14:16:31.320Z - info: Using extension import-export@4.0.6
2025-03-12T14:16:31.338Z - info: Using extension jsrender@4.0.0
2025-03-12T14:16:31.340Z - info: Using extension licensing@4.0.4
2025-03-12T14:16:31.376Z - info: Using extension localization@4.0.1
2025-03-12T14:16:31.378Z - info: Using extension npm@4.0.0
2025-03-12T14:16:31.384Z - info: Using extension pdf-utils@4.3.0
2025-03-12T14:16:31.386Z - info: Using extension reports@4.1.3
2025-03-12T14:16:31.388Z - info: Using extension tags@4.0.1
2025-03-12T14:16:31.389Z - info: Using extension text@4.0.2
2025-03-12T14:16:31.390Z - info: Using extension version-control@4.1.0
2025-03-12T14:16:31.402Z - info: Using extension assets@4.2.1
2025-03-12T14:16:31.416Z - info: Using extension authorization@4.1.0
2025-03-12T14:16:31.420Z - debug: Extension authorization@4.1.0 was disabled
2025-03-12T14:16:31.420Z - info: Using extension browser-client@4.1.0
2025-03-12T14:16:31.422Z - info: Using extension chrome-pdf@4.1.1
2025-03-12T14:16:31.425Z - debug: Chrome strategy is chrome-pool, numberOfWorkers: 1
2025-03-12T14:16:31.426Z - debug: Chrome custom launch options are protocolTimeout=60000
2025-03-12T14:16:31.427Z - info: Using extension docx@4.7.0
2025-03-12T14:16:31.429Z - info: Using extension html-to-xlsx@4.2.0
2025-03-12T14:16:31.631Z - info: html-to-xlsx detected chrome as available html engine
2025-03-12T14:16:31.632Z - info: Using extension pptx@4.4.0
2025-03-12T14:16:31.634Z - info: Using extension scheduling@4.1.0
2025-03-12T14:16:31.659Z - info: Using extension scripts@4.2.0
2025-03-12T14:16:31.660Z - info: Using extension static-pdf@4.1.0
2025-03-12T14:16:31.661Z - info: Using extension studio@4.3.0
2025-03-12T14:16:31.738Z - info: Using extension xlsx@4.4.0
2025-03-12T14:16:31.741Z - info: Using extension public-templates@4.0.0
2025-03-12T14:16:31.742Z - debug: Extension public-templates@4.0.0 was disabled
2025-03-12T14:16:31.742Z - info: Using extension sample-template@4.0.1
2025-03-12T14:16:31.744Z - info: Using extension studio-theme-dark@4.0.0
2025-03-12T14:16:31.746Z - info: Using general timeout for rendering (reportTimeout: 60000)
2025-03-12T14:16:31.747Z - info: Using memory provider for template store. The saved templates will be lost after restart
2025-03-12T14:16:31.758Z - debug: studio default theme is: light
2025-03-12T14:16:31.762Z - info: Creating default express app.
2025-03-12T14:16:31.781Z - info: jsreport server successfully started on http port: 5488
2025-03-12T14:16:31.782Z - info: Verifying license key free
2025-03-12T14:16:31.783Z - info: Using free license
2025-03-12T14:16:31.788Z - info: Migrating templates chrome settings (waitForNetworkIddle -> waitForNetworkIdle)
2025-03-12T14:16:31.790Z - info: Migration successful
2025-03-12T14:16:31.791Z - debug: Creating samples is disabled
2025-03-12T14:16:31.791Z - info: Initializing worker threads
2025-03-12T14:16:31.792Z - debug: Extensions in workers: base, child-templates, components, data, express, handlebars, jsrender, localization, npm, pdf-utils, reports, text, version-control, assets, browser-client, chrome-pdf, docx, html-to-xlsx, pptx, scripts, static-pdf, studio, xlsx
2025-03-12T14:16:35.884Z - info: Initializing jsreport (version: 4.8.0, configuration file: none, nodejs: 20.15.1)
2025-03-12T14:16:35.887Z - info: Searching for available extensions in C:\Users\barua\OneDrive\Desktop\Gadify-Backend\
2025-03-12T14:16:35.891Z - info: Extensions location cache contains up to date information, skipping crawling in C:\Users\barua\OneDrive\Desktop\Gadify-Backend\
2025-03-12T14:16:35.957Z - info: Found 35 extension(s)
2025-03-12T14:16:35.982Z - debug: Writing extension locations cache to C:\Users\barua\AppData\Local\Temp\jsreport\core\locations.json
2025-03-12T14:16:35.984Z - debug: Discovered 35 extensions
2025-03-12T14:16:36.019Z - info: Using extension authentication@4.2.3
2025-03-12T14:16:36.173Z - debug: Extension authentication@4.2.3 was disabled
2025-03-12T14:16:36.173Z - info: Using extension base@4.0.0
2025-03-12T14:16:36.176Z - info: Using extension child-templates@4.1.0
2025-03-12T14:16:36.177Z - info: Using extension cli@4.1.0
2025-03-12T14:16:36.180Z - info: Using extension components@4.0.2
2025-03-12T14:16:36.181Z - info: Using extension data@4.1.0
2025-03-12T14:16:36.182Z - info: Using extension express@4.2.0
2025-03-12T14:16:36.436Z - info: Using extension freeze@4.0.0
2025-03-12T14:16:36.438Z - info: Using extension fs-store@4.1.0
2025-03-12T14:16:36.571Z - debug: Extension fs-store@4.1.0 was disabled
2025-03-12T14:16:36.572Z - info: Using extension handlebars@4.0.1
2025-03-12T14:16:36.573Z - info: Using extension import-export@4.0.6
2025-03-12T14:16:36.591Z - info: Using extension jsrender@4.0.0
2025-03-12T14:16:36.592Z - info: Using extension licensing@4.0.4
2025-03-12T14:16:36.627Z - info: Using extension localization@4.0.1
2025-03-12T14:16:36.629Z - info: Using extension npm@4.0.0
2025-03-12T14:16:36.635Z - info: Using extension pdf-utils@4.3.0
2025-03-12T14:16:36.636Z - info: Using extension reports@4.1.3
2025-03-12T14:16:36.639Z - info: Using extension tags@4.0.1
2025-03-12T14:16:36.641Z - info: Using extension text@4.0.2
2025-03-12T14:16:36.642Z - info: Using extension version-control@4.1.0
2025-03-12T14:16:36.654Z - info: Using extension assets@4.2.1
2025-03-12T14:16:36.668Z - info: Using extension authorization@4.1.0
2025-03-12T14:16:36.672Z - debug: Extension authorization@4.1.0 was disabled
2025-03-12T14:16:36.672Z - info: Using extension browser-client@4.1.0
2025-03-12T14:16:36.674Z - info: Using extension chrome-pdf@4.1.1
2025-03-12T14:16:36.677Z - debug: Chrome strategy is chrome-pool, numberOfWorkers: 1
2025-03-12T14:16:36.678Z - debug: Chrome custom launch options are protocolTimeout=60000
2025-03-12T14:16:36.678Z - info: Using extension docx@4.7.0
2025-03-12T14:16:36.680Z - info: Using extension html-to-xlsx@4.2.0
2025-03-12T14:16:36.864Z - info: html-to-xlsx detected chrome as available html engine
2025-03-12T14:16:36.864Z - info: Using extension pptx@4.4.0
2025-03-12T14:16:36.866Z - info: Using extension scheduling@4.1.0
2025-03-12T14:16:36.888Z - info: Using extension scripts@4.2.0
2025-03-12T14:16:36.889Z - info: Using extension static-pdf@4.1.0
2025-03-12T14:16:36.890Z - info: Using extension studio@4.3.0
2025-03-12T14:16:36.954Z - info: Using extension xlsx@4.4.0
2025-03-12T14:16:36.957Z - info: Using extension public-templates@4.0.0
2025-03-12T14:16:36.958Z - debug: Extension public-templates@4.0.0 was disabled
2025-03-12T14:16:36.958Z - info: Using extension sample-template@4.0.1
2025-03-12T14:16:36.960Z - info: Using extension studio-theme-dark@4.0.0
2025-03-12T14:16:36.961Z - info: Using general timeout for rendering (reportTimeout: 60000)
2025-03-12T14:16:36.961Z - info: Using memory provider for template store. The saved templates will be lost after restart
2025-03-12T14:16:36.971Z - debug: studio default theme is: light
2025-03-12T14:16:36.975Z - info: Creating default express app.
2025-03-12T14:16:36.992Z - info: jsreport server successfully started on http port: 5488
2025-03-12T14:16:36.994Z - info: Verifying license key free
2025-03-12T14:16:36.995Z - info: Using free license
2025-03-12T14:16:37.001Z - info: Migrating templates chrome settings (waitForNetworkIddle -> waitForNetworkIdle)
2025-03-12T14:16:37.002Z - info: Migration successful
2025-03-12T14:16:37.003Z - debug: Creating samples is disabled
2025-03-12T14:16:37.003Z - info: Initializing worker threads
2025-03-12T14:16:37.004Z - debug: Extensions in workers: base, child-templates, components, data, express, handlebars, jsrender, localization, npm, pdf-utils, reports, text, version-control, assets, browser-client, chrome-pdf, docx, html-to-xlsx, pptx, scripts, static-pdf, studio, xlsx
2025-03-12T14:16:37.539Z - info: 2 worker threads initialized in 536ms
2025-03-12T14:16:37.540Z - info: Starting temp files cleanup with 180000ms threshold
2025-03-12T14:16:37.541Z - info: reporter initialized
2025-03-12T14:17:18.086Z - info: Initializing jsreport (version: 4.8.0, configuration file: none, nodejs: 20.15.1)
2025-03-12T14:17:18.089Z - info: Searching for available extensions in C:\Users\barua\OneDrive\Desktop\Gadify-Backend\
2025-03-12T14:17:18.094Z - info: Extensions location cache contains up to date information, skipping crawling in C:\Users\barua\OneDrive\Desktop\Gadify-Backend\
2025-03-12T14:17:18.162Z - info: Found 35 extension(s)
2025-03-12T14:17:18.196Z - debug: Writing extension locations cache to C:\Users\barua\AppData\Local\Temp\jsreport\core\locations.json
2025-03-12T14:17:18.197Z - debug: Discovered 35 extensions
2025-03-12T14:17:18.237Z - info: Using extension authentication@4.2.3
2025-03-12T14:17:18.393Z - debug: Extension authentication@4.2.3 was disabled
2025-03-12T14:17:18.393Z - info: Using extension base@4.0.0
2025-03-12T14:17:18.396Z - info: Using extension child-templates@4.1.0
2025-03-12T14:17:18.397Z - info: Using extension cli@4.1.0
2025-03-12T14:17:18.400Z - info: Using extension components@4.0.2
2025-03-12T14:17:18.401Z - info: Using extension data@4.1.0
2025-03-12T14:17:18.402Z - info: Using extension express@4.2.0
2025-03-12T14:17:18.637Z - info: Using extension freeze@4.0.0
2025-03-12T14:17:18.638Z - info: Using extension fs-store@4.1.0
2025-03-12T14:17:18.762Z - debug: Extension fs-store@4.1.0 was disabled
2025-03-12T14:17:18.763Z - info: Using extension handlebars@4.0.1
2025-03-12T14:17:18.765Z - info: Using extension import-export@4.0.6
2025-03-12T14:17:18.785Z - info: Using extension jsrender@4.0.0
2025-03-12T14:17:18.786Z - info: Using extension licensing@4.0.4
2025-03-12T14:17:18.822Z - info: Using extension localization@4.0.1
2025-03-12T14:17:18.823Z - info: Using extension npm@4.0.0
2025-03-12T14:17:23.545Z - info: Initializing jsreport (version: 4.8.0, configuration file: none, nodejs: 20.15.1)
2025-03-12T14:17:23.547Z - info: Searching for available extensions in C:\Users\barua\OneDrive\Desktop\Gadify-Backend\
2025-03-12T14:17:23.551Z - info: Extensions location cache contains up to date information, skipping crawling in C:\Users\barua\OneDrive\Desktop\Gadify-Backend\
2025-03-12T14:17:23.617Z - info: Found 35 extension(s)
2025-03-12T14:17:23.644Z - debug: Writing extension locations cache to C:\Users\barua\AppData\Local\Temp\jsreport\core\locations.json
2025-03-12T14:17:23.645Z - debug: Discovered 35 extensions
2025-03-12T14:17:23.681Z - info: Using extension authentication@4.2.3
2025-03-12T14:17:23.837Z - debug: Extension authentication@4.2.3 was disabled
2025-03-12T14:17:23.838Z - info: Using extension base@4.0.0
2025-03-12T14:17:23.841Z - info: Using extension child-templates@4.1.0
2025-03-12T14:17:23.843Z - info: Using extension cli@4.1.0
2025-03-12T14:17:23.845Z - info: Using extension components@4.0.2
2025-03-12T14:17:23.847Z - info: Using extension data@4.1.0
2025-03-12T14:17:23.848Z - info: Using extension express@4.2.0
2025-03-12T14:17:24.079Z - info: Using extension freeze@4.0.0
2025-03-12T14:17:24.080Z - info: Using extension fs-store@4.1.0
2025-03-12T14:17:24.200Z - debug: Extension fs-store@4.1.0 was disabled
2025-03-12T14:17:24.200Z - info: Using extension handlebars@4.0.1
2025-03-12T14:17:24.202Z - info: Using extension import-export@4.0.6
2025-03-12T14:17:24.218Z - info: Using extension jsrender@4.0.0
2025-03-12T14:17:24.220Z - info: Using extension licensing@4.0.4
2025-03-12T14:17:24.253Z - info: Using extension localization@4.0.1
2025-03-12T14:17:24.254Z - info: Using extension npm@4.0.0
2025-03-12T14:17:24.259Z - info: Using extension pdf-utils@4.3.0
2025-03-12T14:17:24.261Z - info: Using extension reports@4.1.3
2025-03-12T14:17:24.263Z - info: Using extension tags@4.0.1
2025-03-12T14:17:24.265Z - info: Using extension text@4.0.2
2025-03-12T14:17:24.266Z - info: Using extension version-control@4.1.0
2025-03-12T14:17:24.277Z - info: Using extension assets@4.2.1
2025-03-12T14:17:24.290Z - info: Using extension authorization@4.1.0
2025-03-12T14:17:24.294Z - debug: Extension authorization@4.1.0 was disabled
2025-03-12T14:17:24.294Z - info: Using extension browser-client@4.1.0
2025-03-12T14:17:24.297Z - info: Using extension chrome-pdf@4.1.1
2025-03-12T14:17:24.299Z - debug: Chrome strategy is chrome-pool, numberOfWorkers: 1
2025-03-12T14:17:24.300Z - debug: Chrome custom launch options are protocolTimeout=60000
2025-03-12T14:17:24.300Z - info: Using extension docx@4.7.0
2025-03-12T14:17:24.302Z - info: Using extension html-to-xlsx@4.2.0
2025-03-12T14:17:24.484Z - info: html-to-xlsx detected chrome as available html engine
2025-03-12T14:17:24.485Z - info: Using extension pptx@4.4.0
2025-03-12T14:17:24.487Z - info: Using extension scheduling@4.1.0
2025-03-12T14:17:24.508Z - info: Using extension scripts@4.2.0
2025-03-12T14:17:24.509Z - info: Using extension static-pdf@4.1.0
2025-03-12T14:17:24.510Z - info: Using extension studio@4.3.0
2025-03-12T14:17:24.576Z - info: Using extension xlsx@4.4.0
2025-03-12T14:17:24.578Z - info: Using extension public-templates@4.0.0
2025-03-12T14:17:24.579Z - debug: Extension public-templates@4.0.0 was disabled
2025-03-12T14:17:24.580Z - info: Using extension sample-template@4.0.1
2025-03-12T14:17:24.581Z - info: Using extension studio-theme-dark@4.0.0
2025-03-12T14:17:24.583Z - info: Using general timeout for rendering (reportTimeout: 60000)
2025-03-12T14:17:24.584Z - info: Using memory provider for template store. The saved templates will be lost after restart
2025-03-12T14:17:24.594Z - debug: studio default theme is: light
2025-03-12T14:17:24.598Z - info: Creating default express app.
2025-03-12T14:17:24.615Z - info: jsreport server successfully started on http port: 5488
2025-03-12T14:17:24.616Z - info: Verifying license key free
2025-03-12T14:17:24.617Z - info: Using free license
2025-03-12T14:17:24.623Z - info: Migrating templates chrome settings (waitForNetworkIddle -> waitForNetworkIdle)
2025-03-12T14:17:24.624Z - info: Migration successful
2025-03-12T14:17:24.625Z - debug: Creating samples is disabled
2025-03-12T14:17:24.625Z - info: Initializing worker threads
2025-03-12T14:17:24.626Z - debug: Extensions in workers: base, child-templates, components, data, express, handlebars, jsrender, localization, npm, pdf-utils, reports, text, version-control, assets, browser-client, chrome-pdf, docx, html-to-xlsx, pptx, scripts, static-pdf, studio, xlsx
2025-03-12T14:17:25.188Z - info: 2 worker threads initialized in 563ms
2025-03-12T14:17:25.189Z - info: Starting temp files cleanup with 180000ms threshold
2025-03-12T14:17:25.189Z - info: reporter initialized
2025-03-12T14:17:30.698Z - info: Initializing jsreport (version: 4.8.0, configuration file: none, nodejs: 20.15.1)
2025-03-12T14:17:30.701Z - info: Searching for available extensions in C:\Users\barua\OneDrive\Desktop\Gadify-Backend\
2025-03-12T14:17:30.705Z - info: Extensions location cache contains up to date information, skipping crawling in C:\Users\barua\OneDrive\Desktop\Gadify-Backend\
2025-03-12T14:17:30.774Z - info: Found 35 extension(s)
2025-03-12T14:17:30.801Z - debug: Writing extension locations cache to C:\Users\barua\AppData\Local\Temp\jsreport\core\locations.json
2025-03-12T14:17:30.802Z - debug: Discovered 35 extensions
2025-03-12T14:17:30.837Z - info: Using extension authentication@4.2.3
2025-03-12T14:17:30.993Z - debug: Extension authentication@4.2.3 was disabled
2025-03-12T14:17:30.994Z - info: Using extension base@4.0.0
2025-03-12T14:17:30.997Z - info: Using extension child-templates@4.1.0
2025-03-12T14:17:30.998Z - info: Using extension cli@4.1.0
2025-03-12T14:17:31.001Z - info: Using extension components@4.0.2
2025-03-12T14:17:31.002Z - info: Using extension data@4.1.0
2025-03-12T14:17:31.003Z - info: Using extension express@4.2.0
2025-03-12T14:17:31.236Z - info: Using extension freeze@4.0.0
2025-03-12T14:17:31.238Z - info: Using extension fs-store@4.1.0
2025-03-12T14:17:31.358Z - debug: Extension fs-store@4.1.0 was disabled
2025-03-12T14:17:31.358Z - info: Using extension handlebars@4.0.1
2025-03-12T14:17:31.360Z - info: Using extension import-export@4.0.6
2025-03-12T14:17:31.377Z - info: Using extension jsrender@4.0.0
2025-03-12T14:17:31.378Z - info: Using extension licensing@4.0.4
2025-03-12T14:17:31.412Z - info: Using extension localization@4.0.1
2025-03-12T14:17:31.413Z - info: Using extension npm@4.0.0
2025-03-12T14:17:31.419Z - info: Using extension pdf-utils@4.3.0
2025-03-12T14:17:31.421Z - info: Using extension reports@4.1.3
2025-03-12T14:17:31.424Z - info: Using extension tags@4.0.1
2025-03-12T14:17:31.426Z - info: Using extension text@4.0.2
2025-03-12T14:17:31.427Z - info: Using extension version-control@4.1.0
2025-03-12T14:17:31.440Z - info: Using extension assets@4.2.1
2025-03-12T14:17:31.453Z - info: Using extension authorization@4.1.0
2025-03-12T14:17:31.457Z - debug: Extension authorization@4.1.0 was disabled
2025-03-12T14:17:31.457Z - info: Using extension browser-client@4.1.0
2025-03-12T14:17:31.460Z - info: Using extension chrome-pdf@4.1.1
2025-03-12T14:17:31.463Z - debug: Chrome strategy is chrome-pool, numberOfWorkers: 1
2025-03-12T14:17:31.463Z - debug: Chrome custom launch options are protocolTimeout=60000
2025-03-12T14:17:31.464Z - info: Using extension docx@4.7.0
2025-03-12T14:17:31.466Z - info: Using extension html-to-xlsx@4.2.0
2025-03-12T14:17:31.673Z - info: html-to-xlsx detected chrome as available html engine
2025-03-12T14:17:31.673Z - info: Using extension pptx@4.4.0
2025-03-12T14:17:31.675Z - info: Using extension scheduling@4.1.0
2025-03-12T14:17:31.696Z - info: Using extension scripts@4.2.0
2025-03-12T14:17:31.697Z - info: Using extension static-pdf@4.1.0
2025-03-12T14:17:31.698Z - info: Using extension studio@4.3.0
2025-03-12T14:17:31.764Z - info: Using extension xlsx@4.4.0
2025-03-12T14:17:31.766Z - info: Using extension public-templates@4.0.0
2025-03-12T14:17:31.767Z - debug: Extension public-templates@4.0.0 was disabled
2025-03-12T14:17:31.768Z - info: Using extension sample-template@4.0.1
2025-03-12T14:17:31.769Z - info: Using extension studio-theme-dark@4.0.0
2025-03-12T14:17:31.770Z - info: Using general timeout for rendering (reportTimeout: 60000)
2025-03-12T14:17:31.771Z - info: Using memory provider for template store. The saved templates will be lost after restart
2025-03-12T14:17:31.781Z - debug: studio default theme is: light
2025-03-12T14:17:31.785Z - info: Creating default express app.
2025-03-12T14:17:31.801Z - info: jsreport server successfully started on http port: 5488
2025-03-12T14:17:31.803Z - info: Verifying license key free
2025-03-12T14:17:31.803Z - info: Using free license
2025-03-12T14:17:31.809Z - info: Migrating templates chrome settings (waitForNetworkIddle -> waitForNetworkIdle)
2025-03-12T14:17:31.810Z - info: Migration successful
2025-03-12T14:17:31.810Z - debug: Creating samples is disabled
2025-03-12T14:17:31.811Z - info: Initializing worker threads
2025-03-12T14:17:31.811Z - debug: Extensions in workers: base, child-templates, components, data, express, handlebars, jsrender, localization, npm, pdf-utils, reports, text, version-control, assets, browser-client, chrome-pdf, docx, html-to-xlsx, pptx, scripts, static-pdf, studio, xlsx
2025-03-12T14:17:32.349Z - info: 2 worker threads initialized in 538ms
2025-03-12T14:17:32.350Z - info: Starting temp files cleanup with 180000ms threshold
2025-03-12T14:17:32.350Z - info: reporter initialized
2025-03-12T14:17:41.359Z - info: Initializing jsreport (version: 4.8.0, configuration file: none, nodejs: 20.15.1)
2025-03-12T14:17:41.362Z - info: Searching for available extensions in C:\Users\barua\OneDrive\Desktop\Gadify-Backend\
2025-03-12T14:17:41.366Z - info: Extensions location cache contains up to date information, skipping crawling in C:\Users\barua\OneDrive\Desktop\Gadify-Backend\
2025-03-12T14:17:41.439Z - info: Found 35 extension(s)
2025-03-12T14:17:41.468Z - debug: Writing extension locations cache to C:\Users\barua\AppData\Local\Temp\jsreport\core\locations.json
2025-03-12T14:17:41.469Z - debug: Discovered 35 extensions
2025-03-12T14:17:41.504Z - info: Using extension authentication@4.2.3
2025-03-12T14:17:41.660Z - debug: Extension authentication@4.2.3 was disabled
2025-03-12T14:17:41.661Z - info: Using extension base@4.0.0
2025-03-12T14:17:41.664Z - info: Using extension child-templates@4.1.0
2025-03-12T14:17:41.665Z - info: Using extension cli@4.1.0
2025-03-12T14:17:41.668Z - info: Using extension components@4.0.2
2025-03-12T14:17:41.669Z - info: Using extension data@4.1.0
2025-03-12T14:17:41.670Z - info: Using extension express@4.2.0
2025-03-12T14:17:41.897Z - info: Using extension freeze@4.0.0
2025-03-12T14:17:41.899Z - info: Using extension fs-store@4.1.0
2025-03-12T14:17:42.017Z - debug: Extension fs-store@4.1.0 was disabled
2025-03-12T14:17:42.017Z - info: Using extension handlebars@4.0.1
2025-03-12T14:17:42.019Z - info: Using extension import-export@4.0.6
2025-03-12T14:17:42.036Z - info: Using extension jsrender@4.0.0
2025-03-12T14:17:42.037Z - info: Using extension licensing@4.0.4
2025-03-12T14:17:42.070Z - info: Using extension localization@4.0.1
2025-03-12T14:17:42.072Z - info: Using extension npm@4.0.0
2025-03-12T14:17:42.077Z - info: Using extension pdf-utils@4.3.0
2025-03-12T14:17:42.078Z - info: Using extension reports@4.1.3
2025-03-12T14:17:42.081Z - info: Using extension tags@4.0.1
2025-03-12T14:17:42.083Z - info: Using extension text@4.0.2
2025-03-12T14:17:42.084Z - info: Using extension version-control@4.1.0
2025-03-12T14:17:42.095Z - info: Using extension assets@4.2.1
2025-03-12T14:17:42.109Z - info: Using extension authorization@4.1.0
2025-03-12T14:17:42.113Z - debug: Extension authorization@4.1.0 was disabled
2025-03-12T14:17:42.114Z - info: Using extension browser-client@4.1.0
2025-03-12T14:17:42.116Z - info: Using extension chrome-pdf@4.1.1
2025-03-12T14:17:42.118Z - debug: Chrome strategy is chrome-pool, numberOfWorkers: 1
2025-03-12T14:17:42.119Z - debug: Chrome custom launch options are protocolTimeout=60000
2025-03-12T14:17:42.119Z - info: Using extension docx@4.7.0
2025-03-12T14:17:42.121Z - info: Using extension html-to-xlsx@4.2.0
2025-03-12T14:17:42.334Z - info: html-to-xlsx detected chrome as available html engine
2025-03-12T14:17:42.335Z - info: Using extension pptx@4.4.0
2025-03-12T14:17:42.337Z - info: Using extension scheduling@4.1.0
2025-03-12T14:17:42.359Z - info: Using extension scripts@4.2.0
2025-03-12T14:17:42.360Z - info: Using extension static-pdf@4.1.0
2025-03-12T14:17:42.361Z - info: Using extension studio@4.3.0
2025-03-12T14:17:42.429Z - info: Using extension xlsx@4.4.0
2025-03-12T14:17:42.432Z - info: Using extension public-templates@4.0.0
2025-03-12T14:17:42.433Z - debug: Extension public-templates@4.0.0 was disabled
2025-03-12T14:17:42.434Z - info: Using extension sample-template@4.0.1
2025-03-12T14:17:42.436Z - info: Using extension studio-theme-dark@4.0.0
2025-03-12T14:17:42.437Z - info: Using general timeout for rendering (reportTimeout: 60000)
2025-03-12T14:17:42.438Z - info: Using memory provider for template store. The saved templates will be lost after restart
2025-03-12T14:17:42.448Z - debug: studio default theme is: light
2025-03-12T14:17:42.452Z - info: Creating default express app.
2025-03-12T14:17:42.470Z - info: jsreport server successfully started on http port: 5488
2025-03-12T14:17:42.472Z - info: Verifying license key free
2025-03-12T14:17:42.473Z - info: Using free license
2025-03-12T14:17:42.479Z - info: Migrating templates chrome settings (waitForNetworkIddle -> waitForNetworkIdle)
2025-03-12T14:17:42.480Z - info: Migration successful
2025-03-12T14:17:42.481Z - debug: Creating samples is disabled
2025-03-12T14:17:42.482Z - info: Initializing worker threads
2025-03-12T14:17:42.482Z - debug: Extensions in workers: base, child-templates, components, data, express, handlebars, jsrender, localization, npm, pdf-utils, reports, text, version-control, assets, browser-client, chrome-pdf, docx, html-to-xlsx, pptx, scripts, static-pdf, studio, xlsx
2025-03-12T14:17:43.075Z - info: 2 worker threads initialized in 593ms
2025-03-12T14:17:43.075Z - info: Starting temp files cleanup with 180000ms threshold
2025-03-12T14:17:43.076Z - info: reporter initialized
2025-03-12T14:17:48.578Z - info: Initializing jsreport (version: 4.8.0, configuration file: none, nodejs: 20.15.1)
2025-03-12T14:17:48.581Z - info: Searching for available extensions in C:\Users\barua\OneDrive\Desktop\Gadify-Backend\
2025-03-12T14:17:48.586Z - info: Extensions location cache contains up to date information, skipping crawling in C:\Users\barua\OneDrive\Desktop\Gadify-Backend\
2025-03-12T14:17:48.656Z - info: Found 35 extension(s)
2025-03-12T14:17:48.682Z - debug: Writing extension locations cache to C:\Users\barua\AppData\Local\Temp\jsreport\core\locations.json
2025-03-12T14:17:48.684Z - debug: Discovered 35 extensions
2025-03-12T14:17:48.727Z - info: Using extension authentication@4.2.3
2025-03-12T14:17:48.911Z - debug: Extension authentication@4.2.3 was disabled
2025-03-12T14:17:48.912Z - info: Using extension base@4.0.0
2025-03-12T14:17:48.915Z - info: Using extension child-templates@4.1.0
2025-03-12T14:17:48.916Z - info: Using extension cli@4.1.0
2025-03-12T14:17:48.919Z - info: Using extension components@4.0.2
2025-03-12T14:17:48.920Z - info: Using extension data@4.1.0
2025-03-12T14:17:48.921Z - info: Using extension express@4.2.0
2025-03-12T14:17:49.165Z - info: Using extension freeze@4.0.0
2025-03-12T14:17:49.167Z - info: Using extension fs-store@4.1.0
2025-03-12T14:17:49.286Z - debug: Extension fs-store@4.1.0 was disabled
2025-03-12T14:17:49.286Z - info: Using extension handlebars@4.0.1
2025-03-12T14:17:49.288Z - info: Using extension import-export@4.0.6
2025-03-12T14:17:49.305Z - info: Using extension jsrender@4.0.0
2025-03-12T14:17:49.306Z - info: Using extension licensing@4.0.4
2025-03-12T14:17:49.340Z - info: Using extension localization@4.0.1
2025-03-12T14:17:49.341Z - info: Using extension npm@4.0.0
2025-03-12T14:17:49.346Z - info: Using extension pdf-utils@4.3.0
2025-03-12T14:17:57.681Z - info: Initializing jsreport (version: 4.8.0, configuration file: none, nodejs: 20.15.1)
2025-03-12T14:17:57.684Z - info: Searching for available extensions in C:\Users\barua\OneDrive\Desktop\Gadify-Backend\
2025-03-12T14:17:57.689Z - info: Extensions location cache contains up to date information, skipping crawling in C:\Users\barua\OneDrive\Desktop\Gadify-Backend\
2025-03-12T14:17:57.767Z - info: Found 35 extension(s)
2025-03-12T14:17:57.793Z - debug: Writing extension locations cache to C:\Users\barua\AppData\Local\Temp\jsreport\core\locations.json
2025-03-12T14:17:57.795Z - debug: Discovered 35 extensions
2025-03-12T14:17:57.831Z - info: Using extension authentication@4.2.3
2025-03-12T14:18:01.463Z - info: Initializing jsreport (version: 4.8.0, configuration file: none, nodejs: 20.15.1)
2025-03-12T14:18:01.467Z - info: Searching for available extensions in C:\Users\barua\OneDrive\Desktop\Gadify-Backend\
2025-03-12T14:18:01.473Z - info: Extensions location cache contains up to date information, skipping crawling in C:\Users\barua\OneDrive\Desktop\Gadify-Backend\
2025-03-12T14:18:12.967Z - info: Initializing jsreport (version: 4.8.0, configuration file: none, nodejs: 20.15.1)
2025-03-12T14:18:12.970Z - info: Searching for available extensions in C:\Users\barua\OneDrive\Desktop\Gadify-Backend\
2025-03-12T14:18:12.975Z - info: Extensions location cache contains up to date information, skipping crawling in C:\Users\barua\OneDrive\Desktop\Gadify-Backend\
2025-03-12T14:18:13.040Z - info: Found 35 extension(s)
2025-03-12T14:18:13.069Z - debug: Writing extension locations cache to C:\Users\barua\AppData\Local\Temp\jsreport\core\locations.json
2025-03-12T14:18:13.071Z - debug: Discovered 35 extensions
2025-03-12T14:18:13.102Z - info: Using extension authentication@4.2.3
2025-03-12T14:18:22.947Z - info: Initializing jsreport (version: 4.8.0, configuration file: none, nodejs: 20.15.1)
2025-03-12T14:18:22.950Z - info: Searching for available extensions in C:\Users\barua\OneDrive\Desktop\Gadify-Backend\
2025-03-12T14:18:22.954Z - info: Extensions location cache contains up to date information, skipping crawling in C:\Users\barua\OneDrive\Desktop\Gadify-Backend\
2025-03-12T14:18:23.022Z - info: Found 35 extension(s)
2025-03-12T14:18:23.050Z - debug: Writing extension locations cache to C:\Users\barua\AppData\Local\Temp\jsreport\core\locations.json
2025-03-12T14:18:23.051Z - debug: Discovered 35 extensions
2025-03-12T14:18:23.088Z - info: Using extension authentication@4.2.3
2025-03-12T14:18:30.156Z - info: Initializing jsreport (version: 4.8.0, configuration file: none, nodejs: 20.15.1)
2025-03-12T14:18:30.159Z - info: Searching for available extensions in C:\Users\barua\OneDrive\Desktop\Gadify-Backend\
2025-03-12T14:18:30.163Z - info: Extensions location cache contains up to date information, skipping crawling in C:\Users\barua\OneDrive\Desktop\Gadify-Backend\
2025-03-12T14:18:30.230Z - info: Found 35 extension(s)
2025-03-12T14:18:30.255Z - debug: Writing extension locations cache to C:\Users\barua\AppData\Local\Temp\jsreport\core\locations.json
2025-03-12T14:18:30.256Z - debug: Discovered 35 extensions
2025-03-12T14:18:30.289Z - info: Using extension authentication@4.2.3
2025-03-12T14:18:30.447Z - debug: Extension authentication@4.2.3 was disabled
2025-03-12T14:18:30.448Z - info: Using extension base@4.0.0
2025-03-12T14:18:30.451Z - info: Using extension child-templates@4.1.0
2025-03-12T14:18:30.453Z - info: Using extension cli@4.1.0
2025-03-12T14:18:30.455Z - info: Using extension components@4.0.2
2025-03-12T14:18:30.457Z - info: Using extension data@4.1.0
2025-03-12T14:18:30.458Z - info: Using extension express@4.2.0
2025-03-12T14:18:30.695Z - info: Using extension freeze@4.0.0
2025-03-12T14:18:30.697Z - info: Using extension fs-store@4.1.0
2025-03-12T14:18:30.826Z - debug: Extension fs-store@4.1.0 was disabled
2025-03-12T14:18:30.827Z - info: Using extension handlebars@4.0.1
2025-03-12T14:18:30.828Z - info: Using extension import-export@4.0.6
2025-03-12T14:18:30.846Z - info: Using extension jsrender@4.0.0
2025-03-12T14:18:30.848Z - info: Using extension licensing@4.0.4
2025-03-12T14:18:30.883Z - info: Using extension localization@4.0.1
2025-03-12T14:18:30.884Z - info: Using extension npm@4.0.0
2025-03-12T14:18:30.890Z - info: Using extension pdf-utils@4.3.0
2025-03-12T14:18:30.892Z - info: Using extension reports@4.1.3
2025-03-12T14:18:30.895Z - info: Using extension tags@4.0.1
2025-03-12T14:18:30.897Z - info: Using extension text@4.0.2
2025-03-12T14:18:30.898Z - info: Using extension version-control@4.1.0
2025-03-12T14:18:30.910Z - info: Using extension assets@4.2.1
2025-03-12T14:18:30.929Z - info: Using extension authorization@4.1.0
2025-03-12T14:18:30.934Z - debug: Extension authorization@4.1.0 was disabled
2025-03-12T14:18:30.935Z - info: Using extension browser-client@4.1.0
2025-03-12T14:18:30.938Z - info: Using extension chrome-pdf@4.1.1
2025-03-12T14:18:30.942Z - debug: Chrome strategy is chrome-pool, numberOfWorkers: 1
2025-03-12T14:18:30.944Z - debug: Chrome custom launch options are protocolTimeout=60000
2025-03-12T14:18:30.946Z - info: Using extension docx@4.7.0
2025-03-12T14:18:30.951Z - info: Using extension html-to-xlsx@4.2.0
2025-03-12T14:18:31.170Z - info: html-to-xlsx detected chrome as available html engine
2025-03-12T14:18:31.171Z - info: Using extension pptx@4.4.0
2025-03-12T14:18:31.173Z - info: Using extension scheduling@4.1.0
2025-03-12T14:18:31.198Z - info: Using extension scripts@4.2.0
2025-03-12T14:18:31.200Z - info: Using extension static-pdf@4.1.0
2025-03-12T14:18:31.201Z - info: Using extension studio@4.3.0
2025-03-12T14:18:31.276Z - info: Using extension xlsx@4.4.0
2025-03-12T14:18:31.278Z - info: Using extension public-templates@4.0.0
2025-03-12T14:18:31.280Z - debug: Extension public-templates@4.0.0 was disabled
2025-03-12T14:18:31.280Z - info: Using extension sample-template@4.0.1
2025-03-12T14:18:31.282Z - info: Using extension studio-theme-dark@4.0.0
2025-03-12T14:18:31.284Z - info: Using general timeout for rendering (reportTimeout: 60000)
2025-03-12T14:18:31.284Z - info: Using memory provider for template store. The saved templates will be lost after restart
2025-03-12T14:18:31.311Z - debug: studio default theme is: light
2025-03-12T14:18:31.320Z - info: Creating default express app.
2025-03-12T14:18:31.357Z - info: jsreport server successfully started on http port: 5488
2025-03-12T14:18:31.360Z - info: Verifying license key free
2025-03-12T14:18:31.361Z - info: Using free license
2025-03-12T14:18:31.371Z - info: Migrating templates chrome settings (waitForNetworkIddle -> waitForNetworkIdle)
2025-03-12T14:18:31.372Z - info: Migration successful
2025-03-12T14:18:31.373Z - debug: Creating samples is disabled
2025-03-12T14:18:31.373Z - info: Initializing worker threads
2025-03-12T14:18:31.374Z - debug: Extensions in workers: base, child-templates, components, data, express, handlebars, jsrender, localization, npm, pdf-utils, reports, text, version-control, assets, browser-client, chrome-pdf, docx, html-to-xlsx, pptx, scripts, static-pdf, studio, xlsx
2025-03-12T14:18:31.982Z - info: 2 worker threads initialized in 609ms
2025-03-12T14:18:31.983Z - info: Starting temp files cleanup with 180000ms threshold
2025-03-12T14:18:31.984Z - info: reporter initialized
2025-03-12T14:18:48.400Z - info: Initializing jsreport (version: 4.8.0, configuration file: none, nodejs: 20.15.1)
2025-03-12T14:18:48.404Z - info: Searching for available extensions in C:\Users\barua\OneDrive\Desktop\Gadify-Backend\
2025-03-12T14:18:48.408Z - info: Extensions location cache contains up to date information, skipping crawling in C:\Users\barua\OneDrive\Desktop\Gadify-Backend\
2025-03-12T14:18:48.484Z - info: Found 35 extension(s)
2025-03-12T14:18:48.511Z - debug: Writing extension locations cache to C:\Users\barua\AppData\Local\Temp\jsreport\core\locations.json
2025-03-12T14:18:48.513Z - debug: Discovered 35 extensions
2025-03-12T14:18:48.549Z - info: Using extension authentication@4.2.3
2025-03-12T14:18:48.718Z - debug: Extension authentication@4.2.3 was disabled
2025-03-12T14:18:48.719Z - info: Using extension base@4.0.0
2025-03-12T14:18:48.722Z - info: Using extension child-templates@4.1.0
2025-03-12T14:18:48.724Z - info: Using extension cli@4.1.0
2025-03-12T14:18:48.727Z - info: Using extension components@4.0.2
2025-03-12T14:18:48.729Z - info: Using extension data@4.1.0
2025-03-12T14:18:48.730Z - info: Using extension express@4.2.0
2025-03-12T14:18:48.986Z - info: Using extension freeze@4.0.0
2025-03-12T14:18:48.988Z - info: Using extension fs-store@4.1.0
2025-03-12T14:18:49.116Z - debug: Extension fs-store@4.1.0 was disabled
2025-03-12T14:18:49.117Z - info: Using extension handlebars@4.0.1
2025-03-12T14:18:49.118Z - info: Using extension import-export@4.0.6
2025-03-12T14:18:49.137Z - info: Using extension jsrender@4.0.0
2025-03-12T14:18:49.138Z - info: Using extension licensing@4.0.4
2025-03-12T14:18:49.176Z - info: Using extension localization@4.0.1
2025-03-12T14:18:49.178Z - info: Using extension npm@4.0.0
2025-03-12T14:18:49.183Z - info: Using extension pdf-utils@4.3.0
2025-03-12T14:18:49.185Z - info: Using extension reports@4.1.3
2025-03-12T14:18:49.187Z - info: Using extension tags@4.0.1
2025-03-12T14:18:49.190Z - info: Using extension text@4.0.2
2025-03-12T14:18:49.191Z - info: Using extension version-control@4.1.0
2025-03-12T14:18:49.203Z - info: Using extension assets@4.2.1
2025-03-12T14:18:49.220Z - info: Using extension authorization@4.1.0
2025-03-12T14:18:49.225Z - debug: Extension authorization@4.1.0 was disabled
2025-03-12T14:18:49.225Z - info: Using extension browser-client@4.1.0
2025-03-12T14:18:49.227Z - info: Using extension chrome-pdf@4.1.1
2025-03-12T14:18:49.230Z - debug: Chrome strategy is chrome-pool, numberOfWorkers: 1
2025-03-12T14:18:49.231Z - debug: Chrome custom launch options are protocolTimeout=60000
2025-03-12T14:18:49.231Z - info: Using extension docx@4.7.0
2025-03-12T14:18:49.234Z - info: Using extension html-to-xlsx@4.2.0
2025-03-12T14:18:49.424Z - info: html-to-xlsx detected chrome as available html engine
2025-03-12T14:18:49.424Z - info: Using extension pptx@4.4.0
2025-03-12T14:18:49.426Z - info: Using extension scheduling@4.1.0
2025-03-12T14:18:49.451Z - info: Using extension scripts@4.2.0
2025-03-12T14:18:49.452Z - info: Using extension static-pdf@4.1.0
2025-03-12T14:18:49.453Z - info: Using extension studio@4.3.0
2025-03-12T14:18:49.527Z - info: Using extension xlsx@4.4.0
2025-03-12T14:18:49.529Z - info: Using extension public-templates@4.0.0
2025-03-12T14:18:49.531Z - debug: Extension public-templates@4.0.0 was disabled
2025-03-12T14:18:49.531Z - info: Using extension sample-template@4.0.1
2025-03-12T14:18:49.533Z - info: Using extension studio-theme-dark@4.0.0
2025-03-12T14:18:49.535Z - info: Using general timeout for rendering (reportTimeout: 60000)
2025-03-12T14:18:49.535Z - info: Using memory provider for template store. The saved templates will be lost after restart
2025-03-12T14:18:49.545Z - debug: studio default theme is: light
2025-03-12T14:18:49.549Z - info: Creating default express app.
2025-03-12T14:18:49.565Z - info: jsreport server successfully started on http port: 5488
2025-03-12T14:18:49.567Z - info: Verifying license key free
2025-03-12T14:18:49.568Z - info: Using free license
2025-03-12T14:18:49.575Z - info: Migrating templates chrome settings (waitForNetworkIddle -> waitForNetworkIdle)
2025-03-12T14:18:49.576Z - info: Migration successful
2025-03-12T14:18:49.577Z - debug: Creating samples is disabled
2025-03-12T14:18:49.577Z - info: Initializing worker threads
2025-03-12T14:18:49.578Z - debug: Extensions in workers: base, child-templates, components, data, express, handlebars, jsrender, localization, npm, pdf-utils, reports, text, version-control, assets, browser-client, chrome-pdf, docx, html-to-xlsx, pptx, scripts, static-pdf, studio, xlsx
2025-03-12T14:18:50.106Z - info: 2 worker threads initialized in 529ms
2025-03-12T14:18:50.107Z - info: Starting temp files cleanup with 180000ms threshold
2025-03-12T14:18:50.108Z - info: reporter initialized
2025-03-12T14:20:10.465Z - info: Initializing jsreport (version: 4.8.0, configuration file: none, nodejs: 20.15.1)
2025-03-12T14:20:10.469Z - info: Searching for available extensions in C:\Users\barua\OneDrive\Desktop\Gadify-Backend\
2025-03-12T14:20:10.473Z - info: Extensions location cache contains up to date information, skipping crawling in C:\Users\barua\OneDrive\Desktop\Gadify-Backend\
2025-03-12T14:20:10.576Z - info: Found 35 extension(s)
2025-03-12T14:20:10.605Z - debug: Writing extension locations cache to C:\Users\barua\AppData\Local\Temp\jsreport\core\locations.json
2025-03-12T14:20:10.607Z - debug: Discovered 35 extensions
2025-03-12T14:20:10.648Z - info: Using extension authentication@4.2.3
2025-03-12T14:20:14.490Z - info: Initializing jsreport (version: 4.8.0, configuration file: none, nodejs: 20.15.1)
2025-03-12T14:20:14.493Z - info: Searching for available extensions in C:\Users\barua\OneDrive\Desktop\Gadify-Backend\
2025-03-12T14:20:14.499Z - info: Extensions location cache contains up to date information, skipping crawling in C:\Users\barua\OneDrive\Desktop\Gadify-Backend\
2025-03-12T14:20:14.569Z - info: Found 35 extension(s)
2025-03-12T14:20:14.595Z - debug: Writing extension locations cache to C:\Users\barua\AppData\Local\Temp\jsreport\core\locations.json
2025-03-12T14:20:14.597Z - debug: Discovered 35 extensions
2025-03-12T14:20:14.631Z - info: Using extension authentication@4.2.3
2025-03-12T14:20:14.794Z - debug: Extension authentication@4.2.3 was disabled
2025-03-12T14:20:14.795Z - info: Using extension base@4.0.0
2025-03-12T14:20:14.798Z - info: Using extension child-templates@4.1.0
2025-03-12T14:20:14.799Z - info: Using extension cli@4.1.0
2025-03-12T14:20:14.802Z - info: Using extension components@4.0.2
2025-03-12T14:20:14.803Z - info: Using extension data@4.1.0
2025-03-12T14:20:14.805Z - info: Using extension express@4.2.0
2025-03-12T14:20:15.034Z - info: Using extension freeze@4.0.0
2025-03-12T14:20:15.036Z - info: Using extension fs-store@4.1.0
2025-03-12T14:20:15.159Z - debug: Extension fs-store@4.1.0 was disabled
2025-03-12T14:20:15.160Z - info: Using extension handlebars@4.0.1
2025-03-12T14:20:15.162Z - info: Using extension import-export@4.0.6
2025-03-12T14:20:15.178Z - info: Using extension jsrender@4.0.0
2025-03-12T14:20:15.179Z - info: Using extension licensing@4.0.4
2025-03-12T14:20:15.213Z - info: Using extension localization@4.0.1
2025-03-12T14:20:15.214Z - info: Using extension npm@4.0.0
2025-03-12T14:20:15.220Z - info: Using extension pdf-utils@4.3.0
2025-03-12T14:20:15.222Z - info: Using extension reports@4.1.3
2025-03-12T14:20:15.225Z - info: Using extension tags@4.0.1
2025-03-12T14:20:15.227Z - info: Using extension text@4.0.2
2025-03-12T14:20:15.228Z - info: Using extension version-control@4.1.0
2025-03-12T14:20:15.239Z - info: Using extension assets@4.2.1
2025-03-12T14:20:15.252Z - info: Using extension authorization@4.1.0
2025-03-12T14:20:15.256Z - debug: Extension authorization@4.1.0 was disabled
2025-03-12T14:20:15.256Z - info: Using extension browser-client@4.1.0
2025-03-12T14:20:15.259Z - info: Using extension chrome-pdf@4.1.1
2025-03-12T14:20:15.262Z - debug: Chrome strategy is chrome-pool, numberOfWorkers: 1
2025-03-12T14:20:15.262Z - debug: Chrome custom launch options are protocolTimeout=60000
2025-03-12T14:20:15.263Z - info: Using extension docx@4.7.0
2025-03-12T14:20:15.265Z - info: Using extension html-to-xlsx@4.2.0
2025-03-12T14:20:15.448Z - info: html-to-xlsx detected chrome as available html engine
2025-03-12T14:20:15.448Z - info: Using extension pptx@4.4.0
2025-03-12T14:20:15.450Z - info: Using extension scheduling@4.1.0
2025-03-12T14:20:15.472Z - info: Using extension scripts@4.2.0
2025-03-12T14:20:15.473Z - info: Using extension static-pdf@4.1.0
2025-03-12T14:20:15.475Z - info: Using extension studio@4.3.0
2025-03-12T14:20:15.544Z - info: Using extension xlsx@4.4.0
2025-03-12T14:20:15.546Z - info: Using extension public-templates@4.0.0
2025-03-12T14:20:15.547Z - debug: Extension public-templates@4.0.0 was disabled
2025-03-12T14:20:15.547Z - info: Using extension sample-template@4.0.1
2025-03-12T14:20:15.549Z - info: Using extension studio-theme-dark@4.0.0
2025-03-12T14:20:15.551Z - info: Using general timeout for rendering (reportTimeout: 60000)
2025-03-12T14:20:15.551Z - info: Using memory provider for template store. The saved templates will be lost after restart
2025-03-12T14:20:15.562Z - debug: studio default theme is: light
2025-03-12T14:20:15.566Z - info: Creating default express app.
2025-03-12T14:20:15.583Z - info: jsreport server successfully started on http port: 5488
2025-03-12T14:20:15.585Z - info: Verifying license key free
2025-03-12T14:20:15.586Z - info: Using free license
2025-03-12T14:20:15.591Z - info: Migrating templates chrome settings (waitForNetworkIddle -> waitForNetworkIdle)
2025-03-12T14:20:15.592Z - info: Migration successful
2025-03-12T14:20:15.593Z - debug: Creating samples is disabled
2025-03-12T14:20:15.594Z - info: Initializing worker threads
2025-03-12T14:20:15.594Z - debug: Extensions in workers: base, child-templates, components, data, express, handlebars, jsrender, localization, npm, pdf-utils, reports, text, version-control, assets, browser-client, chrome-pdf, docx, html-to-xlsx, pptx, scripts, static-pdf, studio, xlsx
2025-03-12T14:20:16.145Z - info: 2 worker threads initialized in 551ms
2025-03-12T14:20:16.146Z - info: Starting temp files cleanup with 180000ms threshold
2025-03-12T14:20:16.147Z - info: reporter initialized
2025-03-12T14:20:35.224Z - info: Initializing jsreport (version: 4.8.0, configuration file: none, nodejs: 20.15.1)
2025-03-12T14:20:35.227Z - info: Searching for available extensions in C:\Users\barua\OneDrive\Desktop\Gadify-Backend\
2025-03-12T14:20:35.231Z - info: Extensions location cache contains up to date information, skipping crawling in C:\Users\barua\OneDrive\Desktop\Gadify-Backend\
2025-03-12T14:20:35.297Z - info: Found 35 extension(s)
2025-03-12T14:20:35.323Z - debug: Writing extension locations cache to C:\Users\barua\AppData\Local\Temp\jsreport\core\locations.json
2025-03-12T14:20:35.325Z - debug: Discovered 35 extensions
2025-03-12T14:20:35.359Z - info: Using extension authentication@4.2.3
2025-03-12T14:20:35.538Z - debug: Extension authentication@4.2.3 was disabled
2025-03-12T14:20:35.539Z - info: Using extension base@4.0.0
2025-03-12T14:20:35.543Z - info: Using extension child-templates@4.1.0
2025-03-12T14:20:35.545Z - info: Using extension cli@4.1.0
2025-03-12T14:20:35.547Z - info: Using extension components@4.0.2
2025-03-12T14:20:35.549Z - info: Using extension data@4.1.0
2025-03-12T14:20:35.550Z - info: Using extension express@4.2.0
2025-03-12T14:20:35.811Z - info: Using extension freeze@4.0.0
2025-03-12T14:20:35.813Z - info: Using extension fs-store@4.1.0
2025-03-12T14:20:35.945Z - debug: Extension fs-store@4.1.0 was disabled
2025-03-12T14:20:35.951Z - info: Using extension handlebars@4.0.1
2025-03-12T14:20:35.954Z - info: Using extension import-export@4.0.6
2025-03-12T14:20:35.977Z - info: Using extension jsrender@4.0.0
2025-03-12T14:20:35.978Z - info: Using extension licensing@4.0.4
2025-03-12T14:20:36.022Z - info: Using extension localization@4.0.1
2025-03-12T14:20:36.024Z - info: Using extension npm@4.0.0
2025-03-12T14:20:36.029Z - info: Using extension pdf-utils@4.3.0
2025-03-12T14:20:36.031Z - info: Using extension reports@4.1.3
2025-03-12T14:20:36.033Z - info: Using extension tags@4.0.1
2025-03-12T14:20:36.035Z - info: Using extension text@4.0.2
2025-03-12T14:20:36.036Z - info: Using extension version-control@4.1.0
2025-03-12T14:20:36.048Z - info: Using extension assets@4.2.1
2025-03-12T14:20:36.063Z - info: Using extension authorization@4.1.0
2025-03-12T14:20:36.068Z - debug: Extension authorization@4.1.0 was disabled
2025-03-12T14:20:36.069Z - info: Using extension browser-client@4.1.0
2025-03-12T14:20:36.071Z - info: Using extension chrome-pdf@4.1.1
2025-03-12T14:20:36.074Z - debug: Chrome strategy is chrome-pool, numberOfWorkers: 1
2025-03-12T14:20:36.074Z - debug: Chrome custom launch options are protocolTimeout=60000
2025-03-12T14:20:36.075Z - info: Using extension docx@4.7.0
2025-03-12T14:20:36.077Z - info: Using extension html-to-xlsx@4.2.0
2025-03-12T14:20:36.275Z - info: html-to-xlsx detected chrome as available html engine
2025-03-12T14:20:36.275Z - info: Using extension pptx@4.4.0
2025-03-12T14:20:36.278Z - info: Using extension scheduling@4.1.0
2025-03-12T14:20:36.299Z - info: Using extension scripts@4.2.0
2025-03-12T14:20:36.301Z - info: Using extension static-pdf@4.1.0
2025-03-12T14:20:36.302Z - info: Using extension studio@4.3.0
2025-03-12T14:20:36.368Z - info: Using extension xlsx@4.4.0
2025-03-12T14:20:36.370Z - info: Using extension public-templates@4.0.0
2025-03-12T14:20:36.371Z - debug: Extension public-templates@4.0.0 was disabled
2025-03-12T14:20:36.371Z - info: Using extension sample-template@4.0.1
2025-03-12T14:20:36.373Z - info: Using extension studio-theme-dark@4.0.0
2025-03-12T14:20:36.375Z - info: Using general timeout for rendering (reportTimeout: 60000)
2025-03-12T14:20:36.375Z - info: Using memory provider for template store. The saved templates will be lost after restart
2025-03-12T14:20:36.385Z - debug: studio default theme is: light
2025-03-12T14:20:36.389Z - info: Creating default express app.
2025-03-12T14:20:36.409Z - info: jsreport server successfully started on http port: 5488
2025-03-12T14:20:36.410Z - info: Verifying license key free
2025-03-12T14:20:36.411Z - info: Using free license
2025-03-12T14:20:36.418Z - info: Migrating templates chrome settings (waitForNetworkIddle -> waitForNetworkIdle)
2025-03-12T14:20:36.419Z - info: Migration successful
2025-03-12T14:20:36.420Z - debug: Creating samples is disabled
2025-03-12T14:20:36.420Z - info: Initializing worker threads
2025-03-12T14:20:36.421Z - debug: Extensions in workers: base, child-templates, components, data, express, handlebars, jsrender, localization, npm, pdf-utils, reports, text, version-control, assets, browser-client, chrome-pdf, docx, html-to-xlsx, pptx, scripts, static-pdf, studio, xlsx
2025-03-12T14:20:36.941Z - info: 2 worker threads initialized in 521ms
2025-03-12T14:20:36.942Z - info: Starting temp files cleanup with 180000ms threshold
2025-03-12T14:20:36.942Z - info: reporter initialized
2025-03-12T14:20:46.034Z - info: Initializing jsreport (version: 4.8.0, configuration file: none, nodejs: 20.15.1)
2025-03-12T14:20:46.037Z - info: Searching for available extensions in C:\Users\barua\OneDrive\Desktop\Gadify-Backend\
2025-03-12T14:20:46.043Z - info: Extensions location cache contains up to date information, skipping crawling in C:\Users\barua\OneDrive\Desktop\Gadify-Backend\
2025-03-12T14:20:46.127Z - info: Found 35 extension(s)
2025-03-12T14:20:46.155Z - debug: Writing extension locations cache to C:\Users\barua\AppData\Local\Temp\jsreport\core\locations.json
2025-03-12T14:20:46.156Z - debug: Discovered 35 extensions
2025-03-12T14:20:46.191Z - info: Using extension authentication@4.2.3
2025-03-12T14:20:46.347Z - debug: Extension authentication@4.2.3 was disabled
2025-03-12T14:20:46.347Z - info: Using extension base@4.0.0
2025-03-12T14:20:46.350Z - info: Using extension child-templates@4.1.0
2025-03-12T14:20:46.352Z - info: Using extension cli@4.1.0
2025-03-12T14:20:46.354Z - info: Using extension components@4.0.2
2025-03-12T14:20:46.356Z - info: Using extension data@4.1.0
2025-03-12T14:20:46.357Z - info: Using extension express@4.2.0
2025-03-12T14:20:46.583Z - info: Using extension freeze@4.0.0
2025-03-12T14:20:46.585Z - info: Using extension fs-store@4.1.0
2025-03-12T14:20:46.706Z - debug: Extension fs-store@4.1.0 was disabled
2025-03-12T14:20:46.707Z - info: Using extension handlebars@4.0.1
2025-03-12T14:20:46.708Z - info: Using extension import-export@4.0.6
2025-03-12T14:20:46.725Z - info: Using extension jsrender@4.0.0
2025-03-12T14:20:46.726Z - info: Using extension licensing@4.0.4
2025-03-12T14:20:46.760Z - info: Using extension localization@4.0.1
2025-03-12T14:20:46.761Z - info: Using extension npm@4.0.0
2025-03-12T14:20:46.767Z - info: Using extension pdf-utils@4.3.0
2025-03-12T14:20:46.769Z - info: Using extension reports@4.1.3
2025-03-12T14:20:46.771Z - info: Using extension tags@4.0.1
2025-03-12T14:20:46.773Z - info: Using extension text@4.0.2
2025-03-12T14:20:46.774Z - info: Using extension version-control@4.1.0
2025-03-12T14:20:46.787Z - info: Using extension assets@4.2.1
2025-03-12T14:20:46.800Z - info: Using extension authorization@4.1.0
2025-03-12T14:20:46.804Z - debug: Extension authorization@4.1.0 was disabled
2025-03-12T14:20:46.805Z - info: Using extension browser-client@4.1.0
2025-03-12T14:20:46.807Z - info: Using extension chrome-pdf@4.1.1
2025-03-12T14:20:46.810Z - debug: Chrome strategy is chrome-pool, numberOfWorkers: 1
2025-03-12T14:20:46.811Z - debug: Chrome custom launch options are protocolTimeout=60000
2025-03-12T14:20:46.811Z - info: Using extension docx@4.7.0
2025-03-12T14:20:46.813Z - info: Using extension html-to-xlsx@4.2.0
2025-03-12T14:20:47.000Z - info: html-to-xlsx detected chrome as available html engine
2025-03-12T14:20:47.001Z - info: Using extension pptx@4.4.0
2025-03-12T14:20:47.003Z - info: Using extension scheduling@4.1.0
2025-03-12T14:20:47.025Z - info: Using extension scripts@4.2.0
2025-03-12T14:20:47.027Z - info: Using extension static-pdf@4.1.0
2025-03-12T14:20:47.028Z - info: Using extension studio@4.3.0
2025-03-12T14:20:47.097Z - info: Using extension xlsx@4.4.0
2025-03-12T14:20:47.100Z - info: Using extension public-templates@4.0.0
2025-03-12T14:20:47.101Z - debug: Extension public-templates@4.0.0 was disabled
2025-03-12T14:20:47.101Z - info: Using extension sample-template@4.0.1
2025-03-12T14:20:47.103Z - info: Using extension studio-theme-dark@4.0.0
2025-03-12T14:20:47.105Z - info: Using general timeout for rendering (reportTimeout: 60000)
2025-03-12T14:20:47.105Z - info: Using memory provider for template store. The saved templates will be lost after restart
2025-03-12T14:20:47.116Z - debug: studio default theme is: light
2025-03-12T14:20:47.121Z - info: Creating default express app.
2025-03-12T14:20:47.140Z - info: jsreport server successfully started on http port: 5488
2025-03-12T14:20:47.142Z - info: Verifying license key free
2025-03-12T14:20:47.143Z - info: Using free license
2025-03-12T14:20:47.150Z - info: Migrating templates chrome settings (waitForNetworkIddle -> waitForNetworkIdle)
2025-03-12T14:20:47.151Z - info: Migration successful
2025-03-12T14:20:47.152Z - debug: Creating samples is disabled
2025-03-12T14:20:47.153Z - info: Initializing worker threads
2025-03-12T14:20:47.153Z - debug: Extensions in workers: base, child-templates, components, data, express, handlebars, jsrender, localization, npm, pdf-utils, reports, text, version-control, assets, browser-client, chrome-pdf, docx, html-to-xlsx, pptx, scripts, static-pdf, studio, xlsx
2025-03-12T14:20:47.666Z - info: 2 worker threads initialized in 512ms
2025-03-12T14:20:47.666Z - info: Starting temp files cleanup with 180000ms threshold
2025-03-12T14:20:47.667Z - info: reporter initialized
2025-03-12T14:21:48.744Z - info: Initializing jsreport (version: 4.8.0, configuration file: none, nodejs: 20.15.1)
2025-03-12T14:21:48.747Z - info: Searching for available extensions in C:\Users\barua\OneDrive\Desktop\Gadify-Backend\
2025-03-12T14:21:48.751Z - info: Extensions location cache contains up to date information, skipping crawling in C:\Users\barua\OneDrive\Desktop\Gadify-Backend\
2025-03-12T14:21:48.820Z - info: Found 35 extension(s)
2025-03-12T14:21:48.846Z - debug: Writing extension locations cache to C:\Users\barua\AppData\Local\Temp\jsreport\core\locations.json
2025-03-12T14:21:48.848Z - debug: Discovered 35 extensions
2025-03-12T14:21:48.896Z - info: Using extension authentication@4.2.3
2025-03-12T14:21:49.050Z - debug: Extension authentication@4.2.3 was disabled
2025-03-12T14:21:49.051Z - info: Using extension base@4.0.0
2025-03-12T14:21:49.054Z - info: Using extension child-templates@4.1.0
2025-03-12T14:21:49.056Z - info: Using extension cli@4.1.0
2025-03-12T14:21:49.058Z - info: Using extension components@4.0.2
2025-03-12T14:21:49.060Z - info: Using extension data@4.1.0
2025-03-12T14:21:49.061Z - info: Using extension express@4.2.0
2025-03-12T14:21:49.289Z - info: Using extension freeze@4.0.0
2025-03-12T14:21:49.291Z - info: Using extension fs-store@4.1.0
2025-03-12T14:21:49.409Z - debug: Extension fs-store@4.1.0 was disabled
2025-03-12T14:21:49.410Z - info: Using extension handlebars@4.0.1
2025-03-12T14:21:49.411Z - info: Using extension import-export@4.0.6
2025-03-12T14:21:49.431Z - info: Using extension jsrender@4.0.0
2025-03-12T14:21:49.433Z - info: Using extension licensing@4.0.4
2025-03-12T14:21:49.472Z - info: Using extension localization@4.0.1
2025-03-12T14:21:49.473Z - info: Using extension npm@4.0.0
2025-03-12T14:21:49.480Z - info: Using extension pdf-utils@4.3.0
2025-03-12T14:21:49.482Z - info: Using extension reports@4.1.3
2025-03-12T14:21:49.485Z - info: Using extension tags@4.0.1
2025-03-12T14:21:49.487Z - info: Using extension text@4.0.2
2025-03-12T14:21:49.488Z - info: Using extension version-control@4.1.0
2025-03-12T14:21:49.500Z - info: Using extension assets@4.2.1
2025-03-12T14:21:49.516Z - info: Using extension authorization@4.1.0
2025-03-12T14:21:49.520Z - debug: Extension authorization@4.1.0 was disabled
2025-03-12T14:21:49.520Z - info: Using extension browser-client@4.1.0
2025-03-12T14:21:49.522Z - info: Using extension chrome-pdf@4.1.1
2025-03-12T14:21:49.525Z - debug: Chrome strategy is chrome-pool, numberOfWorkers: 1
2025-03-12T14:21:49.525Z - debug: Chrome custom launch options are protocolTimeout=60000
2025-03-12T14:21:49.526Z - info: Using extension docx@4.7.0
2025-03-12T14:21:49.528Z - info: Using extension html-to-xlsx@4.2.0
2025-03-12T14:21:49.725Z - info: html-to-xlsx detected chrome as available html engine
2025-03-12T14:21:49.726Z - info: Using extension pptx@4.4.0
2025-03-12T14:21:49.728Z - info: Using extension scheduling@4.1.0
2025-03-12T14:21:49.752Z - info: Using extension scripts@4.2.0
2025-03-12T14:21:49.753Z - info: Using extension static-pdf@4.1.0
2025-03-12T14:21:49.754Z - info: Using extension studio@4.3.0
2025-03-12T14:21:49.821Z - info: Using extension xlsx@4.4.0
2025-03-12T14:21:49.823Z - info: Using extension public-templates@4.0.0
2025-03-12T14:21:49.825Z - debug: Extension public-templates@4.0.0 was disabled
2025-03-12T14:21:49.825Z - info: Using extension sample-template@4.0.1
2025-03-12T14:21:49.827Z - info: Using extension studio-theme-dark@4.0.0
2025-03-12T14:21:49.829Z - info: Using general timeout for rendering (reportTimeout: 60000)
2025-03-12T14:21:49.829Z - info: Using memory provider for template store. The saved templates will be lost after restart
2025-03-12T14:21:49.840Z - debug: studio default theme is: light
2025-03-12T14:21:49.844Z - info: Creating default express app.
2025-03-12T14:21:49.861Z - info: jsreport server successfully started on http port: 5488
2025-03-12T14:21:49.863Z - info: Verifying license key free
2025-03-12T14:21:49.864Z - info: Using free license
2025-03-12T14:21:49.870Z - info: Migrating templates chrome settings (waitForNetworkIddle -> waitForNetworkIdle)
2025-03-12T14:21:49.870Z - info: Migration successful
2025-03-12T14:21:49.871Z - debug: Creating samples is disabled
2025-03-12T14:21:49.871Z - info: Initializing worker threads
2025-03-12T14:21:49.872Z - debug: Extensions in workers: base, child-templates, components, data, express, handlebars, jsrender, localization, npm, pdf-utils, reports, text, version-control, assets, browser-client, chrome-pdf, docx, html-to-xlsx, pptx, scripts, static-pdf, studio, xlsx
2025-03-12T14:21:50.400Z - info: 2 worker threads initialized in 529ms
2025-03-12T14:21:50.401Z - info: Starting temp files cleanup with 180000ms threshold
2025-03-12T14:21:50.401Z - info: reporter initialized
2025-03-12T14:21:58.283Z - info: Initializing jsreport (version: 4.8.0, configuration file: none, nodejs: 20.15.1)
2025-03-12T14:21:58.286Z - info: Searching for available extensions in C:\Users\barua\OneDrive\Desktop\Gadify-Backend\
2025-03-12T14:21:58.291Z - info: Extensions location cache contains up to date information, skipping crawling in C:\Users\barua\OneDrive\Desktop\Gadify-Backend\
2025-03-12T14:21:58.360Z - info: Found 35 extension(s)
2025-03-12T14:21:58.388Z - debug: Writing extension locations cache to C:\Users\barua\AppData\Local\Temp\jsreport\core\locations.json
2025-03-12T14:21:58.390Z - debug: Discovered 35 extensions
2025-03-12T14:21:58.424Z - info: Using extension authentication@4.2.3
2025-03-12T14:21:58.581Z - debug: Extension authentication@4.2.3 was disabled
2025-03-12T14:21:58.582Z - info: Using extension base@4.0.0
2025-03-12T14:21:58.587Z - info: Using extension child-templates@4.1.0
2025-03-12T14:21:58.589Z - info: Using extension cli@4.1.0
2025-03-12T14:21:58.592Z - info: Using extension components@4.0.2
2025-03-12T14:21:58.594Z - info: Using extension data@4.1.0
2025-03-12T14:21:58.595Z - info: Using extension express@4.2.0
2025-03-12T14:21:58.832Z - info: Using extension freeze@4.0.0
2025-03-12T14:21:58.834Z - info: Using extension fs-store@4.1.0
2025-03-12T14:21:58.966Z - debug: Extension fs-store@4.1.0 was disabled
2025-03-12T14:21:58.966Z - info: Using extension handlebars@4.0.1
2025-03-12T14:21:58.968Z - info: Using extension import-export@4.0.6
2025-03-12T14:21:58.986Z - info: Using extension jsrender@4.0.0
2025-03-12T14:21:58.987Z - info: Using extension licensing@4.0.4
2025-03-12T14:21:59.027Z - info: Using extension localization@4.0.1
2025-03-12T14:21:59.028Z - info: Using extension npm@4.0.0
2025-03-12T14:21:59.034Z - info: Using extension pdf-utils@4.3.0
2025-03-12T14:21:59.036Z - info: Using extension reports@4.1.3
2025-03-12T14:21:59.039Z - info: Using extension tags@4.0.1
2025-03-12T14:21:59.040Z - info: Using extension text@4.0.2
2025-03-12T14:21:59.041Z - info: Using extension version-control@4.1.0
2025-03-12T14:21:59.053Z - info: Using extension assets@4.2.1
2025-03-12T14:21:59.066Z - info: Using extension authorization@4.1.0
2025-03-12T14:21:59.071Z - debug: Extension authorization@4.1.0 was disabled
2025-03-12T14:21:59.071Z - info: Using extension browser-client@4.1.0
2025-03-12T14:21:59.073Z - info: Using extension chrome-pdf@4.1.1
2025-03-12T14:21:59.076Z - debug: Chrome strategy is chrome-pool, numberOfWorkers: 1
2025-03-12T14:21:59.076Z - debug: Chrome custom launch options are protocolTimeout=60000
2025-03-12T14:21:59.077Z - info: Using extension docx@4.7.0
2025-03-12T14:21:59.079Z - info: Using extension html-to-xlsx@4.2.0
2025-03-12T14:21:59.271Z - info: html-to-xlsx detected chrome as available html engine
2025-03-12T14:21:59.272Z - info: Using extension pptx@4.4.0
2025-03-12T14:21:59.274Z - info: Using extension scheduling@4.1.0
2025-03-12T14:21:59.298Z - info: Using extension scripts@4.2.0
2025-03-12T14:21:59.299Z - info: Using extension static-pdf@4.1.0
2025-03-12T14:21:59.300Z - info: Using extension studio@4.3.0
2025-03-12T14:21:59.374Z - info: Using extension xlsx@4.4.0
2025-03-12T14:21:59.376Z - info: Using extension public-templates@4.0.0
2025-03-12T14:21:59.377Z - debug: Extension public-templates@4.0.0 was disabled
2025-03-12T14:21:59.377Z - info: Using extension sample-template@4.0.1
2025-03-12T14:21:59.379Z - info: Using extension studio-theme-dark@4.0.0
2025-03-12T14:21:59.381Z - info: Using general timeout for rendering (reportTimeout: 60000)
2025-03-12T14:21:59.381Z - info: Using memory provider for template store. The saved templates will be lost after restart
2025-03-12T14:21:59.391Z - debug: studio default theme is: light
2025-03-12T14:21:59.395Z - info: Creating default express app.
2025-03-12T14:21:59.412Z - info: jsreport server successfully started on http port: 5488
2025-03-12T14:21:59.414Z - info: Verifying license key free
2025-03-12T14:21:59.415Z - info: Using free license
2025-03-12T14:21:59.421Z - info: Migrating templates chrome settings (waitForNetworkIddle -> waitForNetworkIdle)
2025-03-12T14:21:59.421Z - info: Migration successful
2025-03-12T14:21:59.422Z - debug: Creating samples is disabled
2025-03-12T14:21:59.422Z - info: Initializing worker threads
2025-03-12T14:21:59.423Z - debug: Extensions in workers: base, child-templates, components, data, express, handlebars, jsrender, localization, npm, pdf-utils, reports, text, version-control, assets, browser-client, chrome-pdf, docx, html-to-xlsx, pptx, scripts, static-pdf, studio, xlsx
2025-03-12T14:22:00.012Z - info: 2 worker threads initialized in 590ms
2025-03-12T14:22:00.012Z - info: Starting temp files cleanup with 180000ms threshold
2025-03-12T14:22:00.013Z - info: reporter initialized
2025-03-12T14:22:45.929Z - info: Initializing jsreport (version: 4.8.0, configuration file: none, nodejs: 20.15.1)
2025-03-12T14:22:45.932Z - info: Searching for available extensions in C:\Users\barua\OneDrive\Desktop\Gadify-Backend\
2025-03-12T14:22:45.937Z - info: Extensions location cache contains up to date information, skipping crawling in C:\Users\barua\OneDrive\Desktop\Gadify-Backend\
2025-03-12T14:22:46.005Z - info: Found 35 extension(s)
2025-03-12T14:22:46.031Z - debug: Writing extension locations cache to C:\Users\barua\AppData\Local\Temp\jsreport\core\locations.json
2025-03-12T14:22:46.033Z - debug: Discovered 35 extensions
2025-03-12T14:22:46.067Z - info: Using extension authentication@4.2.3
2025-03-12T14:22:46.223Z - debug: Extension authentication@4.2.3 was disabled
2025-03-12T14:22:46.224Z - info: Using extension base@4.0.0
2025-03-12T14:22:46.227Z - info: Using extension child-templates@4.1.0
2025-03-12T14:22:46.228Z - info: Using extension cli@4.1.0
2025-03-12T14:22:46.231Z - info: Using extension components@4.0.2
2025-03-12T14:22:46.233Z - info: Using extension data@4.1.0
2025-03-12T14:22:46.234Z - info: Using extension express@4.2.0
2025-03-12T14:22:46.470Z - info: Using extension freeze@4.0.0
2025-03-12T14:22:46.472Z - info: Using extension fs-store@4.1.0
2025-03-12T14:22:46.609Z - debug: Extension fs-store@4.1.0 was disabled
2025-03-12T14:22:46.609Z - info: Using extension handlebars@4.0.1
2025-03-12T14:22:46.611Z - info: Using extension import-export@4.0.6
2025-03-12T14:22:46.633Z - info: Using extension jsrender@4.0.0
2025-03-12T14:22:46.634Z - info: Using extension licensing@4.0.4
2025-03-12T14:22:46.672Z - info: Using extension localization@4.0.1
2025-03-12T14:22:46.674Z - info: Using extension npm@4.0.0
2025-03-12T14:22:46.680Z - info: Using extension pdf-utils@4.3.0
2025-03-12T14:22:46.682Z - info: Using extension reports@4.1.3
2025-03-12T14:22:46.684Z - info: Using extension tags@4.0.1
2025-03-12T14:22:46.686Z - info: Using extension text@4.0.2
2025-03-12T14:22:46.687Z - info: Using extension version-control@4.1.0
2025-03-12T14:22:46.699Z - info: Using extension assets@4.2.1
2025-03-12T14:22:46.712Z - info: Using extension authorization@4.1.0
2025-03-12T14:22:46.716Z - debug: Extension authorization@4.1.0 was disabled
2025-03-12T14:22:46.717Z - info: Using extension browser-client@4.1.0
2025-03-12T14:22:46.720Z - info: Using extension chrome-pdf@4.1.1
2025-03-12T14:22:46.722Z - debug: Chrome strategy is chrome-pool, numberOfWorkers: 1
2025-03-12T14:22:46.723Z - debug: Chrome custom launch options are protocolTimeout=60000
2025-03-12T14:22:46.723Z - info: Using extension docx@4.7.0
2025-03-12T14:22:46.726Z - info: Using extension html-to-xlsx@4.2.0
2025-03-12T14:22:46.927Z - info: html-to-xlsx detected chrome as available html engine
2025-03-12T14:22:46.928Z - info: Using extension pptx@4.4.0
2025-03-12T14:22:46.932Z - info: Using extension scheduling@4.1.0
2025-03-12T14:22:46.960Z - info: Using extension scripts@4.2.0
2025-03-12T14:22:46.961Z - info: Using extension static-pdf@4.1.0
2025-03-12T14:22:46.962Z - info: Using extension studio@4.3.0
2025-03-12T14:22:47.033Z - info: Using extension xlsx@4.4.0
2025-03-12T14:22:47.036Z - info: Using extension public-templates@4.0.0
2025-03-12T14:22:47.038Z - debug: Extension public-templates@4.0.0 was disabled
2025-03-12T14:22:47.038Z - info: Using extension sample-template@4.0.1
2025-03-12T14:22:47.040Z - info: Using extension studio-theme-dark@4.0.0
2025-03-12T14:22:47.042Z - info: Using general timeout for rendering (reportTimeout: 60000)
2025-03-12T14:22:47.042Z - info: Using memory provider for template store. The saved templates will be lost after restart
2025-03-12T14:22:47.053Z - debug: studio default theme is: light
2025-03-12T14:22:47.057Z - info: Creating default express app.
2025-03-12T14:22:47.075Z - info: jsreport server successfully started on http port: 5488
2025-03-12T14:22:47.076Z - info: Verifying license key free
2025-03-12T14:22:47.077Z - info: Using free license
2025-03-12T14:22:47.083Z - info: Migrating templates chrome settings (waitForNetworkIddle -> waitForNetworkIdle)
2025-03-12T14:22:47.084Z - info: Migration successful
2025-03-12T14:22:47.084Z - debug: Creating samples is disabled
2025-03-12T14:22:47.085Z - info: Initializing worker threads
2025-03-12T14:22:47.085Z - debug: Extensions in workers: base, child-templates, components, data, express, handlebars, jsrender, localization, npm, pdf-utils, reports, text, version-control, assets, browser-client, chrome-pdf, docx, html-to-xlsx, pptx, scripts, static-pdf, studio, xlsx
2025-03-12T14:22:47.644Z - info: 2 worker threads initialized in 559ms
2025-03-12T14:22:47.645Z - info: Starting temp files cleanup with 180000ms threshold
2025-03-12T14:22:47.645Z - info: reporter initialized
2025-03-12T14:22:57.862Z - info: Initializing jsreport (version: 4.8.0, configuration file: none, nodejs: 20.15.1)
2025-03-12T14:22:57.865Z - info: Searching for available extensions in C:\Users\barua\OneDrive\Desktop\Gadify-Backend\
2025-03-12T14:22:57.869Z - info: Extensions location cache contains up to date information, skipping crawling in C:\Users\barua\OneDrive\Desktop\Gadify-Backend\
2025-03-12T14:22:57.940Z - info: Found 35 extension(s)
2025-03-12T14:22:57.965Z - debug: Writing extension locations cache to C:\Users\barua\AppData\Local\Temp\jsreport\core\locations.json
2025-03-12T14:22:57.967Z - debug: Discovered 35 extensions
2025-03-12T14:22:58.001Z - info: Using extension authentication@4.2.3
2025-03-12T14:22:58.157Z - debug: Extension authentication@4.2.3 was disabled
2025-03-12T14:22:58.158Z - info: Using extension base@4.0.0
2025-03-12T14:22:58.161Z - info: Using extension child-templates@4.1.0
2025-03-12T14:22:58.163Z - info: Using extension cli@4.1.0
2025-03-12T14:22:58.165Z - info: Using extension components@4.0.2
2025-03-12T14:22:58.167Z - info: Using extension data@4.1.0
2025-03-12T14:22:58.168Z - info: Using extension express@4.2.0
2025-03-12T14:22:58.413Z - info: Using extension freeze@4.0.0
2025-03-12T14:22:58.415Z - info: Using extension fs-store@4.1.0
2025-03-12T14:22:58.542Z - debug: Extension fs-store@4.1.0 was disabled
2025-03-12T14:22:58.542Z - info: Using extension handlebars@4.0.1
2025-03-12T14:22:58.544Z - info: Using extension import-export@4.0.6
2025-03-12T14:22:58.561Z - info: Using extension jsrender@4.0.0
2025-03-12T14:22:58.562Z - info: Using extension licensing@4.0.4
2025-03-12T14:22:58.596Z - info: Using extension localization@4.0.1
2025-03-12T14:22:58.597Z - info: Using extension npm@4.0.0
2025-03-12T14:22:58.602Z - info: Using extension pdf-utils@4.3.0
2025-03-12T14:22:58.604Z - info: Using extension reports@4.1.3
2025-03-12T14:22:58.607Z - info: Using extension tags@4.0.1
2025-03-12T14:22:58.608Z - info: Using extension text@4.0.2
2025-03-12T14:22:58.609Z - info: Using extension version-control@4.1.0
2025-03-12T14:22:58.620Z - info: Using extension assets@4.2.1
2025-03-12T14:22:58.634Z - info: Using extension authorization@4.1.0
2025-03-12T14:22:58.640Z - debug: Extension authorization@4.1.0 was disabled
2025-03-12T14:22:58.640Z - info: Using extension browser-client@4.1.0
2025-03-12T14:22:58.642Z - info: Using extension chrome-pdf@4.1.1
2025-03-12T14:22:58.645Z - debug: Chrome strategy is chrome-pool, numberOfWorkers: 1
2025-03-12T14:22:58.645Z - debug: Chrome custom launch options are protocolTimeout=60000
2025-03-12T14:22:58.646Z - info: Using extension docx@4.7.0
2025-03-12T14:22:58.648Z - info: Using extension html-to-xlsx@4.2.0
2025-03-12T14:22:58.832Z - info: html-to-xlsx detected chrome as available html engine
2025-03-12T14:22:58.832Z - info: Using extension pptx@4.4.0
2025-03-12T14:22:58.834Z - info: Using extension scheduling@4.1.0
2025-03-12T14:22:58.858Z - info: Using extension scripts@4.2.0
2025-03-12T14:22:58.859Z - info: Using extension static-pdf@4.1.0
2025-03-12T14:22:58.860Z - info: Using extension studio@4.3.0
2025-03-12T14:22:58.927Z - info: Using extension xlsx@4.4.0
2025-03-12T14:22:58.929Z - info: Using extension public-templates@4.0.0
2025-03-12T14:22:58.931Z - debug: Extension public-templates@4.0.0 was disabled
2025-03-12T14:22:58.931Z - info: Using extension sample-template@4.0.1
2025-03-12T14:22:58.933Z - info: Using extension studio-theme-dark@4.0.0
2025-03-12T14:22:58.935Z - info: Using general timeout for rendering (reportTimeout: 60000)
2025-03-12T14:22:58.935Z - info: Using memory provider for template store. The saved templates will be lost after restart
2025-03-12T14:22:58.945Z - debug: studio default theme is: light
2025-03-12T14:22:58.949Z - info: Creating default express app.
2025-03-12T14:22:58.967Z - info: jsreport server successfully started on http port: 5488
2025-03-12T14:22:58.968Z - info: Verifying license key free
2025-03-12T14:22:58.969Z - info: Using free license
2025-03-12T14:22:58.976Z - info: Migrating templates chrome settings (waitForNetworkIddle -> waitForNetworkIdle)
2025-03-12T14:22:58.977Z - info: Migration successful
2025-03-12T14:22:58.978Z - debug: Creating samples is disabled
2025-03-12T14:22:58.978Z - info: Initializing worker threads
2025-03-12T14:22:58.979Z - debug: Extensions in workers: base, child-templates, components, data, express, handlebars, jsrender, localization, npm, pdf-utils, reports, text, version-control, assets, browser-client, chrome-pdf, docx, html-to-xlsx, pptx, scripts, static-pdf, studio, xlsx
2025-03-12T14:22:59.519Z - info: 2 worker threads initialized in 541ms
2025-03-12T14:22:59.519Z - info: Starting temp files cleanup with 180000ms threshold
2025-03-12T14:22:59.520Z - info: reporter initialized
2025-03-12T14:23:08.597Z - info: Initializing jsreport (version: 4.8.0, configuration file: none, nodejs: 20.15.1)
2025-03-12T14:23:08.600Z - info: Searching for available extensions in C:\Users\barua\OneDrive\Desktop\Gadify-Backend\
2025-03-12T14:23:08.604Z - info: Extensions location cache contains up to date information, skipping crawling in C:\Users\barua\OneDrive\Desktop\Gadify-Backend\
2025-03-12T14:23:08.668Z - info: Found 35 extension(s)
2025-03-12T14:23:08.694Z - debug: Writing extension locations cache to C:\Users\barua\AppData\Local\Temp\jsreport\core\locations.json
2025-03-12T14:23:08.695Z - debug: Discovered 35 extensions
2025-03-12T14:23:08.729Z - info: Using extension authentication@4.2.3
2025-03-12T14:23:08.884Z - debug: Extension authentication@4.2.3 was disabled
2025-03-12T14:23:08.884Z - info: Using extension base@4.0.0
2025-03-12T14:23:08.887Z - info: Using extension child-templates@4.1.0
2025-03-12T14:23:08.889Z - info: Using extension cli@4.1.0
2025-03-12T14:23:08.891Z - info: Using extension components@4.0.2
2025-03-12T14:23:08.893Z - info: Using extension data@4.1.0
2025-03-12T14:23:08.894Z - info: Using extension express@4.2.0
2025-03-12T14:23:09.139Z - info: Using extension freeze@4.0.0
2025-03-12T14:23:09.141Z - info: Using extension fs-store@4.1.0
2025-03-12T14:23:09.262Z - debug: Extension fs-store@4.1.0 was disabled
2025-03-12T14:23:09.262Z - info: Using extension handlebars@4.0.1
2025-03-12T14:23:09.264Z - info: Using extension import-export@4.0.6
2025-03-12T14:23:09.281Z - info: Using extension jsrender@4.0.0
2025-03-12T14:23:09.282Z - info: Using extension licensing@4.0.4
2025-03-12T14:23:09.315Z - info: Using extension localization@4.0.1
2025-03-12T14:23:09.316Z - info: Using extension npm@4.0.0
2025-03-12T14:23:09.321Z - info: Using extension pdf-utils@4.3.0
2025-03-12T14:23:09.323Z - info: Using extension reports@4.1.3
2025-03-12T14:23:09.326Z - info: Using extension tags@4.0.1
2025-03-12T14:23:09.327Z - info: Using extension text@4.0.2
2025-03-12T14:23:09.329Z - info: Using extension version-control@4.1.0
2025-03-12T14:23:09.340Z - info: Using extension assets@4.2.1
2025-03-12T14:23:09.352Z - info: Using extension authorization@4.1.0
2025-03-12T14:23:09.357Z - debug: Extension authorization@4.1.0 was disabled
2025-03-12T14:23:09.357Z - info: Using extension browser-client@4.1.0
2025-03-12T14:23:09.360Z - info: Using extension chrome-pdf@4.1.1
2025-03-12T14:23:09.362Z - debug: Chrome strategy is chrome-pool, numberOfWorkers: 1
2025-03-12T14:23:09.363Z - debug: Chrome custom launch options are protocolTimeout=60000
2025-03-12T14:23:09.363Z - info: Using extension docx@4.7.0
2025-03-12T14:23:09.365Z - info: Using extension html-to-xlsx@4.2.0
2025-03-12T14:23:09.546Z - info: html-to-xlsx detected chrome as available html engine
2025-03-12T14:23:09.547Z - info: Using extension pptx@4.4.0
2025-03-12T14:23:09.549Z - info: Using extension scheduling@4.1.0
2025-03-12T14:23:09.571Z - info: Using extension scripts@4.2.0
2025-03-12T14:23:09.572Z - info: Using extension static-pdf@4.1.0
2025-03-12T14:23:09.573Z - info: Using extension studio@4.3.0
2025-03-12T14:23:09.638Z - info: Using extension xlsx@4.4.0
2025-03-12T14:23:09.641Z - info: Using extension public-templates@4.0.0
2025-03-12T14:23:09.642Z - debug: Extension public-templates@4.0.0 was disabled
2025-03-12T14:23:09.642Z - info: Using extension sample-template@4.0.1
2025-03-12T14:23:09.644Z - info: Using extension studio-theme-dark@4.0.0
2025-03-12T14:23:09.645Z - info: Using general timeout for rendering (reportTimeout: 60000)
2025-03-12T14:23:09.645Z - info: Using memory provider for template store. The saved templates will be lost after restart
2025-03-12T14:23:09.655Z - debug: studio default theme is: light
2025-03-12T14:23:09.659Z - info: Creating default express app.
2025-03-12T14:23:09.675Z - info: jsreport server successfully started on http port: 5488
2025-03-12T14:23:09.677Z - info: Verifying license key free
2025-03-12T14:23:09.677Z - info: Using free license
2025-03-12T14:23:09.683Z - info: Migrating templates chrome settings (waitForNetworkIddle -> waitForNetworkIdle)
2025-03-12T14:23:09.684Z - info: Migration successful
2025-03-12T14:23:09.685Z - debug: Creating samples is disabled
2025-03-12T14:23:09.685Z - info: Initializing worker threads
2025-03-12T14:23:09.685Z - debug: Extensions in workers: base, child-templates, components, data, express, handlebars, jsrender, localization, npm, pdf-utils, reports, text, version-control, assets, browser-client, chrome-pdf, docx, html-to-xlsx, pptx, scripts, static-pdf, studio, xlsx
2025-03-12T14:23:10.196Z - info: 2 worker threads initialized in 511ms
2025-03-12T14:23:10.197Z - info: Starting temp files cleanup with 180000ms threshold
2025-03-12T14:23:10.198Z - info: reporter initialized
2025-03-12T14:24:04.278Z - info: Initializing jsreport (version: 4.8.0, configuration file: none, nodejs: 20.15.1)
2025-03-12T14:24:04.281Z - info: Searching for available extensions in C:\Users\barua\OneDrive\Desktop\Gadify-Backend\
2025-03-12T14:24:04.285Z - info: Extensions location cache contains up to date information, skipping crawling in C:\Users\barua\OneDrive\Desktop\Gadify-Backend\
2025-03-12T14:24:04.350Z - info: Found 35 extension(s)
2025-03-12T14:24:04.376Z - debug: Writing extension locations cache to C:\Users\barua\AppData\Local\Temp\jsreport\core\locations.json
2025-03-12T14:24:04.378Z - debug: Discovered 35 extensions
2025-03-12T14:24:04.412Z - info: Using extension authentication@4.2.3
2025-03-12T14:24:04.569Z - debug: Extension authentication@4.2.3 was disabled
2025-03-12T14:24:04.569Z - info: Using extension base@4.0.0
2025-03-12T14:24:04.572Z - info: Using extension child-templates@4.1.0
2025-03-12T14:24:04.574Z - info: Using extension cli@4.1.0
2025-03-12T14:24:04.576Z - info: Using extension components@4.0.2
2025-03-12T14:24:04.578Z - info: Using extension data@4.1.0
2025-03-12T14:24:04.579Z - info: Using extension express@4.2.0
2025-03-12T14:24:04.818Z - info: Using extension freeze@4.0.0
2025-03-12T14:24:04.820Z - info: Using extension fs-store@4.1.0
2025-03-12T14:24:04.948Z - debug: Extension fs-store@4.1.0 was disabled
2025-03-12T14:24:04.949Z - info: Using extension handlebars@4.0.1
2025-03-12T14:24:04.950Z - info: Using extension import-export@4.0.6
2025-03-12T14:24:04.968Z - info: Using extension jsrender@4.0.0
2025-03-12T14:24:04.969Z - info: Using extension licensing@4.0.4
2025-03-12T14:24:05.004Z - info: Using extension localization@4.0.1
2025-03-12T14:24:05.006Z - info: Using extension npm@4.0.0
2025-03-12T14:24:05.012Z - info: Using extension pdf-utils@4.3.0
2025-03-12T14:24:05.014Z - info: Using extension reports@4.1.3
2025-03-12T14:24:05.016Z - info: Using extension tags@4.0.1
2025-03-12T14:24:05.018Z - info: Using extension text@4.0.2
2025-03-12T14:24:05.019Z - info: Using extension version-control@4.1.0
2025-03-12T14:24:05.031Z - info: Using extension assets@4.2.1
2025-03-12T14:24:05.046Z - info: Using extension authorization@4.1.0
2025-03-12T14:24:05.050Z - debug: Extension authorization@4.1.0 was disabled
2025-03-12T14:24:05.051Z - info: Using extension browser-client@4.1.0
2025-03-12T14:24:05.054Z - info: Using extension chrome-pdf@4.1.1
2025-03-12T14:24:05.056Z - debug: Chrome strategy is chrome-pool, numberOfWorkers: 1
2025-03-12T14:24:05.057Z - debug: Chrome custom launch options are protocolTimeout=60000
2025-03-12T14:24:05.057Z - info: Using extension docx@4.7.0
2025-03-12T14:24:05.060Z - info: Using extension html-to-xlsx@4.2.0
2025-03-12T14:24:05.265Z - info: html-to-xlsx detected chrome as available html engine
2025-03-12T14:24:05.266Z - info: Using extension pptx@4.4.0
2025-03-12T14:24:05.268Z - info: Using extension scheduling@4.1.0
2025-03-12T14:24:05.291Z - info: Using extension scripts@4.2.0
2025-03-12T14:24:05.292Z - info: Using extension static-pdf@4.1.0
2025-03-12T14:24:05.293Z - info: Using extension studio@4.3.0
2025-03-12T14:24:05.361Z - info: Using extension xlsx@4.4.0
2025-03-12T14:24:05.363Z - info: Using extension public-templates@4.0.0
2025-03-12T14:24:05.364Z - debug: Extension public-templates@4.0.0 was disabled
2025-03-12T14:24:05.364Z - info: Using extension sample-template@4.0.1
2025-03-12T14:24:05.367Z - info: Using extension studio-theme-dark@4.0.0
2025-03-12T14:24:05.368Z - info: Using general timeout for rendering (reportTimeout: 60000)
2025-03-12T14:24:05.369Z - info: Using memory provider for template store. The saved templates will be lost after restart
2025-03-12T14:24:05.379Z - debug: studio default theme is: light
2025-03-12T14:24:05.383Z - info: Creating default express app.
2025-03-12T14:24:05.401Z - info: jsreport server successfully started on http port: 5488
2025-03-12T14:24:05.403Z - info: Verifying license key free
2025-03-12T14:24:05.403Z - info: Using free license
2025-03-12T14:24:05.409Z - info: Migrating templates chrome settings (waitForNetworkIddle -> waitForNetworkIdle)
2025-03-12T14:24:05.410Z - info: Migration successful
2025-03-12T14:24:05.411Z - debug: Creating samples is disabled
2025-03-12T14:24:05.411Z - info: Initializing worker threads
2025-03-12T14:24:05.411Z - debug: Extensions in workers: base, child-templates, components, data, express, handlebars, jsrender, localization, npm, pdf-utils, reports, text, version-control, assets, browser-client, chrome-pdf, docx, html-to-xlsx, pptx, scripts, static-pdf, studio, xlsx
2025-03-12T14:24:05.953Z - info: 2 worker threads initialized in 542ms
2025-03-12T14:24:05.954Z - info: Starting temp files cleanup with 180000ms threshold
2025-03-12T14:24:05.955Z - info: reporter initialized
2025-03-12T14:24:44.350Z - info: Initializing jsreport (version: 4.8.0, configuration file: none, nodejs: 20.15.1)
2025-03-12T14:24:44.353Z - info: Searching for available extensions in C:\Users\barua\OneDrive\Desktop\Gadify-Backend\
2025-03-12T14:24:44.358Z - info: Extensions location cache contains up to date information, skipping crawling in C:\Users\barua\OneDrive\Desktop\Gadify-Backend\
2025-03-12T14:24:44.424Z - info: Found 35 extension(s)
2025-03-12T14:24:44.451Z - debug: Writing extension locations cache to C:\Users\barua\AppData\Local\Temp\jsreport\core\locations.json
2025-03-12T14:24:44.453Z - debug: Discovered 35 extensions
2025-03-12T14:24:44.487Z - info: Using extension authentication@4.2.3
2025-03-12T14:24:44.648Z - debug: Extension authentication@4.2.3 was disabled
2025-03-12T14:24:44.649Z - info: Using extension base@4.0.0
2025-03-12T14:24:44.652Z - info: Using extension child-templates@4.1.0
2025-03-12T14:24:44.653Z - info: Using extension cli@4.1.0
2025-03-12T14:24:44.655Z - info: Using extension components@4.0.2
2025-03-12T14:24:44.657Z - info: Using extension data@4.1.0
2025-03-12T14:24:44.658Z - info: Using extension express@4.2.0
2025-03-12T14:24:44.889Z - info: Using extension freeze@4.0.0
2025-03-12T14:24:44.891Z - info: Using extension fs-store@4.1.0
2025-03-12T14:24:45.025Z - debug: Extension fs-store@4.1.0 was disabled
2025-03-12T14:24:45.025Z - info: Using extension handlebars@4.0.1
2025-03-12T14:24:45.027Z - info: Using extension import-export@4.0.6
2025-03-12T14:24:45.045Z - info: Using extension jsrender@4.0.0
2025-03-12T14:24:45.046Z - info: Using extension licensing@4.0.4
2025-03-12T14:24:45.083Z - info: Using extension localization@4.0.1
2025-03-12T14:24:45.085Z - info: Using extension npm@4.0.0
2025-03-12T14:24:45.090Z - info: Using extension pdf-utils@4.3.0
2025-03-12T14:24:45.092Z - info: Using extension reports@4.1.3
2025-03-12T14:24:45.095Z - info: Using extension tags@4.0.1
2025-03-12T14:24:45.097Z - info: Using extension text@4.0.2
2025-03-12T14:24:45.098Z - info: Using extension version-control@4.1.0
2025-03-12T14:24:45.109Z - info: Using extension assets@4.2.1
2025-03-12T14:24:45.123Z - info: Using extension authorization@4.1.0
2025-03-12T14:24:45.127Z - debug: Extension authorization@4.1.0 was disabled
2025-03-12T14:24:45.128Z - info: Using extension browser-client@4.1.0
2025-03-12T14:24:45.130Z - info: Using extension chrome-pdf@4.1.1
2025-03-12T14:24:45.133Z - debug: Chrome strategy is chrome-pool, numberOfWorkers: 1
2025-03-12T14:24:45.133Z - debug: Chrome custom launch options are protocolTimeout=60000
2025-03-12T14:24:45.134Z - info: Using extension docx@4.7.0
2025-03-12T14:24:45.136Z - info: Using extension html-to-xlsx@4.2.0
2025-03-12T14:24:45.364Z - info: html-to-xlsx detected chrome as available html engine
2025-03-12T14:24:45.365Z - info: Using extension pptx@4.4.0
2025-03-12T14:24:45.367Z - info: Using extension scheduling@4.1.0
2025-03-12T14:24:45.390Z - info: Using extension scripts@4.2.0
2025-03-12T14:24:45.391Z - info: Using extension static-pdf@4.1.0
2025-03-12T14:24:45.392Z - info: Using extension studio@4.3.0
2025-03-12T14:24:45.461Z - info: Using extension xlsx@4.4.0
2025-03-12T14:24:45.463Z - info: Using extension public-templates@4.0.0
2025-03-12T14:24:45.464Z - debug: Extension public-templates@4.0.0 was disabled
2025-03-12T14:24:45.465Z - info: Using extension sample-template@4.0.1
2025-03-12T14:24:45.467Z - info: Using extension studio-theme-dark@4.0.0
2025-03-12T14:24:45.469Z - info: Using general timeout for rendering (reportTimeout: 60000)
2025-03-12T14:24:45.469Z - info: Using memory provider for template store. The saved templates will be lost after restart
2025-03-12T14:24:45.480Z - debug: studio default theme is: light
2025-03-12T14:24:45.484Z - info: Creating default express app.
2025-03-12T14:24:45.500Z - info: jsreport server successfully started on http port: 5488
2025-03-12T14:24:45.502Z - info: Verifying license key free
2025-03-12T14:24:45.502Z - info: Using free license
2025-03-12T14:24:45.508Z - info: Migrating templates chrome settings (waitForNetworkIddle -> waitForNetworkIdle)
2025-03-12T14:24:45.509Z - info: Migration successful
2025-03-12T14:24:45.509Z - debug: Creating samples is disabled
2025-03-12T14:24:45.510Z - info: Initializing worker threads
2025-03-12T14:24:45.510Z - debug: Extensions in workers: base, child-templates, components, data, express, handlebars, jsrender, localization, npm, pdf-utils, reports, text, version-control, assets, browser-client, chrome-pdf, docx, html-to-xlsx, pptx, scripts, static-pdf, studio, xlsx
2025-03-12T14:24:46.064Z - info: 2 worker threads initialized in 554ms
2025-03-12T14:24:46.064Z - info: Starting temp files cleanup with 180000ms threshold
2025-03-12T14:24:46.065Z - info: reporter initialized
2025-03-12T14:25:00.872Z - info: Initializing jsreport (version: 4.8.0, configuration file: none, nodejs: 20.15.1)
2025-03-12T14:25:00.875Z - info: Searching for available extensions in C:\Users\barua\OneDrive\Desktop\Gadify-Backend\
2025-03-12T14:25:00.879Z - info: Extensions location cache contains up to date information, skipping crawling in C:\Users\barua\OneDrive\Desktop\Gadify-Backend\
2025-03-12T14:25:00.949Z - info: Found 35 extension(s)
2025-03-12T14:25:00.976Z - debug: Writing extension locations cache to C:\Users\barua\AppData\Local\Temp\jsreport\core\locations.json
2025-03-12T14:25:00.978Z - debug: Discovered 35 extensions
2025-03-12T14:25:01.017Z - info: Using extension authentication@4.2.3
2025-03-12T14:25:01.177Z - debug: Extension authentication@4.2.3 was disabled
2025-03-12T14:25:01.178Z - info: Using extension base@4.0.0
2025-03-12T14:25:01.181Z - info: Using extension child-templates@4.1.0
2025-03-12T14:25:01.182Z - info: Using extension cli@4.1.0
2025-03-12T14:25:01.185Z - info: Using extension components@4.0.2
2025-03-12T14:25:01.186Z - info: Using extension data@4.1.0
2025-03-12T14:25:01.187Z - info: Using extension express@4.2.0
2025-03-12T14:25:01.426Z - info: Using extension freeze@4.0.0
2025-03-12T14:25:01.428Z - info: Using extension fs-store@4.1.0
2025-03-12T14:25:01.548Z - debug: Extension fs-store@4.1.0 was disabled
2025-03-12T14:25:01.549Z - info: Using extension handlebars@4.0.1
2025-03-12T14:25:01.551Z - info: Using extension import-export@4.0.6
2025-03-12T14:25:01.568Z - info: Using extension jsrender@4.0.0
2025-03-12T14:25:01.569Z - info: Using extension licensing@4.0.4
2025-03-12T14:25:01.606Z - info: Using extension localization@4.0.1
2025-03-12T14:25:01.607Z - info: Using extension npm@4.0.0
2025-03-12T14:25:01.612Z - info: Using extension pdf-utils@4.3.0
2025-03-12T14:25:01.614Z - info: Using extension reports@4.1.3
2025-03-12T14:25:01.618Z - info: Using extension tags@4.0.1
2025-03-12T14:25:01.619Z - info: Using extension text@4.0.2
2025-03-12T14:25:01.620Z - info: Using extension version-control@4.1.0
2025-03-12T14:25:01.633Z - info: Using extension assets@4.2.1
2025-03-12T14:25:01.647Z - info: Using extension authorization@4.1.0
2025-03-12T14:25:01.652Z - debug: Extension authorization@4.1.0 was disabled
2025-03-12T14:25:01.652Z - info: Using extension browser-client@4.1.0
2025-03-12T14:25:01.655Z - info: Using extension chrome-pdf@4.1.1
2025-03-12T14:25:01.657Z - debug: Chrome strategy is chrome-pool, numberOfWorkers: 1
2025-03-12T14:25:01.658Z - debug: Chrome custom launch options are protocolTimeout=60000
2025-03-12T14:25:01.658Z - info: Using extension docx@4.7.0
2025-03-12T14:25:01.661Z - info: Using extension html-to-xlsx@4.2.0
2025-03-12T14:25:01.851Z - info: html-to-xlsx detected chrome as available html engine
2025-03-12T14:25:01.852Z - info: Using extension pptx@4.4.0
2025-03-12T14:25:01.854Z - info: Using extension scheduling@4.1.0
2025-03-12T14:25:01.877Z - info: Using extension scripts@4.2.0
2025-03-12T14:25:01.879Z - info: Using extension static-pdf@4.1.0
2025-03-12T14:25:01.880Z - info: Using extension studio@4.3.0
2025-03-12T14:25:01.949Z - info: Using extension xlsx@4.4.0
2025-03-12T14:25:01.952Z - info: Using extension public-templates@4.0.0
2025-03-12T14:25:01.953Z - debug: Extension public-templates@4.0.0 was disabled
2025-03-12T14:25:01.954Z - info: Using extension sample-template@4.0.1
2025-03-12T14:25:01.956Z - info: Using extension studio-theme-dark@4.0.0
2025-03-12T14:25:01.958Z - info: Using general timeout for rendering (reportTimeout: 60000)
2025-03-12T14:25:01.958Z - info: Using memory provider for template store. The saved templates will be lost after restart
2025-03-12T14:25:01.969Z - debug: studio default theme is: light
2025-03-12T14:25:01.972Z - info: Creating default express app.
2025-03-12T14:25:01.990Z - info: jsreport server successfully started on http port: 5488
2025-03-12T14:25:01.992Z - info: Verifying license key free
2025-03-12T14:25:01.993Z - info: Using free license
2025-03-12T14:25:01.999Z - info: Migrating templates chrome settings (waitForNetworkIddle -> waitForNetworkIdle)
2025-03-12T14:25:02.000Z - info: Migration successful
2025-03-12T14:25:02.001Z - debug: Creating samples is disabled
2025-03-12T14:25:02.001Z - info: Initializing worker threads
2025-03-12T14:25:02.001Z - debug: Extensions in workers: base, child-templates, components, data, express, handlebars, jsrender, localization, npm, pdf-utils, reports, text, version-control, assets, browser-client, chrome-pdf, docx, html-to-xlsx, pptx, scripts, static-pdf, studio, xlsx
2025-03-12T14:25:02.567Z - info: 2 worker threads initialized in 566ms
2025-03-12T14:25:02.567Z - info: Starting temp files cleanup with 180000ms threshold
2025-03-12T14:25:02.568Z - info: reporter initialized
2025-03-12T14:29:53.918Z - info: Initializing jsreport (version: 4.8.0, configuration file: none, nodejs: 20.15.1)
2025-03-12T14:29:53.921Z - info: Searching for available extensions in C:\Users\barua\OneDrive\Desktop\Gadify-Backend\
2025-03-12T14:29:53.925Z - info: Extensions location cache contains up to date information, skipping crawling in C:\Users\barua\OneDrive\Desktop\Gadify-Backend\
2025-03-12T14:29:53.992Z - info: Found 35 extension(s)
2025-03-12T14:29:54.017Z - debug: Writing extension locations cache to C:\Users\barua\AppData\Local\Temp\jsreport\core\locations.json
2025-03-12T14:29:54.019Z - debug: Discovered 35 extensions
2025-03-12T14:29:54.053Z - info: Using extension authentication@4.2.3
2025-03-12T14:29:54.213Z - debug: Extension authentication@4.2.3 was disabled
2025-03-12T14:29:54.213Z - info: Using extension base@4.0.0
2025-03-12T14:29:54.216Z - info: Using extension child-templates@4.1.0
2025-03-12T14:29:54.218Z - info: Using extension cli@4.1.0
2025-03-12T14:29:54.220Z - info: Using extension components@4.0.2
2025-03-12T14:29:54.222Z - info: Using extension data@4.1.0
2025-03-12T14:29:54.224Z - info: Using extension express@4.2.0
2025-03-12T14:29:54.473Z - info: Using extension freeze@4.0.0
2025-03-12T14:29:54.475Z - info: Using extension fs-store@4.1.0
2025-03-12T14:29:54.600Z - debug: Extension fs-store@4.1.0 was disabled
2025-03-12T14:29:54.601Z - info: Using extension handlebars@4.0.1
2025-03-12T14:29:54.602Z - info: Using extension import-export@4.0.6
2025-03-12T14:29:54.619Z - info: Using extension jsrender@4.0.0
2025-03-12T14:29:54.620Z - info: Using extension licensing@4.0.4
2025-03-12T14:29:54.654Z - info: Using extension localization@4.0.1
2025-03-12T14:29:54.655Z - info: Using extension npm@4.0.0
2025-03-12T14:29:54.660Z - info: Using extension pdf-utils@4.3.0
2025-03-12T14:29:54.663Z - info: Using extension reports@4.1.3
2025-03-12T14:29:54.666Z - info: Using extension tags@4.0.1
2025-03-12T14:29:54.668Z - info: Using extension text@4.0.2
2025-03-12T14:29:54.669Z - info: Using extension version-control@4.1.0
2025-03-12T14:29:54.682Z - info: Using extension assets@4.2.1
2025-03-12T14:29:54.695Z - info: Using extension authorization@4.1.0
2025-03-12T14:29:54.699Z - debug: Extension authorization@4.1.0 was disabled
2025-03-12T14:29:54.699Z - info: Using extension browser-client@4.1.0
2025-03-12T14:29:54.702Z - info: Using extension chrome-pdf@4.1.1
2025-03-12T14:29:54.705Z - debug: Chrome strategy is chrome-pool, numberOfWorkers: 1
2025-03-12T14:29:54.705Z - debug: Chrome custom launch options are protocolTimeout=60000
2025-03-12T14:29:54.706Z - info: Using extension docx@4.7.0
2025-03-12T14:29:54.709Z - info: Using extension html-to-xlsx@4.2.0
2025-03-12T14:29:54.890Z - info: html-to-xlsx detected chrome as available html engine
2025-03-12T14:29:54.890Z - info: Using extension pptx@4.4.0
2025-03-12T14:29:54.892Z - info: Using extension scheduling@4.1.0
2025-03-12T14:29:54.914Z - info: Using extension scripts@4.2.0
2025-03-12T14:29:54.915Z - info: Using extension static-pdf@4.1.0
2025-03-12T14:29:54.916Z - info: Using extension studio@4.3.0
2025-03-12T14:29:54.983Z - info: Using extension xlsx@4.4.0
2025-03-12T14:29:54.986Z - info: Using extension public-templates@4.0.0
2025-03-12T14:29:54.988Z - debug: Extension public-templates@4.0.0 was disabled
2025-03-12T14:29:54.988Z - info: Using extension sample-template@4.0.1
2025-03-12T14:29:54.990Z - info: Using extension studio-theme-dark@4.0.0
2025-03-12T14:29:54.992Z - info: Using general timeout for rendering (reportTimeout: 60000)
2025-03-12T14:29:54.992Z - info: Using memory provider for template store. The saved templates will be lost after restart
2025-03-12T14:29:55.002Z - debug: studio default theme is: light
2025-03-12T14:29:55.006Z - info: Creating default express app.
2025-03-12T14:29:55.023Z - info: jsreport server successfully started on http port: 5488
2025-03-12T14:29:55.025Z - info: Verifying license key free
2025-03-12T14:29:55.026Z - info: Using free license
2025-03-12T14:29:55.031Z - info: Migrating templates chrome settings (waitForNetworkIddle -> waitForNetworkIdle)
2025-03-12T14:29:55.032Z - info: Migration successful
2025-03-12T14:29:55.032Z - debug: Creating samples is disabled
2025-03-12T14:29:55.033Z - info: Initializing worker threads
2025-03-12T14:29:55.033Z - debug: Extensions in workers: base, child-templates, components, data, express, handlebars, jsrender, localization, npm, pdf-utils, reports, text, version-control, assets, browser-client, chrome-pdf, docx, html-to-xlsx, pptx, scripts, static-pdf, studio, xlsx
2025-03-12T14:29:55.590Z - info: 2 worker threads initialized in 557ms
2025-03-12T14:29:55.591Z - info: Starting temp files cleanup with 180000ms threshold
2025-03-12T14:29:55.592Z - info: reporter initialized
2025-03-12T14:31:46.488Z - info: Initializing jsreport (version: 4.8.0, configuration file: none, nodejs: 20.15.1)
2025-03-12T14:31:46.491Z - info: Searching for available extensions in C:\Users\barua\OneDrive\Desktop\Gadify-Backend\
2025-03-12T14:31:46.495Z - info: Extensions location cache contains up to date information, skipping crawling in C:\Users\barua\OneDrive\Desktop\Gadify-Backend\
2025-03-12T14:31:46.558Z - info: Found 35 extension(s)
2025-03-12T14:31:46.584Z - debug: Writing extension locations cache to C:\Users\barua\AppData\Local\Temp\jsreport\core\locations.json
2025-03-12T14:31:46.586Z - debug: Discovered 35 extensions
2025-03-12T14:31:46.624Z - info: Using extension authentication@4.2.3
2025-03-12T14:31:46.785Z - debug: Extension authentication@4.2.3 was disabled
2025-03-12T14:31:46.786Z - info: Using extension base@4.0.0
2025-03-12T14:31:46.789Z - info: Using extension child-templates@4.1.0
2025-03-12T14:31:46.790Z - info: Using extension cli@4.1.0
2025-03-12T14:31:46.792Z - info: Using extension components@4.0.2
2025-03-12T14:31:46.794Z - info: Using extension data@4.1.0
2025-03-12T14:31:46.795Z - info: Using extension express@4.2.0
2025-03-12T14:31:47.029Z - info: Using extension freeze@4.0.0
2025-03-12T14:31:47.031Z - info: Using extension fs-store@4.1.0
2025-03-12T14:31:47.152Z - debug: Extension fs-store@4.1.0 was disabled
2025-03-12T14:31:47.152Z - info: Using extension handlebars@4.0.1
2025-03-12T14:31:47.154Z - info: Using extension import-export@4.0.6
2025-03-12T14:31:47.171Z - info: Using extension jsrender@4.0.0
2025-03-12T14:31:47.172Z - info: Using extension licensing@4.0.4
2025-03-12T14:31:47.209Z - info: Using extension localization@4.0.1
2025-03-12T14:31:47.211Z - info: Using extension npm@4.0.0
2025-03-12T14:31:47.215Z - info: Using extension pdf-utils@4.3.0
2025-03-12T14:31:47.217Z - info: Using extension reports@4.1.3
2025-03-12T14:31:47.220Z - info: Using extension tags@4.0.1
2025-03-12T14:31:47.222Z - info: Using extension text@4.0.2
2025-03-12T14:31:47.223Z - info: Using extension version-control@4.1.0
2025-03-12T14:31:47.234Z - info: Using extension assets@4.2.1
2025-03-12T14:31:47.247Z - info: Using extension authorization@4.1.0
2025-03-12T14:31:47.251Z - debug: Extension authorization@4.1.0 was disabled
2025-03-12T14:31:47.252Z - info: Using extension browser-client@4.1.0
2025-03-12T14:31:47.254Z - info: Using extension chrome-pdf@4.1.1
2025-03-12T14:31:47.256Z - debug: Chrome strategy is chrome-pool, numberOfWorkers: 1
2025-03-12T14:31:47.257Z - debug: Chrome custom launch options are protocolTimeout=60000
2025-03-12T14:31:47.257Z - info: Using extension docx@4.7.0
2025-03-12T14:31:47.259Z - info: Using extension html-to-xlsx@4.2.0
2025-03-12T14:31:47.441Z - info: html-to-xlsx detected chrome as available html engine
2025-03-12T14:31:47.441Z - info: Using extension pptx@4.4.0
2025-03-12T14:31:47.444Z - info: Using extension scheduling@4.1.0
2025-03-12T14:31:47.465Z - info: Using extension scripts@4.2.0
2025-03-12T14:31:47.466Z - info: Using extension static-pdf@4.1.0
2025-03-12T14:31:47.467Z - info: Using extension studio@4.3.0
2025-03-12T14:31:47.534Z - info: Using extension xlsx@4.4.0
2025-03-12T14:31:47.536Z - info: Using extension public-templates@4.0.0
2025-03-12T14:31:47.538Z - debug: Extension public-templates@4.0.0 was disabled
2025-03-12T14:31:47.538Z - info: Using extension sample-template@4.0.1
2025-03-12T14:31:47.540Z - info: Using extension studio-theme-dark@4.0.0
2025-03-12T14:31:47.541Z - info: Using general timeout for rendering (reportTimeout: 60000)
2025-03-12T14:31:47.542Z - info: Using memory provider for template store. The saved templates will be lost after restart
2025-03-12T14:31:47.552Z - debug: studio default theme is: light
2025-03-12T14:31:47.556Z - info: Creating default express app.
2025-03-12T14:31:47.574Z - info: jsreport server successfully started on http port: 5488
2025-03-12T14:31:47.576Z - info: Verifying license key free
2025-03-12T14:31:47.576Z - info: Using free license
2025-03-12T14:31:47.582Z - info: Migrating templates chrome settings (waitForNetworkIddle -> waitForNetworkIdle)
2025-03-12T14:31:47.583Z - info: Migration successful
2025-03-12T14:31:47.583Z - debug: Creating samples is disabled
2025-03-12T14:31:47.584Z - info: Initializing worker threads
2025-03-12T14:31:47.584Z - debug: Extensions in workers: base, child-templates, components, data, express, handlebars, jsrender, localization, npm, pdf-utils, reports, text, version-control, assets, browser-client, chrome-pdf, docx, html-to-xlsx, pptx, scripts, static-pdf, studio, xlsx
2025-03-12T14:31:48.119Z - info: 2 worker threads initialized in 535ms
2025-03-12T14:31:48.120Z - info: Starting temp files cleanup with 180000ms threshold
2025-03-12T14:31:48.121Z - info: reporter initialized
2025-03-12T14:32:13.376Z - info: Initializing jsreport (version: 4.8.0, configuration file: none, nodejs: 20.15.1)
2025-03-12T14:32:13.379Z - info: Searching for available extensions in C:\Users\barua\OneDrive\Desktop\Gadify-Backend\
2025-03-12T14:32:13.383Z - info: Extensions location cache contains up to date information, skipping crawling in C:\Users\barua\OneDrive\Desktop\Gadify-Backend\
2025-03-12T14:32:13.451Z - info: Found 35 extension(s)
2025-03-12T14:32:13.476Z - debug: Writing extension locations cache to C:\Users\barua\AppData\Local\Temp\jsreport\core\locations.json
2025-03-12T14:32:13.477Z - debug: Discovered 35 extensions
2025-03-12T14:32:13.511Z - info: Using extension authentication@4.2.3
2025-03-12T14:32:13.671Z - debug: Extension authentication@4.2.3 was disabled
2025-03-12T14:32:13.672Z - info: Using extension base@4.0.0
2025-03-12T14:32:13.675Z - info: Using extension child-templates@4.1.0
2025-03-12T14:32:13.676Z - info: Using extension cli@4.1.0
2025-03-12T14:32:13.679Z - info: Using extension components@4.0.2
2025-03-12T14:32:13.681Z - info: Using extension data@4.1.0
2025-03-12T14:32:13.682Z - info: Using extension express@4.2.0
2025-03-12T14:32:13.920Z - info: Using extension freeze@4.0.0
2025-03-12T14:32:13.923Z - info: Using extension fs-store@4.1.0
2025-03-12T14:32:14.047Z - debug: Extension fs-store@4.1.0 was disabled
2025-03-12T14:32:14.047Z - info: Using extension handlebars@4.0.1
2025-03-12T14:32:14.049Z - info: Using extension import-export@4.0.6
2025-03-12T14:32:14.065Z - info: Using extension jsrender@4.0.0
2025-03-12T14:32:14.066Z - info: Using extension licensing@4.0.4
2025-03-12T14:32:14.099Z - info: Using extension localization@4.0.1
2025-03-12T14:32:14.100Z - info: Using extension npm@4.0.0
2025-03-12T14:32:14.106Z - info: Using extension pdf-utils@4.3.0
2025-03-12T14:32:14.108Z - info: Using extension reports@4.1.3
2025-03-12T14:32:14.111Z - info: Using extension tags@4.0.1
2025-03-12T14:32:14.112Z - info: Using extension text@4.0.2
2025-03-12T14:32:14.113Z - info: Using extension version-control@4.1.0
2025-03-12T14:32:14.126Z - info: Using extension assets@4.2.1
2025-03-12T14:32:14.138Z - info: Using extension authorization@4.1.0
2025-03-12T14:32:14.142Z - debug: Extension authorization@4.1.0 was disabled
2025-03-12T14:32:14.143Z - info: Using extension browser-client@4.1.0
2025-03-12T14:32:14.146Z - info: Using extension chrome-pdf@4.1.1
2025-03-12T14:32:14.149Z - debug: Chrome strategy is chrome-pool, numberOfWorkers: 1
2025-03-12T14:32:14.149Z - debug: Chrome custom launch options are protocolTimeout=60000
2025-03-12T14:32:14.150Z - info: Using extension docx@4.7.0
2025-03-12T14:32:14.152Z - info: Using extension html-to-xlsx@4.2.0
2025-03-12T14:32:14.348Z - info: html-to-xlsx detected chrome as available html engine
2025-03-12T14:32:14.349Z - info: Using extension pptx@4.4.0
2025-03-12T14:32:14.351Z - info: Using extension scheduling@4.1.0
2025-03-12T14:32:14.373Z - info: Using extension scripts@4.2.0
2025-03-12T14:32:14.374Z - info: Using extension static-pdf@4.1.0
2025-03-12T14:32:14.375Z - info: Using extension studio@4.3.0
2025-03-12T14:32:14.441Z - info: Using extension xlsx@4.4.0
2025-03-12T14:32:14.445Z - info: Using extension public-templates@4.0.0
2025-03-12T14:32:14.447Z - debug: Extension public-templates@4.0.0 was disabled
2025-03-12T14:32:14.447Z - info: Using extension sample-template@4.0.1
2025-03-12T14:32:14.451Z - info: Using extension studio-theme-dark@4.0.0
2025-03-12T14:32:14.453Z - info: Using general timeout for rendering (reportTimeout: 60000)
2025-03-12T14:32:14.453Z - info: Using memory provider for template store. The saved templates will be lost after restart
2025-03-12T14:32:14.463Z - debug: studio default theme is: light
2025-03-12T14:32:14.467Z - info: Creating default express app.
2025-03-12T14:32:14.484Z - info: jsreport server successfully started on http port: 5488
2025-03-12T14:32:14.486Z - info: Verifying license key free
2025-03-12T14:32:14.487Z - info: Using free license
2025-03-12T14:32:14.492Z - info: Migrating templates chrome settings (waitForNetworkIddle -> waitForNetworkIdle)
2025-03-12T14:32:14.493Z - info: Migration successful
2025-03-12T14:32:14.494Z - debug: Creating samples is disabled
2025-03-12T14:32:14.495Z - info: Initializing worker threads
2025-03-12T14:32:14.495Z - debug: Extensions in workers: base, child-templates, components, data, express, handlebars, jsrender, localization, npm, pdf-utils, reports, text, version-control, assets, browser-client, chrome-pdf, docx, html-to-xlsx, pptx, scripts, static-pdf, studio, xlsx
2025-03-12T14:32:15.016Z - info: 2 worker threads initialized in 520ms
2025-03-12T14:32:15.016Z - info: Starting temp files cleanup with 180000ms threshold
2025-03-12T14:32:15.017Z - info: reporter initialized
2025-03-12T14:32:32.936Z - debug: OData update on data
2025-03-12T14:32:32.955Z - debug: OData query on data
2025-03-12T14:33:02.676Z - debug: OData update on templates
2025-03-12T14:33:02.689Z - debug: OData query on templates
2025-03-12T14:33:04.533Z - info: Render request 1 queued for execution and waiting for available worker rootId=0pad307vafna3rh, id=0pad307vafna3rh
2025-03-12T14:33:04.541Z - info: Starting rendering request 1 rootId=0pad307vafna3rh, id=0pad307vafna3rh
2025-03-12T14:33:04.541Z - info: Rendering template { name: gadify_checklist, recipe: chrome-pdf, engine: handlebars, preview: true } rootId=0pad307vafna3rh, id=0pad307vafna3rh
2025-03-12T14:33:04.544Z - warn: Error when processing render request 1
(because) failed to parse data json
(because) data entry not found (A08XWGriC)
Error: Data entry not found (A08XWGriC)
  at module.exports (C:\Users\barua\OneDrive\Desktop\Gadify-Backend\node_modules\@jsreport\jsreport-core\lib\shared\createError.js:10:13)
  at WorkerReporter.createError (C:\Users\barua\OneDrive\Desktop\Gadify-Backend\node_modules\@jsreport\jsreport-core\lib\shared\reporter.js:53:12)
  at findDataItem (C:\Users\barua\OneDrive\Desktop\Gadify-Backend\node_modules\@jsreport\jsreport-data\lib\worker.js:34:24)
  at async Object.<anonymous> (C:\Users\barua\OneDrive\Desktop\Gadify-Backend\node_modules\@jsreport\jsreport-data\lib\worker.js:44:16)
  at async ListenerCollection.fire (C:\Users\barua\OneDrive\Desktop\Gadify-Backend\node_modules\@jsreport\jsreport-core\lib\shared\listenerCollection.js:157:21)
  at async beforeRender (C:\Users\barua\OneDrive\Desktop\Gadify-Backend\node_modules\@jsreport\jsreport-core\lib\worker\render\render.js:24:5)
  at async WorkerReporter._render (C:\Users\barua\OneDrive\Desktop\Gadify-Backend\node_modules\@jsreport\jsreport-core\lib\worker\render\render.js:147:7)
  at async C:\Users\barua\OneDrive\Desktop\Gadify-Backend\node_modules\@jsreport\jsreport-core\lib\worker\reporter.js:232:24
  at async processAndResponse (C:\Users\barua\OneDrive\Desktop\Gadify-Backend\node_modules\@jsreport\advanced-workers\lib\workerHandler.js:41:17)
wrapped by:
Error: Failed to parse data json
(because) data entry not found (A08XWGriC)
  at module.exports (C:\Users\barua\OneDrive\Desktop\Gadify-Backend\node_modules\@jsreport\jsreport-core\lib\shared\createError.js:10:13)
  at WorkerReporter.createError (C:\Users\barua\OneDrive\Desktop\Gadify-Backend\node_modules\@jsreport\jsreport-core\lib\shared\reporter.js:53:12)
  at Object.<anonymous> (C:\Users\barua\OneDrive\Desktop\Gadify-Backend\node_modules\@jsreport\jsreport-data\lib\worker.js:54:22)
  at async ListenerCollection.fire (C:\Users\barua\OneDrive\Desktop\Gadify-Backend\node_modules\@jsreport\jsreport-core\lib\shared\listenerCollection.js:157:21)
  at async beforeRender (C:\Users\barua\OneDrive\Desktop\Gadify-Backend\node_modules\@jsreport\jsreport-core\lib\worker\render\render.js:24:5)
  at async WorkerReporter._render (C:\Users\barua\OneDrive\Desktop\Gadify-Backend\node_modules\@jsreport\jsreport-core\lib\worker\render\render.js:147:7)
  at async C:\Users\barua\OneDrive\Desktop\Gadify-Backend\node_modules\@jsreport\jsreport-core\lib\worker\reporter.js:232:24
  at async processAndResponse (C:\Users\barua\OneDrive\Desktop\Gadify-Backend\node_modules\@jsreport\advanced-workers\lib\workerHandler.js:41:17) rootId=0pad307vafna3rh, id=0pad307vafna3rh
2025-03-12T14:33:04.544Z - warn: Rendering request 1 finished with error in 15 ms rootId=0pad307vafna3rh, id=0pad307vafna3rh
2025-03-12T14:35:11.339Z - info: Render request 2 queued for execution and waiting for available worker rootId=3ymri00u2isyjjq, id=3ymri00u2isyjjq
2025-03-12T14:35:11.344Z - info: Starting rendering request 2 rootId=3ymri00u2isyjjq, id=3ymri00u2isyjjq
2025-03-12T14:35:11.345Z - info: Rendering template { name: gadify_checklist, recipe: chrome-pdf, engine: handlebars, preview: true } rootId=3ymri00u2isyjjq, id=3ymri00u2isyjjq
2025-03-12T14:35:11.346Z - warn: Error when processing render request 2
(because) failed to parse data json
(because) data entry not found (A08XWGriC)
Error: Data entry not found (A08XWGriC)
  at module.exports (C:\Users\barua\OneDrive\Desktop\Gadify-Backend\node_modules\@jsreport\jsreport-core\lib\shared\createError.js:10:13)
  at WorkerReporter.createError (C:\Users\barua\OneDrive\Desktop\Gadify-Backend\node_modules\@jsreport\jsreport-core\lib\shared\reporter.js:53:12)
  at findDataItem (C:\Users\barua\OneDrive\Desktop\Gadify-Backend\node_modules\@jsreport\jsreport-data\lib\worker.js:34:24)
  at async Object.<anonymous> (C:\Users\barua\OneDrive\Desktop\Gadify-Backend\node_modules\@jsreport\jsreport-data\lib\worker.js:44:16)
  at async ListenerCollection.fire (C:\Users\barua\OneDrive\Desktop\Gadify-Backend\node_modules\@jsreport\jsreport-core\lib\shared\listenerCollection.js:157:21)
  at async beforeRender (C:\Users\barua\OneDrive\Desktop\Gadify-Backend\node_modules\@jsreport\jsreport-core\lib\worker\render\render.js:24:5)
  at async WorkerReporter._render (C:\Users\barua\OneDrive\Desktop\Gadify-Backend\node_modules\@jsreport\jsreport-core\lib\worker\render\render.js:147:7)
  at async C:\Users\barua\OneDrive\Desktop\Gadify-Backend\node_modules\@jsreport\jsreport-core\lib\worker\reporter.js:232:24
  at async processAndResponse (C:\Users\barua\OneDrive\Desktop\Gadify-Backend\node_modules\@jsreport\advanced-workers\lib\workerHandler.js:41:17)
wrapped by:
Error: Failed to parse data json
(because) data entry not found (A08XWGriC)
  at module.exports (C:\Users\barua\OneDrive\Desktop\Gadify-Backend\node_modules\@jsreport\jsreport-core\lib\shared\createError.js:10:13)
  at WorkerReporter.createError (C:\Users\barua\OneDrive\Desktop\Gadify-Backend\node_modules\@jsreport\jsreport-core\lib\shared\reporter.js:53:12)
  at Object.<anonymous> (C:\Users\barua\OneDrive\Desktop\Gadify-Backend\node_modules\@jsreport\jsreport-data\lib\worker.js:54:22)
  at async ListenerCollection.fire (C:\Users\barua\OneDrive\Desktop\Gadify-Backend\node_modules\@jsreport\jsreport-core\lib\shared\listenerCollection.js:157:21)
  at async beforeRender (C:\Users\barua\OneDrive\Desktop\Gadify-Backend\node_modules\@jsreport\jsreport-core\lib\worker\render\render.js:24:5)
  at async WorkerReporter._render (C:\Users\barua\OneDrive\Desktop\Gadify-Backend\node_modules\@jsreport\jsreport-core\lib\worker\render\render.js:147:7)
  at async C:\Users\barua\OneDrive\Desktop\Gadify-Backend\node_modules\@jsreport\jsreport-core\lib\worker\reporter.js:232:24
  at async processAndResponse (C:\Users\barua\OneDrive\Desktop\Gadify-Backend\node_modules\@jsreport\advanced-workers\lib\workerHandler.js:41:17) rootId=3ymri00u2isyjjq, id=3ymri00u2isyjjq
2025-03-12T14:35:11.346Z - warn: Rendering request 2 finished with error in 8 ms rootId=3ymri00u2isyjjq, id=3ymri00u2isyjjq
2025-03-12T14:35:12.584Z - debug: OData update on templates
2025-03-12T14:35:12.592Z - debug: OData query on templates
2025-03-12T14:35:13.927Z - info: Render request 3 queued for execution and waiting for available worker rootId=b7zuo1cm9odkine, id=b7zuo1cm9odkine
2025-03-12T14:35:13.931Z - info: Starting rendering request 3 rootId=b7zuo1cm9odkine, id=b7zuo1cm9odkine
2025-03-12T14:35:13.931Z - info: Rendering template { name: gadify_checklist, recipe: chrome-pdf, engine: handlebars, preview: true } rootId=b7zuo1cm9odkine, id=b7zuo1cm9odkine
2025-03-12T14:35:13.932Z - warn: Error when processing render request 3
(because) failed to parse data json
(because) data entry not found (A08XWGriC)
Error: Data entry not found (A08XWGriC)
  at module.exports (C:\Users\barua\OneDrive\Desktop\Gadify-Backend\node_modules\@jsreport\jsreport-core\lib\shared\createError.js:10:13)
  at WorkerReporter.createError (C:\Users\barua\OneDrive\Desktop\Gadify-Backend\node_modules\@jsreport\jsreport-core\lib\shared\reporter.js:53:12)
  at findDataItem (C:\Users\barua\OneDrive\Desktop\Gadify-Backend\node_modules\@jsreport\jsreport-data\lib\worker.js:34:24)
  at async Object.<anonymous> (C:\Users\barua\OneDrive\Desktop\Gadify-Backend\node_modules\@jsreport\jsreport-data\lib\worker.js:44:16)
  at async ListenerCollection.fire (C:\Users\barua\OneDrive\Desktop\Gadify-Backend\node_modules\@jsreport\jsreport-core\lib\shared\listenerCollection.js:157:21)
  at async beforeRender (C:\Users\barua\OneDrive\Desktop\Gadify-Backend\node_modules\@jsreport\jsreport-core\lib\worker\render\render.js:24:5)
  at async WorkerReporter._render (C:\Users\barua\OneDrive\Desktop\Gadify-Backend\node_modules\@jsreport\jsreport-core\lib\worker\render\render.js:147:7)
  at async C:\Users\barua\OneDrive\Desktop\Gadify-Backend\node_modules\@jsreport\jsreport-core\lib\worker\reporter.js:232:24
  at async processAndResponse (C:\Users\barua\OneDrive\Desktop\Gadify-Backend\node_modules\@jsreport\advanced-workers\lib\workerHandler.js:41:17)
wrapped by:
Error: Failed to parse data json
(because) data entry not found (A08XWGriC)
  at module.exports (C:\Users\barua\OneDrive\Desktop\Gadify-Backend\node_modules\@jsreport\jsreport-core\lib\shared\createError.js:10:13)
  at WorkerReporter.createError (C:\Users\barua\OneDrive\Desktop\Gadify-Backend\node_modules\@jsreport\jsreport-core\lib\shared\reporter.js:53:12)
  at Object.<anonymous> (C:\Users\barua\OneDrive\Desktop\Gadify-Backend\node_modules\@jsreport\jsreport-data\lib\worker.js:54:22)
  at async ListenerCollection.fire (C:\Users\barua\OneDrive\Desktop\Gadify-Backend\node_modules\@jsreport\jsreport-core\lib\shared\listenerCollection.js:157:21)
  at async beforeRender (C:\Users\barua\OneDrive\Desktop\Gadify-Backend\node_modules\@jsreport\jsreport-core\lib\worker\render\render.js:24:5)
  at async WorkerReporter._render (C:\Users\barua\OneDrive\Desktop\Gadify-Backend\node_modules\@jsreport\jsreport-core\lib\worker\render\render.js:147:7)
  at async C:\Users\barua\OneDrive\Desktop\Gadify-Backend\node_modules\@jsreport\jsreport-core\lib\worker\reporter.js:232:24
  at async processAndResponse (C:\Users\barua\OneDrive\Desktop\Gadify-Backend\node_modules\@jsreport\advanced-workers\lib\workerHandler.js:41:17) rootId=b7zuo1cm9odkine, id=b7zuo1cm9odkine
2025-03-12T14:35:13.932Z - warn: Rendering request 3 finished with error in 6 ms rootId=b7zuo1cm9odkine, id=b7zuo1cm9odkine
2025-03-12T14:35:14.425Z - info: Render request 4 queued for execution and waiting for available worker rootId=55d5inkx3u6s4rv, id=55d5inkx3u6s4rv
2025-03-12T14:35:14.428Z - info: Starting rendering request 4 rootId=55d5inkx3u6s4rv, id=55d5inkx3u6s4rv
2025-03-12T14:35:14.429Z - info: Rendering template { name: gadify_checklist, recipe: chrome-pdf, engine: handlebars, preview: true } rootId=55d5inkx3u6s4rv, id=55d5inkx3u6s4rv
2025-03-12T14:35:14.430Z - warn: Error when processing render request 4
(because) failed to parse data json
(because) data entry not found (A08XWGriC)
Error: Data entry not found (A08XWGriC)
  at module.exports (C:\Users\barua\OneDrive\Desktop\Gadify-Backend\node_modules\@jsreport\jsreport-core\lib\shared\createError.js:10:13)
  at WorkerReporter.createError (C:\Users\barua\OneDrive\Desktop\Gadify-Backend\node_modules\@jsreport\jsreport-core\lib\shared\reporter.js:53:12)
  at findDataItem (C:\Users\barua\OneDrive\Desktop\Gadify-Backend\node_modules\@jsreport\jsreport-data\lib\worker.js:34:24)
  at async Object.<anonymous> (C:\Users\barua\OneDrive\Desktop\Gadify-Backend\node_modules\@jsreport\jsreport-data\lib\worker.js:44:16)
  at async ListenerCollection.fire (C:\Users\barua\OneDrive\Desktop\Gadify-Backend\node_modules\@jsreport\jsreport-core\lib\shared\listenerCollection.js:157:21)
  at async beforeRender (C:\Users\barua\OneDrive\Desktop\Gadify-Backend\node_modules\@jsreport\jsreport-core\lib\worker\render\render.js:24:5)
  at async WorkerReporter._render (C:\Users\barua\OneDrive\Desktop\Gadify-Backend\node_modules\@jsreport\jsreport-core\lib\worker\render\render.js:147:7)
  at async C:\Users\barua\OneDrive\Desktop\Gadify-Backend\node_modules\@jsreport\jsreport-core\lib\worker\reporter.js:232:24
  at async processAndResponse (C:\Users\barua\OneDrive\Desktop\Gadify-Backend\node_modules\@jsreport\advanced-workers\lib\workerHandler.js:41:17)
wrapped by:
Error: Failed to parse data json
(because) data entry not found (A08XWGriC)
  at module.exports (C:\Users\barua\OneDrive\Desktop\Gadify-Backend\node_modules\@jsreport\jsreport-core\lib\shared\createError.js:10:13)
  at WorkerReporter.createError (C:\Users\barua\OneDrive\Desktop\Gadify-Backend\node_modules\@jsreport\jsreport-core\lib\shared\reporter.js:53:12)
  at Object.<anonymous> (C:\Users\barua\OneDrive\Desktop\Gadify-Backend\node_modules\@jsreport\jsreport-data\lib\worker.js:54:22)
  at async ListenerCollection.fire (C:\Users\barua\OneDrive\Desktop\Gadify-Backend\node_modules\@jsreport\jsreport-core\lib\shared\listenerCollection.js:157:21)
  at async beforeRender (C:\Users\barua\OneDrive\Desktop\Gadify-Backend\node_modules\@jsreport\jsreport-core\lib\worker\render\render.js:24:5)
  at async WorkerReporter._render (C:\Users\barua\OneDrive\Desktop\Gadify-Backend\node_modules\@jsreport\jsreport-core\lib\worker\render\render.js:147:7)
  at async C:\Users\barua\OneDrive\Desktop\Gadify-Backend\node_modules\@jsreport\jsreport-core\lib\worker\reporter.js:232:24
  at async processAndResponse (C:\Users\barua\OneDrive\Desktop\Gadify-Backend\node_modules\@jsreport\advanced-workers\lib\workerHandler.js:41:17) rootId=55d5inkx3u6s4rv, id=55d5inkx3u6s4rv
2025-03-12T14:35:14.430Z - warn: Rendering request 4 finished with error in 6 ms rootId=55d5inkx3u6s4rv, id=55d5inkx3u6s4rv
2025-03-12T14:35:16.788Z - info: Render request 5 queued for execution and waiting for available worker rootId=j82nfutjt7oehiw, id=j82nfutjt7oehiw
2025-03-12T14:35:16.791Z - info: Starting rendering request 5 rootId=j82nfutjt7oehiw, id=j82nfutjt7oehiw
2025-03-12T14:35:16.791Z - info: Rendering template { name: gadify_checklist, recipe: chrome-pdf, engine: handlebars, preview: true } rootId=j82nfutjt7oehiw, id=j82nfutjt7oehiw
2025-03-12T14:35:16.793Z - warn: Error when processing render request 5
(because) failed to parse data json
(because) data entry not found (A08XWGriC)
Error: Data entry not found (A08XWGriC)
  at module.exports (C:\Users\barua\OneDrive\Desktop\Gadify-Backend\node_modules\@jsreport\jsreport-core\lib\shared\createError.js:10:13)
  at WorkerReporter.createError (C:\Users\barua\OneDrive\Desktop\Gadify-Backend\node_modules\@jsreport\jsreport-core\lib\shared\reporter.js:53:12)
  at findDataItem (C:\Users\barua\OneDrive\Desktop\Gadify-Backend\node_modules\@jsreport\jsreport-data\lib\worker.js:34:24)
  at async Object.<anonymous> (C:\Users\barua\OneDrive\Desktop\Gadify-Backend\node_modules\@jsreport\jsreport-data\lib\worker.js:44:16)
  at async ListenerCollection.fire (C:\Users\barua\OneDrive\Desktop\Gadify-Backend\node_modules\@jsreport\jsreport-core\lib\shared\listenerCollection.js:157:21)
  at async beforeRender (C:\Users\barua\OneDrive\Desktop\Gadify-Backend\node_modules\@jsreport\jsreport-core\lib\worker\render\render.js:24:5)
  at async WorkerReporter._render (C:\Users\barua\OneDrive\Desktop\Gadify-Backend\node_modules\@jsreport\jsreport-core\lib\worker\render\render.js:147:7)
  at async C:\Users\barua\OneDrive\Desktop\Gadify-Backend\node_modules\@jsreport\jsreport-core\lib\worker\reporter.js:232:24
  at async processAndResponse (C:\Users\barua\OneDrive\Desktop\Gadify-Backend\node_modules\@jsreport\advanced-workers\lib\workerHandler.js:41:17)
wrapped by:
Error: Failed to parse data json
(because) data entry not found (A08XWGriC)
  at module.exports (C:\Users\barua\OneDrive\Desktop\Gadify-Backend\node_modules\@jsreport\jsreport-core\lib\shared\createError.js:10:13)
  at WorkerReporter.createError (C:\Users\barua\OneDrive\Desktop\Gadify-Backend\node_modules\@jsreport\jsreport-core\lib\shared\reporter.js:53:12)
  at Object.<anonymous> (C:\Users\barua\OneDrive\Desktop\Gadify-Backend\node_modules\@jsreport\jsreport-data\lib\worker.js:54:22)
  at async ListenerCollection.fire (C:\Users\barua\OneDrive\Desktop\Gadify-Backend\node_modules\@jsreport\jsreport-core\lib\shared\listenerCollection.js:157:21)
  at async beforeRender (C:\Users\barua\OneDrive\Desktop\Gadify-Backend\node_modules\@jsreport\jsreport-core\lib\worker\render\render.js:24:5)
  at async WorkerReporter._render (C:\Users\barua\OneDrive\Desktop\Gadify-Backend\node_modules\@jsreport\jsreport-core\lib\worker\render\render.js:147:7)
  at async C:\Users\barua\OneDrive\Desktop\Gadify-Backend\node_modules\@jsreport\jsreport-core\lib\worker\reporter.js:232:24
  at async processAndResponse (C:\Users\barua\OneDrive\Desktop\Gadify-Backend\node_modules\@jsreport\advanced-workers\lib\workerHandler.js:41:17) rootId=j82nfutjt7oehiw, id=j82nfutjt7oehiw
2025-03-12T14:35:16.793Z - warn: Rendering request 5 finished with error in 7 ms rootId=j82nfutjt7oehiw, id=j82nfutjt7oehiw
2025-03-12T14:35:17.325Z - info: Render request 6 queued for execution and waiting for available worker rootId=j0pe2fekgy90r8c, id=j0pe2fekgy90r8c
2025-03-12T14:35:17.328Z - info: Starting rendering request 6 rootId=j0pe2fekgy90r8c, id=j0pe2fekgy90r8c
2025-03-12T14:35:17.328Z - info: Rendering template { name: gadify_checklist, recipe: chrome-pdf, engine: handlebars, preview: true } rootId=j0pe2fekgy90r8c, id=j0pe2fekgy90r8c
2025-03-12T14:35:17.329Z - warn: Error when processing render request 6
(because) failed to parse data json
(because) data entry not found (A08XWGriC)
Error: Data entry not found (A08XWGriC)
  at module.exports (C:\Users\barua\OneDrive\Desktop\Gadify-Backend\node_modules\@jsreport\jsreport-core\lib\shared\createError.js:10:13)
  at WorkerReporter.createError (C:\Users\barua\OneDrive\Desktop\Gadify-Backend\node_modules\@jsreport\jsreport-core\lib\shared\reporter.js:53:12)
  at findDataItem (C:\Users\barua\OneDrive\Desktop\Gadify-Backend\node_modules\@jsreport\jsreport-data\lib\worker.js:34:24)
  at async Object.<anonymous> (C:\Users\barua\OneDrive\Desktop\Gadify-Backend\node_modules\@jsreport\jsreport-data\lib\worker.js:44:16)
  at async ListenerCollection.fire (C:\Users\barua\OneDrive\Desktop\Gadify-Backend\node_modules\@jsreport\jsreport-core\lib\shared\listenerCollection.js:157:21)
  at async beforeRender (C:\Users\barua\OneDrive\Desktop\Gadify-Backend\node_modules\@jsreport\jsreport-core\lib\worker\render\render.js:24:5)
  at async WorkerReporter._render (C:\Users\barua\OneDrive\Desktop\Gadify-Backend\node_modules\@jsreport\jsreport-core\lib\worker\render\render.js:147:7)
  at async C:\Users\barua\OneDrive\Desktop\Gadify-Backend\node_modules\@jsreport\jsreport-core\lib\worker\reporter.js:232:24
  at async processAndResponse (C:\Users\barua\OneDrive\Desktop\Gadify-Backend\node_modules\@jsreport\advanced-workers\lib\workerHandler.js:41:17)
wrapped by:
Error: Failed to parse data json
(because) data entry not found (A08XWGriC)
  at module.exports (C:\Users\barua\OneDrive\Desktop\Gadify-Backend\node_modules\@jsreport\jsreport-core\lib\shared\createError.js:10:13)
  at WorkerReporter.createError (C:\Users\barua\OneDrive\Desktop\Gadify-Backend\node_modules\@jsreport\jsreport-core\lib\shared\reporter.js:53:12)
  at Object.<anonymous> (C:\Users\barua\OneDrive\Desktop\Gadify-Backend\node_modules\@jsreport\jsreport-data\lib\worker.js:54:22)
  at async ListenerCollection.fire (C:\Users\barua\OneDrive\Desktop\Gadify-Backend\node_modules\@jsreport\jsreport-core\lib\shared\listenerCollection.js:157:21)
  at async beforeRender (C:\Users\barua\OneDrive\Desktop\Gadify-Backend\node_modules\@jsreport\jsreport-core\lib\worker\render\render.js:24:5)
  at async WorkerReporter._render (C:\Users\barua\OneDrive\Desktop\Gadify-Backend\node_modules\@jsreport\jsreport-core\lib\worker\render\render.js:147:7)
  at async C:\Users\barua\OneDrive\Desktop\Gadify-Backend\node_modules\@jsreport\jsreport-core\lib\worker\reporter.js:232:24
  at async processAndResponse (C:\Users\barua\OneDrive\Desktop\Gadify-Backend\node_modules\@jsreport\advanced-workers\lib\workerHandler.js:41:17) rootId=j0pe2fekgy90r8c, id=j0pe2fekgy90r8c
2025-03-12T14:35:17.329Z - warn: Rendering request 6 finished with error in 5 ms rootId=j0pe2fekgy90r8c, id=j0pe2fekgy90r8c
2025-03-12T14:35:17.640Z - info: Render request 7 queued for execution and waiting for available worker rootId=vog1kv731fbzyt7, id=vog1kv731fbzyt7
2025-03-12T14:35:17.647Z - info: Starting rendering request 7 rootId=vog1kv731fbzyt7, id=vog1kv731fbzyt7
2025-03-12T14:35:17.647Z - info: Rendering template { name: gadify_checklist, recipe: chrome-pdf, engine: handlebars, preview: true } rootId=vog1kv731fbzyt7, id=vog1kv731fbzyt7
2025-03-12T14:35:17.648Z - warn: Error when processing render request 7
(because) failed to parse data json
(because) data entry not found (A08XWGriC)
Error: Data entry not found (A08XWGriC)
  at module.exports (C:\Users\barua\OneDrive\Desktop\Gadify-Backend\node_modules\@jsreport\jsreport-core\lib\shared\createError.js:10:13)
  at WorkerReporter.createError (C:\Users\barua\OneDrive\Desktop\Gadify-Backend\node_modules\@jsreport\jsreport-core\lib\shared\reporter.js:53:12)
  at findDataItem (C:\Users\barua\OneDrive\Desktop\Gadify-Backend\node_modules\@jsreport\jsreport-data\lib\worker.js:34:24)
  at async Object.<anonymous> (C:\Users\barua\OneDrive\Desktop\Gadify-Backend\node_modules\@jsreport\jsreport-data\lib\worker.js:44:16)
  at async ListenerCollection.fire (C:\Users\barua\OneDrive\Desktop\Gadify-Backend\node_modules\@jsreport\jsreport-core\lib\shared\listenerCollection.js:157:21)
  at async beforeRender (C:\Users\barua\OneDrive\Desktop\Gadify-Backend\node_modules\@jsreport\jsreport-core\lib\worker\render\render.js:24:5)
  at async WorkerReporter._render (C:\Users\barua\OneDrive\Desktop\Gadify-Backend\node_modules\@jsreport\jsreport-core\lib\worker\render\render.js:147:7)
  at async C:\Users\barua\OneDrive\Desktop\Gadify-Backend\node_modules\@jsreport\jsreport-core\lib\worker\reporter.js:232:24
  at async processAndResponse (C:\Users\barua\OneDrive\Desktop\Gadify-Backend\node_modules\@jsreport\advanced-workers\lib\workerHandler.js:41:17)
wrapped by:
Error: Failed to parse data json
(because) data entry not found (A08XWGriC)
  at module.exports (C:\Users\barua\OneDrive\Desktop\Gadify-Backend\node_modules\@jsreport\jsreport-core\lib\shared\createError.js:10:13)
  at WorkerReporter.createError (C:\Users\barua\OneDrive\Desktop\Gadify-Backend\node_modules\@jsreport\jsreport-core\lib\shared\reporter.js:53:12)
  at Object.<anonymous> (C:\Users\barua\OneDrive\Desktop\Gadify-Backend\node_modules\@jsreport\jsreport-data\lib\worker.js:54:22)
  at async ListenerCollection.fire (C:\Users\barua\OneDrive\Desktop\Gadify-Backend\node_modules\@jsreport\jsreport-core\lib\shared\listenerCollection.js:157:21)
  at async beforeRender (C:\Users\barua\OneDrive\Desktop\Gadify-Backend\node_modules\@jsreport\jsreport-core\lib\worker\render\render.js:24:5)
  at async WorkerReporter._render (C:\Users\barua\OneDrive\Desktop\Gadify-Backend\node_modules\@jsreport\jsreport-core\lib\worker\render\render.js:147:7)
  at async C:\Users\barua\OneDrive\Desktop\Gadify-Backend\node_modules\@jsreport\jsreport-core\lib\worker\reporter.js:232:24
  at async processAndResponse (C:\Users\barua\OneDrive\Desktop\Gadify-Backend\node_modules\@jsreport\advanced-workers\lib\workerHandler.js:41:17) rootId=vog1kv731fbzyt7, id=vog1kv731fbzyt7
2025-03-12T14:35:17.648Z - warn: Rendering request 7 finished with error in 13 ms rootId=vog1kv731fbzyt7, id=vog1kv731fbzyt7
2025-03-12T14:35:17.867Z - info: Render request 8 queued for execution and waiting for available worker rootId=5i1o85zybtppg55, id=5i1o85zybtppg55
2025-03-12T14:35:17.870Z - info: Starting rendering request 8 rootId=5i1o85zybtppg55, id=5i1o85zybtppg55
2025-03-12T14:35:17.870Z - info: Rendering template { name: gadify_checklist, recipe: chrome-pdf, engine: handlebars, preview: true } rootId=5i1o85zybtppg55, id=5i1o85zybtppg55
2025-03-12T14:35:17.871Z - warn: Error when processing render request 8
(because) failed to parse data json
(because) data entry not found (A08XWGriC)
Error: Data entry not found (A08XWGriC)
  at module.exports (C:\Users\barua\OneDrive\Desktop\Gadify-Backend\node_modules\@jsreport\jsreport-core\lib\shared\createError.js:10:13)
  at WorkerReporter.createError (C:\Users\barua\OneDrive\Desktop\Gadify-Backend\node_modules\@jsreport\jsreport-core\lib\shared\reporter.js:53:12)
  at findDataItem (C:\Users\barua\OneDrive\Desktop\Gadify-Backend\node_modules\@jsreport\jsreport-data\lib\worker.js:34:24)
  at async Object.<anonymous> (C:\Users\barua\OneDrive\Desktop\Gadify-Backend\node_modules\@jsreport\jsreport-data\lib\worker.js:44:16)
  at async ListenerCollection.fire (C:\Users\barua\OneDrive\Desktop\Gadify-Backend\node_modules\@jsreport\jsreport-core\lib\shared\listenerCollection.js:157:21)
  at async beforeRender (C:\Users\barua\OneDrive\Desktop\Gadify-Backend\node_modules\@jsreport\jsreport-core\lib\worker\render\render.js:24:5)
  at async WorkerReporter._render (C:\Users\barua\OneDrive\Desktop\Gadify-Backend\node_modules\@jsreport\jsreport-core\lib\worker\render\render.js:147:7)
  at async C:\Users\barua\OneDrive\Desktop\Gadify-Backend\node_modules\@jsreport\jsreport-core\lib\worker\reporter.js:232:24
  at async processAndResponse (C:\Users\barua\OneDrive\Desktop\Gadify-Backend\node_modules\@jsreport\advanced-workers\lib\workerHandler.js:41:17)
wrapped by:
Error: Failed to parse data json
(because) data entry not found (A08XWGriC)
  at module.exports (C:\Users\barua\OneDrive\Desktop\Gadify-Backend\node_modules\@jsreport\jsreport-core\lib\shared\createError.js:10:13)
  at WorkerReporter.createError (C:\Users\barua\OneDrive\Desktop\Gadify-Backend\node_modules\@jsreport\jsreport-core\lib\shared\reporter.js:53:12)
  at Object.<anonymous> (C:\Users\barua\OneDrive\Desktop\Gadify-Backend\node_modules\@jsreport\jsreport-data\lib\worker.js:54:22)
  at async ListenerCollection.fire (C:\Users\barua\OneDrive\Desktop\Gadify-Backend\node_modules\@jsreport\jsreport-core\lib\shared\listenerCollection.js:157:21)
  at async beforeRender (C:\Users\barua\OneDrive\Desktop\Gadify-Backend\node_modules\@jsreport\jsreport-core\lib\worker\render\render.js:24:5)
  at async WorkerReporter._render (C:\Users\barua\OneDrive\Desktop\Gadify-Backend\node_modules\@jsreport\jsreport-core\lib\worker\render\render.js:147:7)
  at async C:\Users\barua\OneDrive\Desktop\Gadify-Backend\node_modules\@jsreport\jsreport-core\lib\worker\reporter.js:232:24
  at async processAndResponse (C:\Users\barua\OneDrive\Desktop\Gadify-Backend\node_modules\@jsreport\advanced-workers\lib\workerHandler.js:41:17) rootId=5i1o85zybtppg55, id=5i1o85zybtppg55
2025-03-12T14:35:17.871Z - warn: Rendering request 8 finished with error in 5 ms rootId=5i1o85zybtppg55, id=5i1o85zybtppg55
2025-03-12T14:35:18.097Z - info: Render request 9 queued for execution and waiting for available worker rootId=442rqim93sbbka8, id=442rqim93sbbka8
2025-03-12T14:35:18.100Z - info: Starting rendering request 9 rootId=442rqim93sbbka8, id=442rqim93sbbka8
2025-03-12T14:35:18.100Z - info: Rendering template { name: gadify_checklist, recipe: chrome-pdf, engine: handlebars, preview: true } rootId=442rqim93sbbka8, id=442rqim93sbbka8
2025-03-12T14:35:18.101Z - warn: Error when processing render request 9
(because) failed to parse data json
(because) data entry not found (A08XWGriC)
Error: Data entry not found (A08XWGriC)
  at module.exports (C:\Users\barua\OneDrive\Desktop\Gadify-Backend\node_modules\@jsreport\jsreport-core\lib\shared\createError.js:10:13)
  at WorkerReporter.createError (C:\Users\barua\OneDrive\Desktop\Gadify-Backend\node_modules\@jsreport\jsreport-core\lib\shared\reporter.js:53:12)
  at findDataItem (C:\Users\barua\OneDrive\Desktop\Gadify-Backend\node_modules\@jsreport\jsreport-data\lib\worker.js:34:24)
  at async Object.<anonymous> (C:\Users\barua\OneDrive\Desktop\Gadify-Backend\node_modules\@jsreport\jsreport-data\lib\worker.js:44:16)
  at async ListenerCollection.fire (C:\Users\barua\OneDrive\Desktop\Gadify-Backend\node_modules\@jsreport\jsreport-core\lib\shared\listenerCollection.js:157:21)
  at async beforeRender (C:\Users\barua\OneDrive\Desktop\Gadify-Backend\node_modules\@jsreport\jsreport-core\lib\worker\render\render.js:24:5)
  at async WorkerReporter._render (C:\Users\barua\OneDrive\Desktop\Gadify-Backend\node_modules\@jsreport\jsreport-core\lib\worker\render\render.js:147:7)
  at async C:\Users\barua\OneDrive\Desktop\Gadify-Backend\node_modules\@jsreport\jsreport-core\lib\worker\reporter.js:232:24
  at async processAndResponse (C:\Users\barua\OneDrive\Desktop\Gadify-Backend\node_modules\@jsreport\advanced-workers\lib\workerHandler.js:41:17)
wrapped by:
Error: Failed to parse data json
(because) data entry not found (A08XWGriC)
  at module.exports (C:\Users\barua\OneDrive\Desktop\Gadify-Backend\node_modules\@jsreport\jsreport-core\lib\shared\createError.js:10:13)
  at WorkerReporter.createError (C:\Users\barua\OneDrive\Desktop\Gadify-Backend\node_modules\@jsreport\jsreport-core\lib\shared\reporter.js:53:12)
  at Object.<anonymous> (C:\Users\barua\OneDrive\Desktop\Gadify-Backend\node_modules\@jsreport\jsreport-data\lib\worker.js:54:22)
  at async ListenerCollection.fire (C:\Users\barua\OneDrive\Desktop\Gadify-Backend\node_modules\@jsreport\jsreport-core\lib\shared\listenerCollection.js:157:21)
  at async beforeRender (C:\Users\barua\OneDrive\Desktop\Gadify-Backend\node_modules\@jsreport\jsreport-core\lib\worker\render\render.js:24:5)
  at async WorkerReporter._render (C:\Users\barua\OneDrive\Desktop\Gadify-Backend\node_modules\@jsreport\jsreport-core\lib\worker\render\render.js:147:7)
  at async C:\Users\barua\OneDrive\Desktop\Gadify-Backend\node_modules\@jsreport\jsreport-core\lib\worker\reporter.js:232:24
  at async processAndResponse (C:\Users\barua\OneDrive\Desktop\Gadify-Backend\node_modules\@jsreport\advanced-workers\lib\workerHandler.js:41:17) rootId=442rqim93sbbka8, id=442rqim93sbbka8
2025-03-12T14:35:18.101Z - warn: Rendering request 9 finished with error in 5 ms rootId=442rqim93sbbka8, id=442rqim93sbbka8
2025-03-12T14:35:18.319Z - info: Render request 10 queued for execution and waiting for available worker rootId=rkcmoxmt0sq3kqp, id=rkcmoxmt0sq3kqp
2025-03-12T14:35:18.322Z - info: Starting rendering request 10 rootId=rkcmoxmt0sq3kqp, id=rkcmoxmt0sq3kqp
2025-03-12T14:35:18.322Z - info: Rendering template { name: gadify_checklist, recipe: chrome-pdf, engine: handlebars, preview: true } rootId=rkcmoxmt0sq3kqp, id=rkcmoxmt0sq3kqp
2025-03-12T14:35:18.323Z - warn: Error when processing render request 10
(because) failed to parse data json
(because) data entry not found (A08XWGriC)
Error: Data entry not found (A08XWGriC)
  at module.exports (C:\Users\barua\OneDrive\Desktop\Gadify-Backend\node_modules\@jsreport\jsreport-core\lib\shared\createError.js:10:13)
  at WorkerReporter.createError (C:\Users\barua\OneDrive\Desktop\Gadify-Backend\node_modules\@jsreport\jsreport-core\lib\shared\reporter.js:53:12)
  at findDataItem (C:\Users\barua\OneDrive\Desktop\Gadify-Backend\node_modules\@jsreport\jsreport-data\lib\worker.js:34:24)
  at async Object.<anonymous> (C:\Users\barua\OneDrive\Desktop\Gadify-Backend\node_modules\@jsreport\jsreport-data\lib\worker.js:44:16)
  at async ListenerCollection.fire (C:\Users\barua\OneDrive\Desktop\Gadify-Backend\node_modules\@jsreport\jsreport-core\lib\shared\listenerCollection.js:157:21)
  at async beforeRender (C:\Users\barua\OneDrive\Desktop\Gadify-Backend\node_modules\@jsreport\jsreport-core\lib\worker\render\render.js:24:5)
  at async WorkerReporter._render (C:\Users\barua\OneDrive\Desktop\Gadify-Backend\node_modules\@jsreport\jsreport-core\lib\worker\render\render.js:147:7)
  at async C:\Users\barua\OneDrive\Desktop\Gadify-Backend\node_modules\@jsreport\jsreport-core\lib\worker\reporter.js:232:24
  at async processAndResponse (C:\Users\barua\OneDrive\Desktop\Gadify-Backend\node_modules\@jsreport\advanced-workers\lib\workerHandler.js:41:17)
wrapped by:
Error: Failed to parse data json
(because) data entry not found (A08XWGriC)
  at module.exports (C:\Users\barua\OneDrive\Desktop\Gadify-Backend\node_modules\@jsreport\jsreport-core\lib\shared\createError.js:10:13)
  at WorkerReporter.createError (C:\Users\barua\OneDrive\Desktop\Gadify-Backend\node_modules\@jsreport\jsreport-core\lib\shared\reporter.js:53:12)
  at Object.<anonymous> (C:\Users\barua\OneDrive\Desktop\Gadify-Backend\node_modules\@jsreport\jsreport-data\lib\worker.js:54:22)
  at async ListenerCollection.fire (C:\Users\barua\OneDrive\Desktop\Gadify-Backend\node_modules\@jsreport\jsreport-core\lib\shared\listenerCollection.js:157:21)
  at async beforeRender (C:\Users\barua\OneDrive\Desktop\Gadify-Backend\node_modules\@jsreport\jsreport-core\lib\worker\render\render.js:24:5)
  at async WorkerReporter._render (C:\Users\barua\OneDrive\Desktop\Gadify-Backend\node_modules\@jsreport\jsreport-core\lib\worker\render\render.js:147:7)
  at async C:\Users\barua\OneDrive\Desktop\Gadify-Backend\node_modules\@jsreport\jsreport-core\lib\worker\reporter.js:232:24
  at async processAndResponse (C:\Users\barua\OneDrive\Desktop\Gadify-Backend\node_modules\@jsreport\advanced-workers\lib\workerHandler.js:41:17) rootId=rkcmoxmt0sq3kqp, id=rkcmoxmt0sq3kqp
2025-03-12T14:35:18.323Z - warn: Rendering request 10 finished with error in 5 ms rootId=rkcmoxmt0sq3kqp, id=rkcmoxmt0sq3kqp
2025-03-12T14:35:25.627Z - debug: OData update on data
2025-03-12T14:35:25.636Z - debug: OData query on data
2025-03-12T14:35:28.068Z - debug: OData update on templates
2025-03-12T14:35:28.074Z - debug: OData query on templates
2025-03-12T14:35:29.201Z - info: Render request 11 queued for execution and waiting for available worker rootId=mxf5o0kadmepqrv, id=mxf5o0kadmepqrv
2025-03-12T14:35:29.204Z - info: Starting rendering request 11 rootId=mxf5o0kadmepqrv, id=mxf5o0kadmepqrv
2025-03-12T14:35:29.205Z - info: Rendering template { name: gadify_checklist, recipe: chrome-pdf, engine: handlebars, preview: true } rootId=mxf5o0kadmepqrv, id=mxf5o0kadmepqrv
2025-03-12T14:35:29.205Z - warn: Error when processing render request 11
(because) failed to parse data json
(because) data entry not found (A08XWGriC)
Error: Data entry not found (A08XWGriC)
  at module.exports (C:\Users\barua\OneDrive\Desktop\Gadify-Backend\node_modules\@jsreport\jsreport-core\lib\shared\createError.js:10:13)
  at WorkerReporter.createError (C:\Users\barua\OneDrive\Desktop\Gadify-Backend\node_modules\@jsreport\jsreport-core\lib\shared\reporter.js:53:12)
  at findDataItem (C:\Users\barua\OneDrive\Desktop\Gadify-Backend\node_modules\@jsreport\jsreport-data\lib\worker.js:34:24)
  at async Object.<anonymous> (C:\Users\barua\OneDrive\Desktop\Gadify-Backend\node_modules\@jsreport\jsreport-data\lib\worker.js:44:16)
  at async ListenerCollection.fire (C:\Users\barua\OneDrive\Desktop\Gadify-Backend\node_modules\@jsreport\jsreport-core\lib\shared\listenerCollection.js:157:21)
  at async beforeRender (C:\Users\barua\OneDrive\Desktop\Gadify-Backend\node_modules\@jsreport\jsreport-core\lib\worker\render\render.js:24:5)
  at async WorkerReporter._render (C:\Users\barua\OneDrive\Desktop\Gadify-Backend\node_modules\@jsreport\jsreport-core\lib\worker\render\render.js:147:7)
  at async C:\Users\barua\OneDrive\Desktop\Gadify-Backend\node_modules\@jsreport\jsreport-core\lib\worker\reporter.js:232:24
  at async processAndResponse (C:\Users\barua\OneDrive\Desktop\Gadify-Backend\node_modules\@jsreport\advanced-workers\lib\workerHandler.js:41:17)
wrapped by:
Error: Failed to parse data json
(because) data entry not found (A08XWGriC)
  at module.exports (C:\Users\barua\OneDrive\Desktop\Gadify-Backend\node_modules\@jsreport\jsreport-core\lib\shared\createError.js:10:13)
  at WorkerReporter.createError (C:\Users\barua\OneDrive\Desktop\Gadify-Backend\node_modules\@jsreport\jsreport-core\lib\shared\reporter.js:53:12)
  at Object.<anonymous> (C:\Users\barua\OneDrive\Desktop\Gadify-Backend\node_modules\@jsreport\jsreport-data\lib\worker.js:54:22)
  at async ListenerCollection.fire (C:\Users\barua\OneDrive\Desktop\Gadify-Backend\node_modules\@jsreport\jsreport-core\lib\shared\listenerCollection.js:157:21)
  at async beforeRender (C:\Users\barua\OneDrive\Desktop\Gadify-Backend\node_modules\@jsreport\jsreport-core\lib\worker\render\render.js:24:5)
  at async WorkerReporter._render (C:\Users\barua\OneDrive\Desktop\Gadify-Backend\node_modules\@jsreport\jsreport-core\lib\worker\render\render.js:147:7)
  at async C:\Users\barua\OneDrive\Desktop\Gadify-Backend\node_modules\@jsreport\jsreport-core\lib\worker\reporter.js:232:24
  at async processAndResponse (C:\Users\barua\OneDrive\Desktop\Gadify-Backend\node_modules\@jsreport\advanced-workers\lib\workerHandler.js:41:17) rootId=mxf5o0kadmepqrv, id=mxf5o0kadmepqrv
2025-03-12T14:35:29.205Z - warn: Rendering request 11 finished with error in 5 ms rootId=mxf5o0kadmepqrv, id=mxf5o0kadmepqrv
2025-03-12T14:35:29.682Z - info: Render request 12 queued for execution and waiting for available worker rootId=l3lejpa6uf9gfd0, id=l3lejpa6uf9gfd0
2025-03-12T14:35:29.686Z - info: Starting rendering request 12 rootId=l3lejpa6uf9gfd0, id=l3lejpa6uf9gfd0
2025-03-12T14:35:29.686Z - info: Rendering template { name: gadify_checklist, recipe: chrome-pdf, engine: handlebars, preview: true } rootId=l3lejpa6uf9gfd0, id=l3lejpa6uf9gfd0
2025-03-12T14:35:29.687Z - warn: Error when processing render request 12
(because) failed to parse data json
(because) data entry not found (A08XWGriC)
Error: Data entry not found (A08XWGriC)
  at module.exports (C:\Users\barua\OneDrive\Desktop\Gadify-Backend\node_modules\@jsreport\jsreport-core\lib\shared\createError.js:10:13)
  at WorkerReporter.createError (C:\Users\barua\OneDrive\Desktop\Gadify-Backend\node_modules\@jsreport\jsreport-core\lib\shared\reporter.js:53:12)
  at findDataItem (C:\Users\barua\OneDrive\Desktop\Gadify-Backend\node_modules\@jsreport\jsreport-data\lib\worker.js:34:24)
  at async Object.<anonymous> (C:\Users\barua\OneDrive\Desktop\Gadify-Backend\node_modules\@jsreport\jsreport-data\lib\worker.js:44:16)
  at async ListenerCollection.fire (C:\Users\barua\OneDrive\Desktop\Gadify-Backend\node_modules\@jsreport\jsreport-core\lib\shared\listenerCollection.js:157:21)
  at async beforeRender (C:\Users\barua\OneDrive\Desktop\Gadify-Backend\node_modules\@jsreport\jsreport-core\lib\worker\render\render.js:24:5)
  at async WorkerReporter._render (C:\Users\barua\OneDrive\Desktop\Gadify-Backend\node_modules\@jsreport\jsreport-core\lib\worker\render\render.js:147:7)
  at async C:\Users\barua\OneDrive\Desktop\Gadify-Backend\node_modules\@jsreport\jsreport-core\lib\worker\reporter.js:232:24
  at async processAndResponse (C:\Users\barua\OneDrive\Desktop\Gadify-Backend\node_modules\@jsreport\advanced-workers\lib\workerHandler.js:41:17)
wrapped by:
Error: Failed to parse data json
(because) data entry not found (A08XWGriC)
  at module.exports (C:\Users\barua\OneDrive\Desktop\Gadify-Backend\node_modules\@jsreport\jsreport-core\lib\shared\createError.js:10:13)
  at WorkerReporter.createError (C:\Users\barua\OneDrive\Desktop\Gadify-Backend\node_modules\@jsreport\jsreport-core\lib\shared\reporter.js:53:12)
  at Object.<anonymous> (C:\Users\barua\OneDrive\Desktop\Gadify-Backend\node_modules\@jsreport\jsreport-data\lib\worker.js:54:22)
  at async ListenerCollection.fire (C:\Users\barua\OneDrive\Desktop\Gadify-Backend\node_modules\@jsreport\jsreport-core\lib\shared\listenerCollection.js:157:21)
  at async beforeRender (C:\Users\barua\OneDrive\Desktop\Gadify-Backend\node_modules\@jsreport\jsreport-core\lib\worker\render\render.js:24:5)
  at async WorkerReporter._render (C:\Users\barua\OneDrive\Desktop\Gadify-Backend\node_modules\@jsreport\jsreport-core\lib\worker\render\render.js:147:7)
  at async C:\Users\barua\OneDrive\Desktop\Gadify-Backend\node_modules\@jsreport\jsreport-core\lib\worker\reporter.js:232:24
  at async processAndResponse (C:\Users\barua\OneDrive\Desktop\Gadify-Backend\node_modules\@jsreport\advanced-workers\lib\workerHandler.js:41:17) rootId=l3lejpa6uf9gfd0, id=l3lejpa6uf9gfd0
2025-03-12T14:35:29.687Z - warn: Rendering request 12 finished with error in 6 ms rootId=l3lejpa6uf9gfd0, id=l3lejpa6uf9gfd0
2025-03-12T14:35:32.076Z - debug: OData update on templates
2025-03-12T14:35:32.082Z - debug: OData query on templates
2025-03-12T14:35:32.638Z - info: Render request 13 queued for execution and waiting for available worker rootId=jwhox2u5n1cjj2m, id=jwhox2u5n1cjj2m
2025-03-12T14:35:32.641Z - info: Starting rendering request 13 rootId=jwhox2u5n1cjj2m, id=jwhox2u5n1cjj2m
2025-03-12T14:35:32.641Z - info: Rendering template { name: gadify_checklist, recipe: chrome-pdf, engine: handlebars, preview: true } rootId=jwhox2u5n1cjj2m, id=jwhox2u5n1cjj2m
2025-03-12T14:35:32.642Z - warn: Error when processing render request 13
(because) failed to parse data json
(because) data entry not found (A08XWGriC)
Error: Data entry not found (A08XWGriC)
  at module.exports (C:\Users\barua\OneDrive\Desktop\Gadify-Backend\node_modules\@jsreport\jsreport-core\lib\shared\createError.js:10:13)
  at WorkerReporter.createError (C:\Users\barua\OneDrive\Desktop\Gadify-Backend\node_modules\@jsreport\jsreport-core\lib\shared\reporter.js:53:12)
  at findDataItem (C:\Users\barua\OneDrive\Desktop\Gadify-Backend\node_modules\@jsreport\jsreport-data\lib\worker.js:34:24)
  at async Object.<anonymous> (C:\Users\barua\OneDrive\Desktop\Gadify-Backend\node_modules\@jsreport\jsreport-data\lib\worker.js:44:16)
  at async ListenerCollection.fire (C:\Users\barua\OneDrive\Desktop\Gadify-Backend\node_modules\@jsreport\jsreport-core\lib\shared\listenerCollection.js:157:21)
  at async beforeRender (C:\Users\barua\OneDrive\Desktop\Gadify-Backend\node_modules\@jsreport\jsreport-core\lib\worker\render\render.js:24:5)
  at async WorkerReporter._render (C:\Users\barua\OneDrive\Desktop\Gadify-Backend\node_modules\@jsreport\jsreport-core\lib\worker\render\render.js:147:7)
  at async C:\Users\barua\OneDrive\Desktop\Gadify-Backend\node_modules\@jsreport\jsreport-core\lib\worker\reporter.js:232:24
  at async processAndResponse (C:\Users\barua\OneDrive\Desktop\Gadify-Backend\node_modules\@jsreport\advanced-workers\lib\workerHandler.js:41:17)
wrapped by:
Error: Failed to parse data json
(because) data entry not found (A08XWGriC)
  at module.exports (C:\Users\barua\OneDrive\Desktop\Gadify-Backend\node_modules\@jsreport\jsreport-core\lib\shared\createError.js:10:13)
  at WorkerReporter.createError (C:\Users\barua\OneDrive\Desktop\Gadify-Backend\node_modules\@jsreport\jsreport-core\lib\shared\reporter.js:53:12)
  at Object.<anonymous> (C:\Users\barua\OneDrive\Desktop\Gadify-Backend\node_modules\@jsreport\jsreport-data\lib\worker.js:54:22)
  at async ListenerCollection.fire (C:\Users\barua\OneDrive\Desktop\Gadify-Backend\node_modules\@jsreport\jsreport-core\lib\shared\listenerCollection.js:157:21)
  at async beforeRender (C:\Users\barua\OneDrive\Desktop\Gadify-Backend\node_modules\@jsreport\jsreport-core\lib\worker\render\render.js:24:5)
  at async WorkerReporter._render (C:\Users\barua\OneDrive\Desktop\Gadify-Backend\node_modules\@jsreport\jsreport-core\lib\worker\render\render.js:147:7)
  at async C:\Users\barua\OneDrive\Desktop\Gadify-Backend\node_modules\@jsreport\jsreport-core\lib\worker\reporter.js:232:24
  at async processAndResponse (C:\Users\barua\OneDrive\Desktop\Gadify-Backend\node_modules\@jsreport\advanced-workers\lib\workerHandler.js:41:17) rootId=jwhox2u5n1cjj2m, id=jwhox2u5n1cjj2m
2025-03-12T14:35:32.642Z - warn: Rendering request 13 finished with error in 6 ms rootId=jwhox2u5n1cjj2m, id=jwhox2u5n1cjj2m
2025-03-12T14:35:33.199Z - info: Render request 14 queued for execution and waiting for available worker rootId=7uvnytjstl5wqz4, id=7uvnytjstl5wqz4
2025-03-12T14:35:33.202Z - info: Starting rendering request 14 rootId=7uvnytjstl5wqz4, id=7uvnytjstl5wqz4
2025-03-12T14:35:33.202Z - info: Rendering template { name: gadify_checklist, recipe: chrome-pdf, engine: handlebars, preview: true } rootId=7uvnytjstl5wqz4, id=7uvnytjstl5wqz4
2025-03-12T14:35:33.203Z - warn: Error when processing render request 14
(because) failed to parse data json
(because) data entry not found (A08XWGriC)
Error: Data entry not found (A08XWGriC)
  at module.exports (C:\Users\barua\OneDrive\Desktop\Gadify-Backend\node_modules\@jsreport\jsreport-core\lib\shared\createError.js:10:13)
  at WorkerReporter.createError (C:\Users\barua\OneDrive\Desktop\Gadify-Backend\node_modules\@jsreport\jsreport-core\lib\shared\reporter.js:53:12)
  at findDataItem (C:\Users\barua\OneDrive\Desktop\Gadify-Backend\node_modules\@jsreport\jsreport-data\lib\worker.js:34:24)
  at async Object.<anonymous> (C:\Users\barua\OneDrive\Desktop\Gadify-Backend\node_modules\@jsreport\jsreport-data\lib\worker.js:44:16)
  at async ListenerCollection.fire (C:\Users\barua\OneDrive\Desktop\Gadify-Backend\node_modules\@jsreport\jsreport-core\lib\shared\listenerCollection.js:157:21)
  at async beforeRender (C:\Users\barua\OneDrive\Desktop\Gadify-Backend\node_modules\@jsreport\jsreport-core\lib\worker\render\render.js:24:5)
  at async WorkerReporter._render (C:\Users\barua\OneDrive\Desktop\Gadify-Backend\node_modules\@jsreport\jsreport-core\lib\worker\render\render.js:147:7)
  at async C:\Users\barua\OneDrive\Desktop\Gadify-Backend\node_modules\@jsreport\jsreport-core\lib\worker\reporter.js:232:24
  at async processAndResponse (C:\Users\barua\OneDrive\Desktop\Gadify-Backend\node_modules\@jsreport\advanced-workers\lib\workerHandler.js:41:17)
wrapped by:
Error: Failed to parse data json
(because) data entry not found (A08XWGriC)
  at module.exports (C:\Users\barua\OneDrive\Desktop\Gadify-Backend\node_modules\@jsreport\jsreport-core\lib\shared\createError.js:10:13)
  at WorkerReporter.createError (C:\Users\barua\OneDrive\Desktop\Gadify-Backend\node_modules\@jsreport\jsreport-core\lib\shared\reporter.js:53:12)
  at Object.<anonymous> (C:\Users\barua\OneDrive\Desktop\Gadify-Backend\node_modules\@jsreport\jsreport-data\lib\worker.js:54:22)
  at async ListenerCollection.fire (C:\Users\barua\OneDrive\Desktop\Gadify-Backend\node_modules\@jsreport\jsreport-core\lib\shared\listenerCollection.js:157:21)
  at async beforeRender (C:\Users\barua\OneDrive\Desktop\Gadify-Backend\node_modules\@jsreport\jsreport-core\lib\worker\render\render.js:24:5)
  at async WorkerReporter._render (C:\Users\barua\OneDrive\Desktop\Gadify-Backend\node_modules\@jsreport\jsreport-core\lib\worker\render\render.js:147:7)
  at async C:\Users\barua\OneDrive\Desktop\Gadify-Backend\node_modules\@jsreport\jsreport-core\lib\worker\reporter.js:232:24
  at async processAndResponse (C:\Users\barua\OneDrive\Desktop\Gadify-Backend\node_modules\@jsreport\advanced-workers\lib\workerHandler.js:41:17) rootId=7uvnytjstl5wqz4, id=7uvnytjstl5wqz4
2025-03-12T14:35:33.203Z - warn: Rendering request 14 finished with error in 5 ms rootId=7uvnytjstl5wqz4, id=7uvnytjstl5wqz4
2025-03-12T14:35:38.160Z - info: Render request 15 queued for execution and waiting for available worker rootId=s3zvpbl6q7hjzv5, id=s3zvpbl6q7hjzv5
2025-03-12T14:35:38.163Z - info: Starting rendering request 15 rootId=s3zvpbl6q7hjzv5, id=s3zvpbl6q7hjzv5
2025-03-12T14:35:38.163Z - info: Rendering template { name: gadify_checklist, recipe: chrome-pdf, engine: handlebars, preview: true } rootId=s3zvpbl6q7hjzv5, id=s3zvpbl6q7hjzv5
2025-03-12T14:35:38.164Z - warn: Error when processing render request 15
(because) failed to parse data json
(because) data entry not found (A08XWGriC)
Error: Data entry not found (A08XWGriC)
  at module.exports (C:\Users\barua\OneDrive\Desktop\Gadify-Backend\node_modules\@jsreport\jsreport-core\lib\shared\createError.js:10:13)
  at WorkerReporter.createError (C:\Users\barua\OneDrive\Desktop\Gadify-Backend\node_modules\@jsreport\jsreport-core\lib\shared\reporter.js:53:12)
  at findDataItem (C:\Users\barua\OneDrive\Desktop\Gadify-Backend\node_modules\@jsreport\jsreport-data\lib\worker.js:34:24)
  at async Object.<anonymous> (C:\Users\barua\OneDrive\Desktop\Gadify-Backend\node_modules\@jsreport\jsreport-data\lib\worker.js:44:16)
  at async ListenerCollection.fire (C:\Users\barua\OneDrive\Desktop\Gadify-Backend\node_modules\@jsreport\jsreport-core\lib\shared\listenerCollection.js:157:21)
  at async beforeRender (C:\Users\barua\OneDrive\Desktop\Gadify-Backend\node_modules\@jsreport\jsreport-core\lib\worker\render\render.js:24:5)
  at async WorkerReporter._render (C:\Users\barua\OneDrive\Desktop\Gadify-Backend\node_modules\@jsreport\jsreport-core\lib\worker\render\render.js:147:7)
  at async C:\Users\barua\OneDrive\Desktop\Gadify-Backend\node_modules\@jsreport\jsreport-core\lib\worker\reporter.js:232:24
  at async processAndResponse (C:\Users\barua\OneDrive\Desktop\Gadify-Backend\node_modules\@jsreport\advanced-workers\lib\workerHandler.js:41:17)
wrapped by:
Error: Failed to parse data json
(because) data entry not found (A08XWGriC)
  at module.exports (C:\Users\barua\OneDrive\Desktop\Gadify-Backend\node_modules\@jsreport\jsreport-core\lib\shared\createError.js:10:13)
  at WorkerReporter.createError (C:\Users\barua\OneDrive\Desktop\Gadify-Backend\node_modules\@jsreport\jsreport-core\lib\shared\reporter.js:53:12)
  at Object.<anonymous> (C:\Users\barua\OneDrive\Desktop\Gadify-Backend\node_modules\@jsreport\jsreport-data\lib\worker.js:54:22)
  at async ListenerCollection.fire (C:\Users\barua\OneDrive\Desktop\Gadify-Backend\node_modules\@jsreport\jsreport-core\lib\shared\listenerCollection.js:157:21)
  at async beforeRender (C:\Users\barua\OneDrive\Desktop\Gadify-Backend\node_modules\@jsreport\jsreport-core\lib\worker\render\render.js:24:5)
  at async WorkerReporter._render (C:\Users\barua\OneDrive\Desktop\Gadify-Backend\node_modules\@jsreport\jsreport-core\lib\worker\render\render.js:147:7)
  at async C:\Users\barua\OneDrive\Desktop\Gadify-Backend\node_modules\@jsreport\jsreport-core\lib\worker\reporter.js:232:24
  at async processAndResponse (C:\Users\barua\OneDrive\Desktop\Gadify-Backend\node_modules\@jsreport\advanced-workers\lib\workerHandler.js:41:17) rootId=s3zvpbl6q7hjzv5, id=s3zvpbl6q7hjzv5
2025-03-12T14:35:38.164Z - warn: Rendering request 15 finished with error in 6 ms rootId=s3zvpbl6q7hjzv5, id=s3zvpbl6q7hjzv5
2025-03-12T14:35:38.551Z - info: Render request 16 queued for execution and waiting for available worker rootId=i0hcq2wfl0bjm9a, id=i0hcq2wfl0bjm9a
2025-03-12T14:35:38.555Z - info: Starting rendering request 16 rootId=i0hcq2wfl0bjm9a, id=i0hcq2wfl0bjm9a
2025-03-12T14:35:38.555Z - info: Rendering template { name: gadify_checklist, recipe: chrome-pdf, engine: handlebars, preview: true } rootId=i0hcq2wfl0bjm9a, id=i0hcq2wfl0bjm9a
2025-03-12T14:35:38.556Z - warn: Error when processing render request 16
(because) failed to parse data json
(because) data entry not found (A08XWGriC)
Error: Data entry not found (A08XWGriC)
  at module.exports (C:\Users\barua\OneDrive\Desktop\Gadify-Backend\node_modules\@jsreport\jsreport-core\lib\shared\createError.js:10:13)
  at WorkerReporter.createError (C:\Users\barua\OneDrive\Desktop\Gadify-Backend\node_modules\@jsreport\jsreport-core\lib\shared\reporter.js:53:12)
  at findDataItem (C:\Users\barua\OneDrive\Desktop\Gadify-Backend\node_modules\@jsreport\jsreport-data\lib\worker.js:34:24)
  at async Object.<anonymous> (C:\Users\barua\OneDrive\Desktop\Gadify-Backend\node_modules\@jsreport\jsreport-data\lib\worker.js:44:16)
  at async ListenerCollection.fire (C:\Users\barua\OneDrive\Desktop\Gadify-Backend\node_modules\@jsreport\jsreport-core\lib\shared\listenerCollection.js:157:21)
  at async beforeRender (C:\Users\barua\OneDrive\Desktop\Gadify-Backend\node_modules\@jsreport\jsreport-core\lib\worker\render\render.js:24:5)
  at async WorkerReporter._render (C:\Users\barua\OneDrive\Desktop\Gadify-Backend\node_modules\@jsreport\jsreport-core\lib\worker\render\render.js:147:7)
  at async C:\Users\barua\OneDrive\Desktop\Gadify-Backend\node_modules\@jsreport\jsreport-core\lib\worker\reporter.js:232:24
  at async processAndResponse (C:\Users\barua\OneDrive\Desktop\Gadify-Backend\node_modules\@jsreport\advanced-workers\lib\workerHandler.js:41:17)
wrapped by:
Error: Failed to parse data json
(because) data entry not found (A08XWGriC)
  at module.exports (C:\Users\barua\OneDrive\Desktop\Gadify-Backend\node_modules\@jsreport\jsreport-core\lib\shared\createError.js:10:13)
  at WorkerReporter.createError (C:\Users\barua\OneDrive\Desktop\Gadify-Backend\node_modules\@jsreport\jsreport-core\lib\shared\reporter.js:53:12)
  at Object.<anonymous> (C:\Users\barua\OneDrive\Desktop\Gadify-Backend\node_modules\@jsreport\jsreport-data\lib\worker.js:54:22)
  at async ListenerCollection.fire (C:\Users\barua\OneDrive\Desktop\Gadify-Backend\node_modules\@jsreport\jsreport-core\lib\shared\listenerCollection.js:157:21)
  at async beforeRender (C:\Users\barua\OneDrive\Desktop\Gadify-Backend\node_modules\@jsreport\jsreport-core\lib\worker\render\render.js:24:5)
  at async WorkerReporter._render (C:\Users\barua\OneDrive\Desktop\Gadify-Backend\node_modules\@jsreport\jsreport-core\lib\worker\render\render.js:147:7)
  at async C:\Users\barua\OneDrive\Desktop\Gadify-Backend\node_modules\@jsreport\jsreport-core\lib\worker\reporter.js:232:24
  at async processAndResponse (C:\Users\barua\OneDrive\Desktop\Gadify-Backend\node_modules\@jsreport\advanced-workers\lib\workerHandler.js:41:17) rootId=i0hcq2wfl0bjm9a, id=i0hcq2wfl0bjm9a
2025-03-12T14:35:38.556Z - warn: Rendering request 16 finished with error in 7 ms rootId=i0hcq2wfl0bjm9a, id=i0hcq2wfl0bjm9a
2025-03-12T14:35:38.684Z - info: Render request 17 queued for execution and waiting for available worker rootId=lxfsihpl2nspkmg, id=lxfsihpl2nspkmg
2025-03-12T14:35:38.687Z - info: Starting rendering request 17 rootId=lxfsihpl2nspkmg, id=lxfsihpl2nspkmg
2025-03-12T14:35:38.687Z - info: Rendering template { name: gadify_checklist, recipe: chrome-pdf, engine: handlebars, preview: true } rootId=lxfsihpl2nspkmg, id=lxfsihpl2nspkmg
2025-03-12T14:35:38.687Z - warn: Error when processing render request 17
(because) failed to parse data json
(because) data entry not found (A08XWGriC)
Error: Data entry not found (A08XWGriC)
  at module.exports (C:\Users\barua\OneDrive\Desktop\Gadify-Backend\node_modules\@jsreport\jsreport-core\lib\shared\createError.js:10:13)
  at WorkerReporter.createError (C:\Users\barua\OneDrive\Desktop\Gadify-Backend\node_modules\@jsreport\jsreport-core\lib\shared\reporter.js:53:12)
  at findDataItem (C:\Users\barua\OneDrive\Desktop\Gadify-Backend\node_modules\@jsreport\jsreport-data\lib\worker.js:34:24)
  at async Object.<anonymous> (C:\Users\barua\OneDrive\Desktop\Gadify-Backend\node_modules\@jsreport\jsreport-data\lib\worker.js:44:16)
  at async ListenerCollection.fire (C:\Users\barua\OneDrive\Desktop\Gadify-Backend\node_modules\@jsreport\jsreport-core\lib\shared\listenerCollection.js:157:21)
  at async beforeRender (C:\Users\barua\OneDrive\Desktop\Gadify-Backend\node_modules\@jsreport\jsreport-core\lib\worker\render\render.js:24:5)
  at async WorkerReporter._render (C:\Users\barua\OneDrive\Desktop\Gadify-Backend\node_modules\@jsreport\jsreport-core\lib\worker\render\render.js:147:7)
  at async C:\Users\barua\OneDrive\Desktop\Gadify-Backend\node_modules\@jsreport\jsreport-core\lib\worker\reporter.js:232:24
  at async processAndResponse (C:\Users\barua\OneDrive\Desktop\Gadify-Backend\node_modules\@jsreport\advanced-workers\lib\workerHandler.js:41:17)
wrapped by:
Error: Failed to parse data json
(because) data entry not found (A08XWGriC)
  at module.exports (C:\Users\barua\OneDrive\Desktop\Gadify-Backend\node_modules\@jsreport\jsreport-core\lib\shared\createError.js:10:13)
  at WorkerReporter.createError (C:\Users\barua\OneDrive\Desktop\Gadify-Backend\node_modules\@jsreport\jsreport-core\lib\shared\reporter.js:53:12)
  at Object.<anonymous> (C:\Users\barua\OneDrive\Desktop\Gadify-Backend\node_modules\@jsreport\jsreport-data\lib\worker.js:54:22)
  at async ListenerCollection.fire (C:\Users\barua\OneDrive\Desktop\Gadify-Backend\node_modules\@jsreport\jsreport-core\lib\shared\listenerCollection.js:157:21)
  at async beforeRender (C:\Users\barua\OneDrive\Desktop\Gadify-Backend\node_modules\@jsreport\jsreport-core\lib\worker\render\render.js:24:5)
  at async WorkerReporter._render (C:\Users\barua\OneDrive\Desktop\Gadify-Backend\node_modules\@jsreport\jsreport-core\lib\worker\render\render.js:147:7)
  at async C:\Users\barua\OneDrive\Desktop\Gadify-Backend\node_modules\@jsreport\jsreport-core\lib\worker\reporter.js:232:24
  at async processAndResponse (C:\Users\barua\OneDrive\Desktop\Gadify-Backend\node_modules\@jsreport\advanced-workers\lib\workerHandler.js:41:17) rootId=lxfsihpl2nspkmg, id=lxfsihpl2nspkmg
2025-03-12T14:35:38.687Z - warn: Rendering request 17 finished with error in 4 ms rootId=lxfsihpl2nspkmg, id=lxfsihpl2nspkmg
2025-03-12T14:35:38.909Z - info: Render request 18 queued for execution and waiting for available worker rootId=pclx888hw7vp4tz, id=pclx888hw7vp4tz
2025-03-12T14:35:38.912Z - info: Starting rendering request 18 rootId=pclx888hw7vp4tz, id=pclx888hw7vp4tz
2025-03-12T14:35:38.912Z - info: Rendering template { name: gadify_checklist, recipe: chrome-pdf, engine: handlebars, preview: true } rootId=pclx888hw7vp4tz, id=pclx888hw7vp4tz
2025-03-12T14:35:38.913Z - warn: Error when processing render request 18
(because) failed to parse data json
(because) data entry not found (A08XWGriC)
Error: Data entry not found (A08XWGriC)
  at module.exports (C:\Users\barua\OneDrive\Desktop\Gadify-Backend\node_modules\@jsreport\jsreport-core\lib\shared\createError.js:10:13)
  at WorkerReporter.createError (C:\Users\barua\OneDrive\Desktop\Gadify-Backend\node_modules\@jsreport\jsreport-core\lib\shared\reporter.js:53:12)
  at findDataItem (C:\Users\barua\OneDrive\Desktop\Gadify-Backend\node_modules\@jsreport\jsreport-data\lib\worker.js:34:24)
  at async Object.<anonymous> (C:\Users\barua\OneDrive\Desktop\Gadify-Backend\node_modules\@jsreport\jsreport-data\lib\worker.js:44:16)
  at async ListenerCollection.fire (C:\Users\barua\OneDrive\Desktop\Gadify-Backend\node_modules\@jsreport\jsreport-core\lib\shared\listenerCollection.js:157:21)
  at async beforeRender (C:\Users\barua\OneDrive\Desktop\Gadify-Backend\node_modules\@jsreport\jsreport-core\lib\worker\render\render.js:24:5)
  at async WorkerReporter._render (C:\Users\barua\OneDrive\Desktop\Gadify-Backend\node_modules\@jsreport\jsreport-core\lib\worker\render\render.js:147:7)
  at async C:\Users\barua\OneDrive\Desktop\Gadify-Backend\node_modules\@jsreport\jsreport-core\lib\worker\reporter.js:232:24
  at async processAndResponse (C:\Users\barua\OneDrive\Desktop\Gadify-Backend\node_modules\@jsreport\advanced-workers\lib\workerHandler.js:41:17)
wrapped by:
Error: Failed to parse data json
(because) data entry not found (A08XWGriC)
  at module.exports (C:\Users\barua\OneDrive\Desktop\Gadify-Backend\node_modules\@jsreport\jsreport-core\lib\shared\createError.js:10:13)
  at WorkerReporter.createError (C:\Users\barua\OneDrive\Desktop\Gadify-Backend\node_modules\@jsreport\jsreport-core\lib\shared\reporter.js:53:12)
  at Object.<anonymous> (C:\Users\barua\OneDrive\Desktop\Gadify-Backend\node_modules\@jsreport\jsreport-data\lib\worker.js:54:22)
  at async ListenerCollection.fire (C:\Users\barua\OneDrive\Desktop\Gadify-Backend\node_modules\@jsreport\jsreport-core\lib\shared\listenerCollection.js:157:21)
  at async beforeRender (C:\Users\barua\OneDrive\Desktop\Gadify-Backend\node_modules\@jsreport\jsreport-core\lib\worker\render\render.js:24:5)
  at async WorkerReporter._render (C:\Users\barua\OneDrive\Desktop\Gadify-Backend\node_modules\@jsreport\jsreport-core\lib\worker\render\render.js:147:7)
  at async C:\Users\barua\OneDrive\Desktop\Gadify-Backend\node_modules\@jsreport\jsreport-core\lib\worker\reporter.js:232:24
  at async processAndResponse (C:\Users\barua\OneDrive\Desktop\Gadify-Backend\node_modules\@jsreport\advanced-workers\lib\workerHandler.js:41:17) rootId=pclx888hw7vp4tz, id=pclx888hw7vp4tz
2025-03-12T14:35:38.913Z - warn: Rendering request 18 finished with error in 5 ms rootId=pclx888hw7vp4tz, id=pclx888hw7vp4tz
2025-03-12T14:35:50.675Z - debug: OData update on data
2025-03-12T14:35:50.682Z - debug: OData query on data
2025-03-12T14:36:16.560Z - info: Initializing jsreport (version: 4.8.0, configuration file: none, nodejs: 20.15.1)
2025-03-12T14:36:16.563Z - info: Searching for available extensions in C:\Users\barua\OneDrive\Desktop\Gadify-Backend\
2025-03-12T14:36:16.568Z - info: Extensions location cache contains up to date information, skipping crawling in C:\Users\barua\OneDrive\Desktop\Gadify-Backend\
2025-03-12T14:36:16.634Z - info: Found 35 extension(s)
2025-03-12T14:36:16.659Z - debug: Writing extension locations cache to C:\Users\barua\AppData\Local\Temp\jsreport\core\locations.json
2025-03-12T14:36:16.661Z - debug: Discovered 35 extensions
2025-03-12T14:36:16.695Z - info: Using extension authentication@4.2.3
2025-03-12T14:36:16.856Z - debug: Extension authentication@4.2.3 was disabled
2025-03-12T14:36:16.857Z - info: Using extension base@4.0.0
2025-03-12T14:36:16.860Z - info: Using extension child-templates@4.1.0
2025-03-12T14:36:16.861Z - info: Using extension cli@4.1.0
2025-03-12T14:36:16.863Z - info: Using extension components@4.0.2
2025-03-12T14:36:16.865Z - info: Using extension data@4.1.0
2025-03-12T14:36:16.866Z - info: Using extension express@4.2.0
2025-03-12T14:36:17.156Z - info: Using extension freeze@4.0.0
2025-03-12T14:36:17.158Z - info: Using extension fs-store@4.1.0
2025-03-12T14:36:17.263Z - debug: Extension fs-store@4.1.0 was disabled
2025-03-12T14:36:17.263Z - info: Using extension handlebars@4.0.1
2025-03-12T14:36:17.265Z - info: Using extension import-export@4.0.6
2025-03-12T14:36:17.281Z - info: Using extension jsrender@4.0.0
2025-03-12T14:36:17.282Z - info: Using extension licensing@4.0.4
2025-03-12T14:36:17.284Z - info: Using extension localization@4.0.1
2025-03-12T14:36:17.285Z - info: Using extension npm@4.0.0
2025-03-12T14:36:17.289Z - info: Using extension pdf-utils@4.3.0
2025-03-12T14:36:17.292Z - info: Using extension reports@4.1.3
2025-03-12T14:36:17.295Z - info: Using extension tags@4.0.1
2025-03-12T14:36:17.300Z - info: Using extension text@4.0.2
2025-03-12T14:36:17.301Z - info: Using extension version-control@4.1.0
2025-03-12T14:36:17.311Z - info: Using extension assets@4.2.1
2025-03-12T14:36:17.326Z - info: Using extension authorization@4.1.0
2025-03-12T14:36:17.329Z - debug: Extension authorization@4.1.0 was disabled
2025-03-12T14:36:17.330Z - info: Using extension browser-client@4.1.0
2025-03-12T14:36:17.332Z - info: Using extension chrome-pdf@4.1.1
2025-03-12T14:36:17.335Z - debug: Chrome strategy is chrome-pool, numberOfWorkers: 1
2025-03-12T14:36:17.335Z - debug: Chrome custom launch options are protocolTimeout=60000
2025-03-12T14:36:17.336Z - info: Using extension docx@4.7.0
2025-03-12T14:36:17.337Z - info: Using extension html-to-xlsx@4.2.0
2025-03-12T14:36:17.527Z - info: html-to-xlsx detected chrome as available html engine
2025-03-12T14:36:17.528Z - info: Using extension pptx@4.4.0
2025-03-12T14:36:17.530Z - info: Using extension scheduling@4.1.0
2025-03-12T14:36:17.551Z - info: Using extension scripts@4.2.0
2025-03-12T14:36:17.552Z - info: Using extension static-pdf@4.1.0
2025-03-12T14:36:17.553Z - info: Using extension studio@4.3.0
2025-03-12T14:36:17.619Z - info: Using extension xlsx@4.4.0
2025-03-12T14:36:17.621Z - info: Using extension public-templates@4.0.0
2025-03-12T14:36:17.622Z - debug: Extension public-templates@4.0.0 was disabled
2025-03-12T14:36:17.622Z - info: Using extension sample-template@4.0.1
2025-03-12T14:36:17.624Z - info: Using extension studio-theme-dark@4.0.0
2025-03-12T14:36:17.625Z - info: Using general timeout for rendering (reportTimeout: 60000)
2025-03-12T14:36:17.626Z - info: Using memory provider for template store. The saved templates will be lost after restart
2025-03-12T14:36:17.636Z - debug: studio default theme is: light
2025-03-12T14:36:17.641Z - info: Creating default express app.
2025-03-12T14:36:17.658Z - info: jsreport server successfully started on http port: 5488
2025-03-12T14:36:17.661Z - info: Verifying license key free
2025-03-12T14:36:17.662Z - info: Using free license
2025-03-12T14:36:17.669Z - info: Migrating templates chrome settings (waitForNetworkIddle -> waitForNetworkIdle)
2025-03-12T14:36:17.670Z - info: Migration successful
2025-03-12T14:36:17.671Z - debug: Creating samples is disabled
2025-03-12T14:36:17.671Z - info: Initializing worker threads
2025-03-12T14:36:17.671Z - debug: Extensions in workers: base, child-templates, components, data, express, handlebars, jsrender, localization, npm, pdf-utils, reports, text, version-control, assets, browser-client, chrome-pdf, docx, html-to-xlsx, pptx, scripts, static-pdf, studio, xlsx
2025-03-12T14:36:18.206Z - info: 2 worker threads initialized in 535ms
2025-03-12T14:36:18.207Z - info: Starting temp files cleanup with 180000ms threshold
2025-03-12T14:36:18.207Z - info: reporter initialized
2025-03-12T14:36:22.272Z - info: Render request 1 queued for execution and waiting for available worker rootId=9ioyapuglbme141, id=9ioyapuglbme141
2025-03-12T14:36:22.292Z - info: Starting rendering request 1 rootId=9ioyapuglbme141, id=9ioyapuglbme141
2025-03-12T14:36:22.292Z - info: Rendering template { name: gadify_checklist, recipe: chrome-pdf, engine: handlebars, preview: true } rootId=9ioyapuglbme141, id=9ioyapuglbme141
2025-03-12T14:36:22.294Z - warn: Error when processing render request 1
(because) failed to parse data json
(because) data entry not found (A08XWGriC)
Error: Data entry not found (A08XWGriC)
  at module.exports (C:\Users\barua\OneDrive\Desktop\Gadify-Backend\node_modules\@jsreport\jsreport-core\lib\shared\createError.js:10:13)
  at WorkerReporter.createError (C:\Users\barua\OneDrive\Desktop\Gadify-Backend\node_modules\@jsreport\jsreport-core\lib\shared\reporter.js:53:12)
  at findDataItem (C:\Users\barua\OneDrive\Desktop\Gadify-Backend\node_modules\@jsreport\jsreport-data\lib\worker.js:34:24)
  at async Object.<anonymous> (C:\Users\barua\OneDrive\Desktop\Gadify-Backend\node_modules\@jsreport\jsreport-data\lib\worker.js:44:16)
  at async ListenerCollection.fire (C:\Users\barua\OneDrive\Desktop\Gadify-Backend\node_modules\@jsreport\jsreport-core\lib\shared\listenerCollection.js:157:21)
  at async beforeRender (C:\Users\barua\OneDrive\Desktop\Gadify-Backend\node_modules\@jsreport\jsreport-core\lib\worker\render\render.js:24:5)
  at async WorkerReporter._render (C:\Users\barua\OneDrive\Desktop\Gadify-Backend\node_modules\@jsreport\jsreport-core\lib\worker\render\render.js:147:7)
  at async C:\Users\barua\OneDrive\Desktop\Gadify-Backend\node_modules\@jsreport\jsreport-core\lib\worker\reporter.js:232:24
  at async processAndResponse (C:\Users\barua\OneDrive\Desktop\Gadify-Backend\node_modules\@jsreport\advanced-workers\lib\workerHandler.js:41:17)
wrapped by:
Error: Failed to parse data json
(because) data entry not found (A08XWGriC)
  at module.exports (C:\Users\barua\OneDrive\Desktop\Gadify-Backend\node_modules\@jsreport\jsreport-core\lib\shared\createError.js:10:13)
  at WorkerReporter.createError (C:\Users\barua\OneDrive\Desktop\Gadify-Backend\node_modules\@jsreport\jsreport-core\lib\shared\reporter.js:53:12)
  at Object.<anonymous> (C:\Users\barua\OneDrive\Desktop\Gadify-Backend\node_modules\@jsreport\jsreport-data\lib\worker.js:54:22)
  at async ListenerCollection.fire (C:\Users\barua\OneDrive\Desktop\Gadify-Backend\node_modules\@jsreport\jsreport-core\lib\shared\listenerCollection.js:157:21)
  at async beforeRender (C:\Users\barua\OneDrive\Desktop\Gadify-Backend\node_modules\@jsreport\jsreport-core\lib\worker\render\render.js:24:5)
  at async WorkerReporter._render (C:\Users\barua\OneDrive\Desktop\Gadify-Backend\node_modules\@jsreport\jsreport-core\lib\worker\render\render.js:147:7)
  at async C:\Users\barua\OneDrive\Desktop\Gadify-Backend\node_modules\@jsreport\jsreport-core\lib\worker\reporter.js:232:24
  at async processAndResponse (C:\Users\barua\OneDrive\Desktop\Gadify-Backend\node_modules\@jsreport\advanced-workers\lib\workerHandler.js:41:17) rootId=9ioyapuglbme141, id=9ioyapuglbme141
2025-03-12T14:36:22.295Z - warn: Rendering request 1 finished with error in 26 ms rootId=9ioyapuglbme141, id=9ioyapuglbme141
2025-03-12T14:36:22.933Z - info: Render request 2 queued for execution and waiting for available worker rootId=6vx6zr6giqx07k7, id=6vx6zr6giqx07k7
2025-03-12T14:36:22.938Z - info: Starting rendering request 2 rootId=6vx6zr6giqx07k7, id=6vx6zr6giqx07k7
2025-03-12T14:36:22.938Z - info: Rendering template { name: gadify_checklist, recipe: chrome-pdf, engine: handlebars, preview: true } rootId=6vx6zr6giqx07k7, id=6vx6zr6giqx07k7
2025-03-12T14:36:22.940Z - warn: Error when processing render request 2
(because) failed to parse data json
(because) data entry not found (A08XWGriC)
Error: Data entry not found (A08XWGriC)
  at module.exports (C:\Users\barua\OneDrive\Desktop\Gadify-Backend\node_modules\@jsreport\jsreport-core\lib\shared\createError.js:10:13)
  at WorkerReporter.createError (C:\Users\barua\OneDrive\Desktop\Gadify-Backend\node_modules\@jsreport\jsreport-core\lib\shared\reporter.js:53:12)
  at findDataItem (C:\Users\barua\OneDrive\Desktop\Gadify-Backend\node_modules\@jsreport\jsreport-data\lib\worker.js:34:24)
  at async Object.<anonymous> (C:\Users\barua\OneDrive\Desktop\Gadify-Backend\node_modules\@jsreport\jsreport-data\lib\worker.js:44:16)
  at async ListenerCollection.fire (C:\Users\barua\OneDrive\Desktop\Gadify-Backend\node_modules\@jsreport\jsreport-core\lib\shared\listenerCollection.js:157:21)
  at async beforeRender (C:\Users\barua\OneDrive\Desktop\Gadify-Backend\node_modules\@jsreport\jsreport-core\lib\worker\render\render.js:24:5)
  at async WorkerReporter._render (C:\Users\barua\OneDrive\Desktop\Gadify-Backend\node_modules\@jsreport\jsreport-core\lib\worker\render\render.js:147:7)
  at async C:\Users\barua\OneDrive\Desktop\Gadify-Backend\node_modules\@jsreport\jsreport-core\lib\worker\reporter.js:232:24
  at async processAndResponse (C:\Users\barua\OneDrive\Desktop\Gadify-Backend\node_modules\@jsreport\advanced-workers\lib\workerHandler.js:41:17)
wrapped by:
Error: Failed to parse data json
(because) data entry not found (A08XWGriC)
  at module.exports (C:\Users\barua\OneDrive\Desktop\Gadify-Backend\node_modules\@jsreport\jsreport-core\lib\shared\createError.js:10:13)
  at WorkerReporter.createError (C:\Users\barua\OneDrive\Desktop\Gadify-Backend\node_modules\@jsreport\jsreport-core\lib\shared\reporter.js:53:12)
  at Object.<anonymous> (C:\Users\barua\OneDrive\Desktop\Gadify-Backend\node_modules\@jsreport\jsreport-data\lib\worker.js:54:22)
  at async ListenerCollection.fire (C:\Users\barua\OneDrive\Desktop\Gadify-Backend\node_modules\@jsreport\jsreport-core\lib\shared\listenerCollection.js:157:21)
  at async beforeRender (C:\Users\barua\OneDrive\Desktop\Gadify-Backend\node_modules\@jsreport\jsreport-core\lib\worker\render\render.js:24:5)
  at async WorkerReporter._render (C:\Users\barua\OneDrive\Desktop\Gadify-Backend\node_modules\@jsreport\jsreport-core\lib\worker\render\render.js:147:7)
  at async C:\Users\barua\OneDrive\Desktop\Gadify-Backend\node_modules\@jsreport\jsreport-core\lib\worker\reporter.js:232:24
  at async processAndResponse (C:\Users\barua\OneDrive\Desktop\Gadify-Backend\node_modules\@jsreport\advanced-workers\lib\workerHandler.js:41:17) rootId=6vx6zr6giqx07k7, id=6vx6zr6giqx07k7
2025-03-12T14:36:22.940Z - warn: Rendering request 2 finished with error in 8 ms rootId=6vx6zr6giqx07k7, id=6vx6zr6giqx07k7
2025-03-12T14:36:23.316Z - info: Render request 3 queued for execution and waiting for available worker rootId=8lvra8zxvjv1g7d, id=8lvra8zxvjv1g7d
2025-03-12T14:36:23.320Z - info: Starting rendering request 3 rootId=8lvra8zxvjv1g7d, id=8lvra8zxvjv1g7d
2025-03-12T14:36:23.320Z - info: Rendering template { name: gadify_checklist, recipe: chrome-pdf, engine: handlebars, preview: true } rootId=8lvra8zxvjv1g7d, id=8lvra8zxvjv1g7d
2025-03-12T14:36:23.321Z - warn: Error when processing render request 3
(because) failed to parse data json
(because) data entry not found (A08XWGriC)
Error: Data entry not found (A08XWGriC)
  at module.exports (C:\Users\barua\OneDrive\Desktop\Gadify-Backend\node_modules\@jsreport\jsreport-core\lib\shared\createError.js:10:13)
  at WorkerReporter.createError (C:\Users\barua\OneDrive\Desktop\Gadify-Backend\node_modules\@jsreport\jsreport-core\lib\shared\reporter.js:53:12)
  at findDataItem (C:\Users\barua\OneDrive\Desktop\Gadify-Backend\node_modules\@jsreport\jsreport-data\lib\worker.js:34:24)
  at async Object.<anonymous> (C:\Users\barua\OneDrive\Desktop\Gadify-Backend\node_modules\@jsreport\jsreport-data\lib\worker.js:44:16)
  at async ListenerCollection.fire (C:\Users\barua\OneDrive\Desktop\Gadify-Backend\node_modules\@jsreport\jsreport-core\lib\shared\listenerCollection.js:157:21)
  at async beforeRender (C:\Users\barua\OneDrive\Desktop\Gadify-Backend\node_modules\@jsreport\jsreport-core\lib\worker\render\render.js:24:5)
  at async WorkerReporter._render (C:\Users\barua\OneDrive\Desktop\Gadify-Backend\node_modules\@jsreport\jsreport-core\lib\worker\render\render.js:147:7)
  at async C:\Users\barua\OneDrive\Desktop\Gadify-Backend\node_modules\@jsreport\jsreport-core\lib\worker\reporter.js:232:24
  at async processAndResponse (C:\Users\barua\OneDrive\Desktop\Gadify-Backend\node_modules\@jsreport\advanced-workers\lib\workerHandler.js:41:17)
wrapped by:
Error: Failed to parse data json
(because) data entry not found (A08XWGriC)
  at module.exports (C:\Users\barua\OneDrive\Desktop\Gadify-Backend\node_modules\@jsreport\jsreport-core\lib\shared\createError.js:10:13)
  at WorkerReporter.createError (C:\Users\barua\OneDrive\Desktop\Gadify-Backend\node_modules\@jsreport\jsreport-core\lib\shared\reporter.js:53:12)
  at Object.<anonymous> (C:\Users\barua\OneDrive\Desktop\Gadify-Backend\node_modules\@jsreport\jsreport-data\lib\worker.js:54:22)
  at async ListenerCollection.fire (C:\Users\barua\OneDrive\Desktop\Gadify-Backend\node_modules\@jsreport\jsreport-core\lib\shared\listenerCollection.js:157:21)
  at async beforeRender (C:\Users\barua\OneDrive\Desktop\Gadify-Backend\node_modules\@jsreport\jsreport-core\lib\worker\render\render.js:24:5)
  at async WorkerReporter._render (C:\Users\barua\OneDrive\Desktop\Gadify-Backend\node_modules\@jsreport\jsreport-core\lib\worker\render\render.js:147:7)
  at async C:\Users\barua\OneDrive\Desktop\Gadify-Backend\node_modules\@jsreport\jsreport-core\lib\worker\reporter.js:232:24
  at async processAndResponse (C:\Users\barua\OneDrive\Desktop\Gadify-Backend\node_modules\@jsreport\advanced-workers\lib\workerHandler.js:41:17) rootId=8lvra8zxvjv1g7d, id=8lvra8zxvjv1g7d
2025-03-12T14:36:23.321Z - warn: Rendering request 3 finished with error in 7 ms rootId=8lvra8zxvjv1g7d, id=8lvra8zxvjv1g7d
2025-03-12T14:36:23.513Z - info: Render request 4 queued for execution and waiting for available worker rootId=gzujxfptwzddixb, id=gzujxfptwzddixb
2025-03-12T14:36:23.515Z - info: Starting rendering request 4 rootId=gzujxfptwzddixb, id=gzujxfptwzddixb
2025-03-12T14:36:23.515Z - info: Rendering template { name: gadify_checklist, recipe: chrome-pdf, engine: handlebars, preview: true } rootId=gzujxfptwzddixb, id=gzujxfptwzddixb
2025-03-12T14:36:23.516Z - warn: Error when processing render request 4
(because) failed to parse data json
(because) data entry not found (A08XWGriC)
Error: Data entry not found (A08XWGriC)
  at module.exports (C:\Users\barua\OneDrive\Desktop\Gadify-Backend\node_modules\@jsreport\jsreport-core\lib\shared\createError.js:10:13)
  at WorkerReporter.createError (C:\Users\barua\OneDrive\Desktop\Gadify-Backend\node_modules\@jsreport\jsreport-core\lib\shared\reporter.js:53:12)
  at findDataItem (C:\Users\barua\OneDrive\Desktop\Gadify-Backend\node_modules\@jsreport\jsreport-data\lib\worker.js:34:24)
  at async Object.<anonymous> (C:\Users\barua\OneDrive\Desktop\Gadify-Backend\node_modules\@jsreport\jsreport-data\lib\worker.js:44:16)
  at async ListenerCollection.fire (C:\Users\barua\OneDrive\Desktop\Gadify-Backend\node_modules\@jsreport\jsreport-core\lib\shared\listenerCollection.js:157:21)
  at async beforeRender (C:\Users\barua\OneDrive\Desktop\Gadify-Backend\node_modules\@jsreport\jsreport-core\lib\worker\render\render.js:24:5)
  at async WorkerReporter._render (C:\Users\barua\OneDrive\Desktop\Gadify-Backend\node_modules\@jsreport\jsreport-core\lib\worker\render\render.js:147:7)
  at async C:\Users\barua\OneDrive\Desktop\Gadify-Backend\node_modules\@jsreport\jsreport-core\lib\worker\reporter.js:232:24
  at async processAndResponse (C:\Users\barua\OneDrive\Desktop\Gadify-Backend\node_modules\@jsreport\advanced-workers\lib\workerHandler.js:41:17)
wrapped by:
Error: Failed to parse data json
(because) data entry not found (A08XWGriC)
  at module.exports (C:\Users\barua\OneDrive\Desktop\Gadify-Backend\node_modules\@jsreport\jsreport-core\lib\shared\createError.js:10:13)
  at WorkerReporter.createError (C:\Users\barua\OneDrive\Desktop\Gadify-Backend\node_modules\@jsreport\jsreport-core\lib\shared\reporter.js:53:12)
  at Object.<anonymous> (C:\Users\barua\OneDrive\Desktop\Gadify-Backend\node_modules\@jsreport\jsreport-data\lib\worker.js:54:22)
  at async ListenerCollection.fire (C:\Users\barua\OneDrive\Desktop\Gadify-Backend\node_modules\@jsreport\jsreport-core\lib\shared\listenerCollection.js:157:21)
  at async beforeRender (C:\Users\barua\OneDrive\Desktop\Gadify-Backend\node_modules\@jsreport\jsreport-core\lib\worker\render\render.js:24:5)
  at async WorkerReporter._render (C:\Users\barua\OneDrive\Desktop\Gadify-Backend\node_modules\@jsreport\jsreport-core\lib\worker\render\render.js:147:7)
  at async C:\Users\barua\OneDrive\Desktop\Gadify-Backend\node_modules\@jsreport\jsreport-core\lib\worker\reporter.js:232:24
  at async processAndResponse (C:\Users\barua\OneDrive\Desktop\Gadify-Backend\node_modules\@jsreport\advanced-workers\lib\workerHandler.js:41:17) rootId=gzujxfptwzddixb, id=gzujxfptwzddixb
2025-03-12T14:36:23.516Z - warn: Rendering request 4 finished with error in 4 ms rootId=gzujxfptwzddixb, id=gzujxfptwzddixb
2025-03-12T14:36:23.700Z - info: Render request 5 queued for execution and waiting for available worker rootId=opwng21zniwqesk, id=opwng21zniwqesk
2025-03-12T14:36:23.702Z - info: Starting rendering request 5 rootId=opwng21zniwqesk, id=opwng21zniwqesk
2025-03-12T14:36:23.702Z - info: Rendering template { name: gadify_checklist, recipe: chrome-pdf, engine: handlebars, preview: true } rootId=opwng21zniwqesk, id=opwng21zniwqesk
2025-03-12T14:36:23.703Z - warn: Error when processing render request 5
(because) failed to parse data json
(because) data entry not found (A08XWGriC)
Error: Data entry not found (A08XWGriC)
  at module.exports (C:\Users\barua\OneDrive\Desktop\Gadify-Backend\node_modules\@jsreport\jsreport-core\lib\shared\createError.js:10:13)
  at WorkerReporter.createError (C:\Users\barua\OneDrive\Desktop\Gadify-Backend\node_modules\@jsreport\jsreport-core\lib\shared\reporter.js:53:12)
  at findDataItem (C:\Users\barua\OneDrive\Desktop\Gadify-Backend\node_modules\@jsreport\jsreport-data\lib\worker.js:34:24)
  at async Object.<anonymous> (C:\Users\barua\OneDrive\Desktop\Gadify-Backend\node_modules\@jsreport\jsreport-data\lib\worker.js:44:16)
  at async ListenerCollection.fire (C:\Users\barua\OneDrive\Desktop\Gadify-Backend\node_modules\@jsreport\jsreport-core\lib\shared\listenerCollection.js:157:21)
  at async beforeRender (C:\Users\barua\OneDrive\Desktop\Gadify-Backend\node_modules\@jsreport\jsreport-core\lib\worker\render\render.js:24:5)
  at async WorkerReporter._render (C:\Users\barua\OneDrive\Desktop\Gadify-Backend\node_modules\@jsreport\jsreport-core\lib\worker\render\render.js:147:7)
  at async C:\Users\barua\OneDrive\Desktop\Gadify-Backend\node_modules\@jsreport\jsreport-core\lib\worker\reporter.js:232:24
  at async processAndResponse (C:\Users\barua\OneDrive\Desktop\Gadify-Backend\node_modules\@jsreport\advanced-workers\lib\workerHandler.js:41:17)
wrapped by:
Error: Failed to parse data json
(because) data entry not found (A08XWGriC)
  at module.exports (C:\Users\barua\OneDrive\Desktop\Gadify-Backend\node_modules\@jsreport\jsreport-core\lib\shared\createError.js:10:13)
  at WorkerReporter.createError (C:\Users\barua\OneDrive\Desktop\Gadify-Backend\node_modules\@jsreport\jsreport-core\lib\shared\reporter.js:53:12)
  at Object.<anonymous> (C:\Users\barua\OneDrive\Desktop\Gadify-Backend\node_modules\@jsreport\jsreport-data\lib\worker.js:54:22)
  at async ListenerCollection.fire (C:\Users\barua\OneDrive\Desktop\Gadify-Backend\node_modules\@jsreport\jsreport-core\lib\shared\listenerCollection.js:157:21)
  at async beforeRender (C:\Users\barua\OneDrive\Desktop\Gadify-Backend\node_modules\@jsreport\jsreport-core\lib\worker\render\render.js:24:5)
  at async WorkerReporter._render (C:\Users\barua\OneDrive\Desktop\Gadify-Backend\node_modules\@jsreport\jsreport-core\lib\worker\render\render.js:147:7)
  at async C:\Users\barua\OneDrive\Desktop\Gadify-Backend\node_modules\@jsreport\jsreport-core\lib\worker\reporter.js:232:24
  at async processAndResponse (C:\Users\barua\OneDrive\Desktop\Gadify-Backend\node_modules\@jsreport\advanced-workers\lib\workerHandler.js:41:17) rootId=opwng21zniwqesk, id=opwng21zniwqesk
2025-03-12T14:36:23.703Z - warn: Rendering request 5 finished with error in 4 ms rootId=opwng21zniwqesk, id=opwng21zniwqesk
2025-03-12T14:36:23.894Z - info: Render request 6 queued for execution and waiting for available worker rootId=661cfevdauh8w0u, id=661cfevdauh8w0u
2025-03-12T14:36:23.897Z - info: Starting rendering request 6 rootId=661cfevdauh8w0u, id=661cfevdauh8w0u
2025-03-12T14:36:23.897Z - info: Rendering template { name: gadify_checklist, recipe: chrome-pdf, engine: handlebars, preview: true } rootId=661cfevdauh8w0u, id=661cfevdauh8w0u
2025-03-12T14:36:23.898Z - warn: Error when processing render request 6
(because) failed to parse data json
(because) data entry not found (A08XWGriC)
Error: Data entry not found (A08XWGriC)
  at module.exports (C:\Users\barua\OneDrive\Desktop\Gadify-Backend\node_modules\@jsreport\jsreport-core\lib\shared\createError.js:10:13)
  at WorkerReporter.createError (C:\Users\barua\OneDrive\Desktop\Gadify-Backend\node_modules\@jsreport\jsreport-core\lib\shared\reporter.js:53:12)
  at findDataItem (C:\Users\barua\OneDrive\Desktop\Gadify-Backend\node_modules\@jsreport\jsreport-data\lib\worker.js:34:24)
  at async Object.<anonymous> (C:\Users\barua\OneDrive\Desktop\Gadify-Backend\node_modules\@jsreport\jsreport-data\lib\worker.js:44:16)
  at async ListenerCollection.fire (C:\Users\barua\OneDrive\Desktop\Gadify-Backend\node_modules\@jsreport\jsreport-core\lib\shared\listenerCollection.js:157:21)
  at async beforeRender (C:\Users\barua\OneDrive\Desktop\Gadify-Backend\node_modules\@jsreport\jsreport-core\lib\worker\render\render.js:24:5)
  at async WorkerReporter._render (C:\Users\barua\OneDrive\Desktop\Gadify-Backend\node_modules\@jsreport\jsreport-core\lib\worker\render\render.js:147:7)
  at async C:\Users\barua\OneDrive\Desktop\Gadify-Backend\node_modules\@jsreport\jsreport-core\lib\worker\reporter.js:232:24
  at async processAndResponse (C:\Users\barua\OneDrive\Desktop\Gadify-Backend\node_modules\@jsreport\advanced-workers\lib\workerHandler.js:41:17)
wrapped by:
Error: Failed to parse data json
(because) data entry not found (A08XWGriC)
  at module.exports (C:\Users\barua\OneDrive\Desktop\Gadify-Backend\node_modules\@jsreport\jsreport-core\lib\shared\createError.js:10:13)
  at WorkerReporter.createError (C:\Users\barua\OneDrive\Desktop\Gadify-Backend\node_modules\@jsreport\jsreport-core\lib\shared\reporter.js:53:12)
  at Object.<anonymous> (C:\Users\barua\OneDrive\Desktop\Gadify-Backend\node_modules\@jsreport\jsreport-data\lib\worker.js:54:22)
  at async ListenerCollection.fire (C:\Users\barua\OneDrive\Desktop\Gadify-Backend\node_modules\@jsreport\jsreport-core\lib\shared\listenerCollection.js:157:21)
  at async beforeRender (C:\Users\barua\OneDrive\Desktop\Gadify-Backend\node_modules\@jsreport\jsreport-core\lib\worker\render\render.js:24:5)
  at async WorkerReporter._render (C:\Users\barua\OneDrive\Desktop\Gadify-Backend\node_modules\@jsreport\jsreport-core\lib\worker\render\render.js:147:7)
  at async C:\Users\barua\OneDrive\Desktop\Gadify-Backend\node_modules\@jsreport\jsreport-core\lib\worker\reporter.js:232:24
  at async processAndResponse (C:\Users\barua\OneDrive\Desktop\Gadify-Backend\node_modules\@jsreport\advanced-workers\lib\workerHandler.js:41:17) rootId=661cfevdauh8w0u, id=661cfevdauh8w0u
2025-03-12T14:36:23.898Z - warn: Rendering request 6 finished with error in 5 ms rootId=661cfevdauh8w0u, id=661cfevdauh8w0u
2025-03-12T14:36:24.566Z - debug: OData update on templates
2025-03-12T14:36:24.575Z - debug: OData query on templates
2025-03-12T14:36:25.053Z - debug: OData query on data
2025-03-12T14:36:27.661Z - debug: OData query on data
2025-03-12T14:36:35.911Z - debug: OData query on data
2025-03-12T14:36:38.967Z - debug: OData query on templates
2025-03-12T14:36:38.973Z - debug: OData query on settings
2025-03-12T14:36:38.986Z - debug: OData query on folders
2025-03-12T14:36:38.999Z - debug: OData query on components
2025-03-12T14:36:39.013Z - debug: OData query on data
2025-03-12T14:36:39.020Z - debug: OData query on tags
2025-03-12T14:36:39.025Z - debug: OData query on assets
2025-03-12T14:36:39.030Z - debug: OData query on scripts
2025-03-12T14:36:39.036Z - debug: OData query on schedules
2025-03-12T14:36:57.368Z - debug: OData insert into templates
2025-03-12T14:37:03.754Z - debug: OData insert into data
2025-03-12T14:37:04.955Z - info: Render request 7 queued for execution and waiting for available worker rootId=8u1lhatm5apr5hs, id=8u1lhatm5apr5hs
2025-03-12T14:37:04.959Z - info: Starting rendering request 7 rootId=8u1lhatm5apr5hs, id=8u1lhatm5apr5hs
2025-03-12T14:37:04.959Z - info: Rendering template { name: gadifydsadsad, recipe: chrome-pdf, engine: handlebars, preview: true } rootId=8u1lhatm5apr5hs, id=8u1lhatm5apr5hs
2025-03-12T14:37:04.959Z - debug: Adding sample data HqoL-nu-1 rootId=8u1lhatm5apr5hs, id=8u1lhatm5apr5hs
2025-03-12T14:37:04.960Z - debug: Base url not specified, skipping its injection. rootId=8u1lhatm5apr5hs, id=8u1lhatm5apr5hs
2025-03-12T14:37:04.961Z - debug: Rendering engine handlebars rootId=8u1lhatm5apr5hs, id=8u1lhatm5apr5hs
2025-03-12T14:37:05.517Z - debug: Executing recipe chrome-pdf rootId=8u1lhatm5apr5hs, id=8u1lhatm5apr5hs
2025-03-12T14:37:06.373Z - debug: Converting with chrome Chrome/133.0.6943.126 using chrome-pool strategy rootId=8u1lhatm5apr5hs, id=8u1lhatm5apr5hs
2025-03-12T14:37:06.420Z - debug: Page request: GET (document) file:///C:/Users/barua/AppData/Local/Temp/jsreport/autocleanup/001f3d63-66bd-4246-89d5-cfec9e178ffa-chrome-pdf.html rootId=8u1lhatm5apr5hs, id=8u1lhatm5apr5hs
2025-03-12T14:37:06.444Z - debug: Page request finished: GET (document) 200 file:///C:/Users/barua/AppData/Local/Temp/jsreport/autocleanup/001f3d63-66bd-4246-89d5-cfec9e178ffa-chrome-pdf.html rootId=8u1lhatm5apr5hs, id=8u1lhatm5apr5hs
2025-03-12T14:37:06.466Z - debug: Running chrome with params {"printBackground":true,"timeout":59431,"margin":{}} rootId=8u1lhatm5apr5hs, id=8u1lhatm5apr5hs
2025-03-12T14:37:06.775Z - debug: Skipping storing report. rootId=8u1lhatm5apr5hs, id=8u1lhatm5apr5hs
2025-03-12T14:37:06.775Z - info: Rendering request 7 finished in 1821 ms rootId=8u1lhatm5apr5hs, id=8u1lhatm5apr5hs
2025-03-12T14:37:50.270Z - info: Render request 8 queued for execution and waiting for available worker rootId=9xa3iz3616f6rxm, id=9xa3iz3616f6rxm
2025-03-12T14:37:50.274Z - info: Starting rendering request 8 rootId=9xa3iz3616f6rxm, id=9xa3iz3616f6rxm
2025-03-12T14:37:50.274Z - info: Rendering template { name: gadifydsadsad, recipe: chrome-pdf, engine: handlebars, preview: true } rootId=9xa3iz3616f6rxm, id=9xa3iz3616f6rxm
2025-03-12T14:37:50.274Z - debug: Adding sample data HqoL-nu-1 rootId=9xa3iz3616f6rxm, id=9xa3iz3616f6rxm
2025-03-12T14:37:50.275Z - debug: Base url not specified, skipping its injection. rootId=9xa3iz3616f6rxm, id=9xa3iz3616f6rxm
2025-03-12T14:37:50.276Z - debug: Rendering engine handlebars rootId=9xa3iz3616f6rxm, id=9xa3iz3616f6rxm
2025-03-12T14:37:50.709Z - debug: Executing recipe chrome-pdf rootId=9xa3iz3616f6rxm, id=9xa3iz3616f6rxm
2025-03-12T14:37:51.022Z - debug: Converting with chrome Chrome/133.0.6943.126 using chrome-pool strategy rootId=9xa3iz3616f6rxm, id=9xa3iz3616f6rxm
2025-03-12T14:37:51.093Z - debug: Page request: GET (document) file:///C:/Users/barua/AppData/Local/Temp/jsreport/autocleanup/beafc664-bd70-4777-97a1-00cc4f4d9452-chrome-pdf.html rootId=9xa3iz3616f6rxm, id=9xa3iz3616f6rxm
2025-03-12T14:37:51.128Z - debug: Page request finished: GET (document) 200 file:///C:/Users/barua/AppData/Local/Temp/jsreport/autocleanup/beafc664-bd70-4777-97a1-00cc4f4d9452-chrome-pdf.html rootId=9xa3iz3616f6rxm, id=9xa3iz3616f6rxm
2025-03-12T14:37:51.145Z - debug: Running chrome with params {"printBackground":true,"timeout":59554,"margin":{}} rootId=9xa3iz3616f6rxm, id=9xa3iz3616f6rxm
2025-03-12T14:37:51.400Z - debug: Skipping storing report. rootId=9xa3iz3616f6rxm, id=9xa3iz3616f6rxm
2025-03-12T14:37:51.400Z - info: Rendering request 8 finished in 1132 ms rootId=9xa3iz3616f6rxm, id=9xa3iz3616f6rxm
2025-03-12T14:38:16.979Z - info: Render request 9 queued for execution and waiting for available worker rootId=znaxwluwj53d3wl, id=znaxwluwj53d3wl
2025-03-12T14:38:16.982Z - info: Starting rendering request 9 rootId=znaxwluwj53d3wl, id=znaxwluwj53d3wl
2025-03-12T14:38:16.982Z - info: Rendering template { name: gadifydsadsad, recipe: chrome-pdf, engine: handlebars, preview: true } rootId=znaxwluwj53d3wl, id=znaxwluwj53d3wl
2025-03-12T14:38:16.983Z - debug: Adding sample data HqoL-nu-1 rootId=znaxwluwj53d3wl, id=znaxwluwj53d3wl
2025-03-12T14:38:16.983Z - debug: Base url not specified, skipping its injection. rootId=znaxwluwj53d3wl, id=znaxwluwj53d3wl
2025-03-12T14:38:16.984Z - debug: Rendering engine handlebars rootId=znaxwluwj53d3wl, id=znaxwluwj53d3wl
2025-03-12T14:38:17.001Z - debug: Executing recipe chrome-pdf rootId=znaxwluwj53d3wl, id=znaxwluwj53d3wl
2025-03-12T14:38:17.004Z - debug: Converting with chrome Chrome/133.0.6943.126 using chrome-pool strategy rootId=znaxwluwj53d3wl, id=znaxwluwj53d3wl
2025-03-12T14:38:17.332Z - debug: Page request: GET (document) file:///C:/Users/barua/AppData/Local/Temp/jsreport/autocleanup/865eec0f-d32a-4526-87e9-e866fb2914bc-chrome-pdf.html rootId=znaxwluwj53d3wl, id=znaxwluwj53d3wl
2025-03-12T14:38:17.371Z - debug: Page request finished: GET (document) 200 file:///C:/Users/barua/AppData/Local/Temp/jsreport/autocleanup/865eec0f-d32a-4526-87e9-e866fb2914bc-chrome-pdf.html rootId=znaxwluwj53d3wl, id=znaxwluwj53d3wl
2025-03-12T14:38:17.382Z - debug: Running chrome with params {"printBackground":true,"timeout":59975,"margin":{}} rootId=znaxwluwj53d3wl, id=znaxwluwj53d3wl
2025-03-12T14:38:17.569Z - debug: Skipping storing report. rootId=znaxwluwj53d3wl, id=znaxwluwj53d3wl
2025-03-12T14:38:17.569Z - info: Rendering request 9 finished in 591 ms rootId=znaxwluwj53d3wl, id=znaxwluwj53d3wl
2025-03-12T14:39:53.546Z - info: Render request 10 queued for execution and waiting for available worker rootId=1zz8txi7ytji256, id=1zz8txi7ytji256
2025-03-12T14:39:53.549Z - info: Starting rendering request 10 rootId=1zz8txi7ytji256, id=1zz8txi7ytji256
2025-03-12T14:39:53.549Z - info: Rendering template { name: gadifydsadsad, recipe: chrome-pdf, engine: handlebars, preview: true } rootId=1zz8txi7ytji256, id=1zz8txi7ytji256
2025-03-12T14:39:53.550Z - debug: Adding sample data HqoL-nu-1 rootId=1zz8txi7ytji256, id=1zz8txi7ytji256
2025-03-12T14:39:53.550Z - debug: Base url not specified, skipping its injection. rootId=1zz8txi7ytji256, id=1zz8txi7ytji256
2025-03-12T14:39:53.551Z - debug: Rendering engine handlebars rootId=1zz8txi7ytji256, id=1zz8txi7ytji256
2025-03-12T14:39:53.561Z - warn: Error when processing render request 10
(because) error when evaluating engine handlebars for template /gadifydsadsad
(because) parse error on line 108:
...this.section.element}}}</strong></td> 
-----------------------^
Expecting 'CLOSE', 'OPEN_SEXPR', 'ID', 'STRING', 'NUMBER', 'BOOLEAN', 'UNDEFINED', 'NULL', 'DATA', got 'CLOSE_UNESCAPED'

(sandbox.js line 13:18)
Error: Parse error on line 108:
...this.section.element}}}</strong></td> 
-----------------------^
Expecting 'CLOSE', 'OPEN_SEXPR', 'ID', 'STRING', 'NUMBER', 'BOOLEAN', 'UNDEFINED', 'NULL', 'DATA', got 'CLOSE_UNESCAPED'
  at Parser.parseError (C:\Users\barua\OneDrive\Desktop\Gadify-Backend\node_modules\handlebars\dist\cjs\handlebars\compiler\parser.js:267:19)
  at Parser.parse (C:\Users\barua\OneDrive\Desktop\Gadify-Backend\node_modules\handlebars\dist\cjs\handlebars\compiler\parser.js:336:30)
  at parseWithoutProcessing (C:\Users\barua\OneDrive\Desktop\Gadify-Backend\node_modules\handlebars\dist\cjs\handlebars\compiler\base.js:46:33)
  at HandlebarsEnvironment.parse (C:\Users\barua\OneDrive\Desktop\Gadify-Backend\node_modules\handlebars\dist\cjs\handlebars\compiler\base.js:52:13)
  at Object.precompile (C:\Users\barua\OneDrive\Desktop\Gadify-Backend\node_modules\handlebars\dist\cjs\handlebars\compiler\compiler.js:485:17)
  at hb.precompile (C:\Users\barua\OneDrive\Desktop\Gadify-Backend\node_modules\handlebars\dist\cjs\handlebars.js:42:40)
  at Object.compile (C:\Users\barua\OneDrive\Desktop\Gadify-Backend\node_modules\@jsreport\jsreport-handlebars\lib\handlebarsEngine.js:34:52)
  at Object.compile (C:\Users\barua\OneDrive\Desktop\Gadify-Backend\node_modules\@jsreport\jsreport-handlebars\lib\worker.js:26:43)
  at executionFn (C:\Users\barua\OneDrive\Desktop\Gadify-Backend\node_modules\@jsreport\jsreport-core\lib\worker\render\executeEngine.js:252:44)
  at eval (sandbox.js:13:18)
  at async run (C:\Users\barua\OneDrive\Desktop\Gadify-Backend\node_modules\@jsreport\jsreport-core\lib\worker\sandbox\createSandbox.js:132:18)
  at async WorkerReporter.runInSandbox [as _runInSandbox] (C:\Users\barua\OneDrive\Desktop\Gadify-Backend\node_modules\@jsreport\jsreport-core\lib\worker\sandbox\runInSandbox.js:214:14)
  at async executeEngine (C:\Users\barua\OneDrive\Desktop\Gadify-Backend\node_modules\@jsreport\jsreport-core\lib\worker\render\executeEngine.js:354:16)
  at async engine.engine (C:\Users\barua\OneDrive\Desktop\Gadify-Backend\node_modules\@jsreport\jsreport-core\lib\worker\render\executeEngine.js:162:14)
  at async invokeRender (C:\Users\barua\OneDrive\Desktop\Gadify-Backend\node_modules\@jsreport\jsreport-core\lib\worker\render\render.js:61:23)
  at async WorkerReporter._render (C:\Users\barua\OneDrive\Desktop\Gadify-Backend\node_modules\@jsreport\jsreport-core\lib\worker\render\render.js:148:7)
wrapped by:
Error: Error when evaluating engine handlebars for template /gadifydsadsad
(because) parse error on line 108:
...this.section.element}}}</strong></td> 
-----------------------^
Expecting 'CLOSE', 'OPEN_SEXPR', 'ID', 'STRING', 'NUMBER', 'BOOLEAN', 'UNDEFINED', 'NULL', 'DATA', got 'CLOSE_UNESCAPED'
  at module.exports (C:\Users\barua\OneDrive\Desktop\Gadify-Backend\node_modules\@jsreport\jsreport-core\lib\shared\createError.js:10:13)
  at WorkerReporter.createError (C:\Users\barua\OneDrive\Desktop\Gadify-Backend\node_modules\@jsreport\jsreport-core\lib\shared\reporter.js:53:12)
  at executeEngine (C:\Users\barua\OneDrive\Desktop\Gadify-Backend\node_modules\@jsreport\jsreport-core\lib\worker\render\executeEngine.js:377:35)
  at async engine.engine (C:\Users\barua\OneDrive\Desktop\Gadify-Backend\node_modules\@jsreport\jsreport-core\lib\worker\render\executeEngine.js:162:14)
  at async invokeRender (C:\Users\barua\OneDrive\Desktop\Gadify-Backend\node_modules\@jsreport\jsreport-core\lib\worker\render\render.js:61:23)
  at async WorkerReporter._render (C:\Users\barua\OneDrive\Desktop\Gadify-Backend\node_modules\@jsreport\jsreport-core\lib\worker\render\render.js:148:7)
  at async C:\Users\barua\OneDrive\Desktop\Gadify-Backend\node_modules\@jsreport\jsreport-core\lib\worker\reporter.js:232:24
  at async processAndResponse (C:\Users\barua\OneDrive\Desktop\Gadify-Backend\node_modules\@jsreport\advanced-workers\lib\workerHandler.js:41:17) rootId=1zz8txi7ytji256, id=1zz8txi7ytji256
2025-03-12T14:39:53.561Z - warn: Rendering request 10 finished with error in 16 ms rootId=1zz8txi7ytji256, id=1zz8txi7ytji256
2025-03-12T14:39:54.319Z - info: Render request 11 queued for execution and waiting for available worker rootId=0f8a7a957xut8gc, id=0f8a7a957xut8gc
2025-03-12T14:39:54.321Z - info: Starting rendering request 11 rootId=0f8a7a957xut8gc, id=0f8a7a957xut8gc
2025-03-12T14:39:54.321Z - info: Rendering template { name: gadifydsadsad, recipe: chrome-pdf, engine: handlebars, preview: true } rootId=0f8a7a957xut8gc, id=0f8a7a957xut8gc
2025-03-12T14:39:54.322Z - debug: Adding sample data HqoL-nu-1 rootId=0f8a7a957xut8gc, id=0f8a7a957xut8gc
2025-03-12T14:39:54.323Z - debug: Base url not specified, skipping its injection. rootId=0f8a7a957xut8gc, id=0f8a7a957xut8gc
2025-03-12T14:39:54.323Z - debug: Rendering engine handlebars rootId=0f8a7a957xut8gc, id=0f8a7a957xut8gc
2025-03-12T14:39:54.335Z - warn: Error when processing render request 11
(because) error when evaluating engine handlebars for template /gadifydsadsad
(because) parse error on line 108:
...this.section.element}}}</strong></td> 
-----------------------^
Expecting 'CLOSE', 'OPEN_SEXPR', 'ID', 'STRING', 'NUMBER', 'BOOLEAN', 'UNDEFINED', 'NULL', 'DATA', got 'CLOSE_UNESCAPED'

(sandbox.js line 13:18)
Error: Parse error on line 108:
...this.section.element}}}</strong></td> 
-----------------------^
Expecting 'CLOSE', 'OPEN_SEXPR', 'ID', 'STRING', 'NUMBER', 'BOOLEAN', 'UNDEFINED', 'NULL', 'DATA', got 'CLOSE_UNESCAPED'
  at Parser.parseError (C:\Users\barua\OneDrive\Desktop\Gadify-Backend\node_modules\handlebars\dist\cjs\handlebars\compiler\parser.js:267:19)
  at Parser.parse (C:\Users\barua\OneDrive\Desktop\Gadify-Backend\node_modules\handlebars\dist\cjs\handlebars\compiler\parser.js:336:30)
  at parseWithoutProcessing (C:\Users\barua\OneDrive\Desktop\Gadify-Backend\node_modules\handlebars\dist\cjs\handlebars\compiler\base.js:46:33)
  at HandlebarsEnvironment.parse (C:\Users\barua\OneDrive\Desktop\Gadify-Backend\node_modules\handlebars\dist\cjs\handlebars\compiler\base.js:52:13)
  at Object.precompile (C:\Users\barua\OneDrive\Desktop\Gadify-Backend\node_modules\handlebars\dist\cjs\handlebars\compiler\compiler.js:485:17)
  at hb.precompile (C:\Users\barua\OneDrive\Desktop\Gadify-Backend\node_modules\handlebars\dist\cjs\handlebars.js:42:40)
  at Object.compile (C:\Users\barua\OneDrive\Desktop\Gadify-Backend\node_modules\@jsreport\jsreport-handlebars\lib\handlebarsEngine.js:34:52)
  at Object.compile (C:\Users\barua\OneDrive\Desktop\Gadify-Backend\node_modules\@jsreport\jsreport-handlebars\lib\worker.js:26:43)
  at executionFn (C:\Users\barua\OneDrive\Desktop\Gadify-Backend\node_modules\@jsreport\jsreport-core\lib\worker\render\executeEngine.js:252:44)
  at eval (sandbox.js:13:18)
  at async run (C:\Users\barua\OneDrive\Desktop\Gadify-Backend\node_modules\@jsreport\jsreport-core\lib\worker\sandbox\createSandbox.js:132:18)
  at async WorkerReporter.runInSandbox [as _runInSandbox] (C:\Users\barua\OneDrive\Desktop\Gadify-Backend\node_modules\@jsreport\jsreport-core\lib\worker\sandbox\runInSandbox.js:214:14)
  at async executeEngine (C:\Users\barua\OneDrive\Desktop\Gadify-Backend\node_modules\@jsreport\jsreport-core\lib\worker\render\executeEngine.js:354:16)
  at async engine.engine (C:\Users\barua\OneDrive\Desktop\Gadify-Backend\node_modules\@jsreport\jsreport-core\lib\worker\render\executeEngine.js:162:14)
  at async invokeRender (C:\Users\barua\OneDrive\Desktop\Gadify-Backend\node_modules\@jsreport\jsreport-core\lib\worker\render\render.js:61:23)
  at async WorkerReporter._render (C:\Users\barua\OneDrive\Desktop\Gadify-Backend\node_modules\@jsreport\jsreport-core\lib\worker\render\render.js:148:7)
wrapped by:
Error: Error when evaluating engine handlebars for template /gadifydsadsad
(because) parse error on line 108:
...this.section.element}}}</strong></td> 
-----------------------^
Expecting 'CLOSE', 'OPEN_SEXPR', 'ID', 'STRING', 'NUMBER', 'BOOLEAN', 'UNDEFINED', 'NULL', 'DATA', got 'CLOSE_UNESCAPED'
  at module.exports (C:\Users\barua\OneDrive\Desktop\Gadify-Backend\node_modules\@jsreport\jsreport-core\lib\shared\createError.js:10:13)
  at WorkerReporter.createError (C:\Users\barua\OneDrive\Desktop\Gadify-Backend\node_modules\@jsreport\jsreport-core\lib\shared\reporter.js:53:12)
  at executeEngine (C:\Users\barua\OneDrive\Desktop\Gadify-Backend\node_modules\@jsreport\jsreport-core\lib\worker\render\executeEngine.js:377:35)
  at async engine.engine (C:\Users\barua\OneDrive\Desktop\Gadify-Backend\node_modules\@jsreport\jsreport-core\lib\worker\render\executeEngine.js:162:14)
  at async invokeRender (C:\Users\barua\OneDrive\Desktop\Gadify-Backend\node_modules\@jsreport\jsreport-core\lib\worker\render\render.js:61:23)
  at async WorkerReporter._render (C:\Users\barua\OneDrive\Desktop\Gadify-Backend\node_modules\@jsreport\jsreport-core\lib\worker\render\render.js:148:7)
  at async C:\Users\barua\OneDrive\Desktop\Gadify-Backend\node_modules\@jsreport\jsreport-core\lib\worker\reporter.js:232:24
  at async processAndResponse (C:\Users\barua\OneDrive\Desktop\Gadify-Backend\node_modules\@jsreport\advanced-workers\lib\workerHandler.js:41:17) rootId=0f8a7a957xut8gc, id=0f8a7a957xut8gc
2025-03-12T14:39:54.336Z - warn: Rendering request 11 finished with error in 17 ms rootId=0f8a7a957xut8gc, id=0f8a7a957xut8gc
2025-03-12T14:40:04.649Z - info: Render request 12 queued for execution and waiting for available worker rootId=s64gzxuxwhzuaju, id=s64gzxuxwhzuaju
2025-03-12T14:40:04.652Z - info: Starting rendering request 12 rootId=s64gzxuxwhzuaju, id=s64gzxuxwhzuaju
2025-03-12T14:40:04.652Z - info: Rendering template { name: gadifydsadsad, recipe: chrome-pdf, engine: handlebars, preview: true } rootId=s64gzxuxwhzuaju, id=s64gzxuxwhzuaju
2025-03-12T14:40:04.653Z - debug: Adding sample data HqoL-nu-1 rootId=s64gzxuxwhzuaju, id=s64gzxuxwhzuaju
2025-03-12T14:40:04.654Z - debug: Base url not specified, skipping its injection. rootId=s64gzxuxwhzuaju, id=s64gzxuxwhzuaju
2025-03-12T14:40:04.654Z - debug: Rendering engine handlebars rootId=s64gzxuxwhzuaju, id=s64gzxuxwhzuaju
2025-03-12T14:40:04.668Z - debug: Executing recipe chrome-pdf rootId=s64gzxuxwhzuaju, id=s64gzxuxwhzuaju
2025-03-12T14:40:04.670Z - debug: Converting with chrome Chrome/133.0.6943.126 using chrome-pool strategy rootId=s64gzxuxwhzuaju, id=s64gzxuxwhzuaju
2025-03-12T14:40:04.859Z - debug: Page request: GET (document) file:///C:/Users/barua/AppData/Local/Temp/jsreport/autocleanup/e5c3b6a2-f14e-4dc0-9584-6709b8fb295b-chrome-pdf.html rootId=s64gzxuxwhzuaju, id=s64gzxuxwhzuaju
2025-03-12T14:40:04.873Z - debug: Page request finished: GET (document) 200 file:///C:/Users/barua/AppData/Local/Temp/jsreport/autocleanup/e5c3b6a2-f14e-4dc0-9584-6709b8fb295b-chrome-pdf.html rootId=s64gzxuxwhzuaju, id=s64gzxuxwhzuaju
2025-03-12T14:40:04.893Z - debug: Running chrome with params {"printBackground":true,"timeout":59979,"margin":{}} rootId=s64gzxuxwhzuaju, id=s64gzxuxwhzuaju
2025-03-12T14:40:05.089Z - debug: Skipping storing report. rootId=s64gzxuxwhzuaju, id=s64gzxuxwhzuaju
2025-03-12T14:40:05.089Z - info: Rendering request 12 finished in 441 ms rootId=s64gzxuxwhzuaju, id=s64gzxuxwhzuaju
2025-03-12T14:40:14.551Z - debug: OData update on templates
2025-03-12T14:40:14.563Z - debug: OData query on templates
2025-03-12T14:40:15.262Z - info: Render request 13 queued for execution and waiting for available worker rootId=s0e2q9o4pk8vabf, id=s0e2q9o4pk8vabf
2025-03-12T14:40:15.266Z - info: Starting rendering request 13 rootId=s0e2q9o4pk8vabf, id=s0e2q9o4pk8vabf
2025-03-12T14:40:15.266Z - info: Rendering template { name: gadifydsadsad, recipe: chrome-pdf, engine: handlebars, preview: true } rootId=s0e2q9o4pk8vabf, id=s0e2q9o4pk8vabf
2025-03-12T14:40:15.266Z - debug: Adding sample data HqoL-nu-1 rootId=s0e2q9o4pk8vabf, id=s0e2q9o4pk8vabf
2025-03-12T14:40:15.267Z - debug: Base url not specified, skipping its injection. rootId=s0e2q9o4pk8vabf, id=s0e2q9o4pk8vabf
2025-03-12T14:40:15.267Z - debug: Rendering engine handlebars rootId=s0e2q9o4pk8vabf, id=s0e2q9o4pk8vabf
2025-03-12T14:40:15.281Z - debug: Executing recipe chrome-pdf rootId=s0e2q9o4pk8vabf, id=s0e2q9o4pk8vabf
2025-03-12T14:40:15.283Z - debug: Converting with chrome Chrome/133.0.6943.126 using chrome-pool strategy rootId=s0e2q9o4pk8vabf, id=s0e2q9o4pk8vabf
2025-03-12T14:40:15.340Z - debug: Page request: GET (document) file:///C:/Users/barua/AppData/Local/Temp/jsreport/autocleanup/fbf1bb5b-4aab-4689-9afb-65dc27f441b0-chrome-pdf.html rootId=s0e2q9o4pk8vabf, id=s0e2q9o4pk8vabf
2025-03-12T14:40:15.375Z - debug: Page request finished: GET (document) 200 file:///C:/Users/barua/AppData/Local/Temp/jsreport/autocleanup/fbf1bb5b-4aab-4689-9afb-65dc27f441b0-chrome-pdf.html rootId=s0e2q9o4pk8vabf, id=s0e2q9o4pk8vabf
2025-03-12T14:40:15.399Z - debug: Running chrome with params {"printBackground":true,"timeout":59979,"margin":{}} rootId=s0e2q9o4pk8vabf, id=s0e2q9o4pk8vabf
2025-03-12T14:40:15.624Z - debug: Skipping storing report. rootId=s0e2q9o4pk8vabf, id=s0e2q9o4pk8vabf
2025-03-12T14:40:15.624Z - info: Rendering request 13 finished in 363 ms rootId=s0e2q9o4pk8vabf, id=s0e2q9o4pk8vabf
2025-03-12T14:40:49.000Z - info: Render request 14 queued for execution and waiting for available worker rootId=0cx8tlu1wpk5iye, id=0cx8tlu1wpk5iye
2025-03-12T14:40:49.003Z - info: Starting rendering request 14 rootId=0cx8tlu1wpk5iye, id=0cx8tlu1wpk5iye
2025-03-12T14:40:49.003Z - info: Rendering template { name: gadifydsadsad, recipe: chrome-pdf, engine: handlebars, preview: true } rootId=0cx8tlu1wpk5iye, id=0cx8tlu1wpk5iye
2025-03-12T14:40:49.004Z - debug: Adding sample data HqoL-nu-1 rootId=0cx8tlu1wpk5iye, id=0cx8tlu1wpk5iye
2025-03-12T14:40:49.004Z - debug: Base url not specified, skipping its injection. rootId=0cx8tlu1wpk5iye, id=0cx8tlu1wpk5iye
2025-03-12T14:40:49.005Z - debug: Rendering engine handlebars rootId=0cx8tlu1wpk5iye, id=0cx8tlu1wpk5iye
2025-03-12T14:40:49.018Z - debug: Executing recipe chrome-pdf rootId=0cx8tlu1wpk5iye, id=0cx8tlu1wpk5iye
2025-03-12T14:40:49.020Z - debug: Converting with chrome Chrome/133.0.6943.126 using chrome-pool strategy rootId=0cx8tlu1wpk5iye, id=0cx8tlu1wpk5iye
2025-03-12T14:40:49.074Z - debug: Page request: GET (document) file:///C:/Users/barua/AppData/Local/Temp/jsreport/autocleanup/f3d0915e-2e22-4365-90b2-5d697cc5a58f-chrome-pdf.html rootId=0cx8tlu1wpk5iye, id=0cx8tlu1wpk5iye
2025-03-12T14:40:49.107Z - debug: Page request finished: GET (document) 200 file:///C:/Users/barua/AppData/Local/Temp/jsreport/autocleanup/f3d0915e-2e22-4365-90b2-5d697cc5a58f-chrome-pdf.html rootId=0cx8tlu1wpk5iye, id=0cx8tlu1wpk5iye
2025-03-12T14:40:49.136Z - debug: Running chrome with params {"printBackground":true,"timeout":59980,"margin":{}} rootId=0cx8tlu1wpk5iye, id=0cx8tlu1wpk5iye
2025-03-12T14:40:49.429Z - debug: Skipping storing report. rootId=0cx8tlu1wpk5iye, id=0cx8tlu1wpk5iye
2025-03-12T14:40:49.429Z - info: Rendering request 14 finished in 430 ms rootId=0cx8tlu1wpk5iye, id=0cx8tlu1wpk5iye
2025-03-12T14:40:56.001Z - info: Render request 15 queued for execution and waiting for available worker rootId=0u71wzcr76zujcw, id=0u71wzcr76zujcw
2025-03-12T14:40:56.004Z - info: Starting rendering request 15 rootId=0u71wzcr76zujcw, id=0u71wzcr76zujcw
2025-03-12T14:40:56.004Z - info: Rendering template { name: gadifydsadsad, recipe: chrome-pdf, engine: handlebars, preview: true } rootId=0u71wzcr76zujcw, id=0u71wzcr76zujcw
2025-03-12T14:40:56.004Z - debug: Adding sample data HqoL-nu-1 rootId=0u71wzcr76zujcw, id=0u71wzcr76zujcw
2025-03-12T14:40:56.006Z - debug: Base url not specified, skipping its injection. rootId=0u71wzcr76zujcw, id=0u71wzcr76zujcw
2025-03-12T14:40:56.006Z - debug: Rendering engine handlebars rootId=0u71wzcr76zujcw, id=0u71wzcr76zujcw
2025-03-12T14:40:56.028Z - debug: Executing recipe chrome-pdf rootId=0u71wzcr76zujcw, id=0u71wzcr76zujcw
2025-03-12T14:40:56.031Z - debug: Converting with chrome Chrome/133.0.6943.126 using chrome-pool strategy rootId=0u71wzcr76zujcw, id=0u71wzcr76zujcw
2025-03-12T14:40:56.075Z - debug: Page request: GET (document) file:///C:/Users/barua/AppData/Local/Temp/jsreport/autocleanup/4974a211-22f1-4f15-bea7-f1e2e5a2f672-chrome-pdf.html rootId=0u71wzcr76zujcw, id=0u71wzcr76zujcw
2025-03-12T14:40:56.096Z - debug: Page request finished: GET (document) 200 file:///C:/Users/barua/AppData/Local/Temp/jsreport/autocleanup/4974a211-22f1-4f15-bea7-f1e2e5a2f672-chrome-pdf.html rootId=0u71wzcr76zujcw, id=0u71wzcr76zujcw
2025-03-12T14:40:56.120Z - debug: Running chrome with params {"printBackground":true,"timeout":59970,"margin":{}} rootId=0u71wzcr76zujcw, id=0u71wzcr76zujcw
2025-03-12T14:40:56.438Z - debug: Skipping storing report. rootId=0u71wzcr76zujcw, id=0u71wzcr76zujcw
2025-03-12T14:40:56.438Z - info: Rendering request 15 finished in 438 ms rootId=0u71wzcr76zujcw, id=0u71wzcr76zujcw
2025-03-12T14:41:21.389Z - info: Render request 16 queued for execution and waiting for available worker rootId=lt6h7d655d7okqs, id=lt6h7d655d7okqs
2025-03-12T14:41:21.393Z - info: Starting rendering request 16 rootId=lt6h7d655d7okqs, id=lt6h7d655d7okqs
2025-03-12T14:41:21.393Z - info: Rendering template { name: gadifydsadsad, recipe: chrome-pdf, engine: handlebars, preview: true } rootId=lt6h7d655d7okqs, id=lt6h7d655d7okqs
2025-03-12T14:41:21.393Z - debug: Adding sample data HqoL-nu-1 rootId=lt6h7d655d7okqs, id=lt6h7d655d7okqs
2025-03-12T14:41:21.394Z - debug: Base url not specified, skipping its injection. rootId=lt6h7d655d7okqs, id=lt6h7d655d7okqs
2025-03-12T14:41:21.394Z - debug: Rendering engine handlebars rootId=lt6h7d655d7okqs, id=lt6h7d655d7okqs
2025-03-12T14:41:21.407Z - debug: Executing recipe chrome-pdf rootId=lt6h7d655d7okqs, id=lt6h7d655d7okqs
2025-03-12T14:41:21.409Z - debug: Converting with chrome Chrome/133.0.6943.126 using chrome-pool strategy rootId=lt6h7d655d7okqs, id=lt6h7d655d7okqs
2025-03-12T14:41:21.451Z - debug: Page request: GET (document) file:///C:/Users/barua/AppData/Local/Temp/jsreport/autocleanup/aa182c81-2927-4fc4-b3a1-68cbae7f2b61-chrome-pdf.html rootId=lt6h7d655d7okqs, id=lt6h7d655d7okqs
2025-03-12T14:41:21.479Z - debug: Page request finished: GET (document) 200 file:///C:/Users/barua/AppData/Local/Temp/jsreport/autocleanup/aa182c81-2927-4fc4-b3a1-68cbae7f2b61-chrome-pdf.html rootId=lt6h7d655d7okqs, id=lt6h7d655d7okqs
2025-03-12T14:41:21.498Z - debug: Running chrome with params {"printBackground":true,"timeout":59980,"margin":{}} rootId=lt6h7d655d7okqs, id=lt6h7d655d7okqs
2025-03-12T14:41:21.806Z - debug: Skipping storing report. rootId=lt6h7d655d7okqs, id=lt6h7d655d7okqs
2025-03-12T14:41:21.806Z - info: Rendering request 16 finished in 418 ms rootId=lt6h7d655d7okqs, id=lt6h7d655d7okqs
2025-03-12T14:42:16.687Z - debug: OData update on templates
2025-03-12T14:42:16.693Z - debug: OData query on templates
2025-03-12T14:42:17.631Z - info: Render request 17 queued for execution and waiting for available worker rootId=vyhw5e7j9un6cld, id=vyhw5e7j9un6cld
2025-03-12T14:42:17.633Z - info: Starting rendering request 17 rootId=vyhw5e7j9un6cld, id=vyhw5e7j9un6cld
2025-03-12T14:42:17.634Z - info: Rendering template { name: gadifydsadsad, recipe: chrome-pdf, engine: handlebars, preview: true } rootId=vyhw5e7j9un6cld, id=vyhw5e7j9un6cld
2025-03-12T14:42:17.634Z - debug: Adding sample data HqoL-nu-1 rootId=vyhw5e7j9un6cld, id=vyhw5e7j9un6cld
2025-03-12T14:42:17.635Z - debug: Base url not specified, skipping its injection. rootId=vyhw5e7j9un6cld, id=vyhw5e7j9un6cld
2025-03-12T14:42:17.635Z - debug: Rendering engine handlebars rootId=vyhw5e7j9un6cld, id=vyhw5e7j9un6cld
2025-03-12T14:42:17.647Z - debug: Executing recipe chrome-pdf rootId=vyhw5e7j9un6cld, id=vyhw5e7j9un6cld
2025-03-12T14:42:17.649Z - debug: Converting with chrome Chrome/133.0.6943.126 using chrome-pool strategy rootId=vyhw5e7j9un6cld, id=vyhw5e7j9un6cld
2025-03-12T14:42:17.699Z - debug: Page request: GET (document) file:///C:/Users/barua/AppData/Local/Temp/jsreport/autocleanup/bcbdd18d-2fd0-4640-9120-78afc3b4ecbc-chrome-pdf.html rootId=vyhw5e7j9un6cld, id=vyhw5e7j9un6cld
2025-03-12T14:42:17.724Z - debug: Page request finished: GET (document) 200 file:///C:/Users/barua/AppData/Local/Temp/jsreport/autocleanup/bcbdd18d-2fd0-4640-9120-78afc3b4ecbc-chrome-pdf.html rootId=vyhw5e7j9un6cld, id=vyhw5e7j9un6cld
2025-03-12T14:42:17.746Z - debug: Running chrome with params {"printBackground":true,"timeout":59982,"margin":{}} rootId=vyhw5e7j9un6cld, id=vyhw5e7j9un6cld
2025-03-12T14:42:18.076Z - debug: Skipping storing report. rootId=vyhw5e7j9un6cld, id=vyhw5e7j9un6cld
2025-03-12T14:42:18.076Z - info: Rendering request 17 finished in 446 ms rootId=vyhw5e7j9un6cld, id=vyhw5e7j9un6cld
2025-03-12T14:42:47.791Z - info: Render request 18 queued for execution and waiting for available worker rootId=7w6c5hcui3cze8h, id=7w6c5hcui3cze8h
2025-03-12T14:42:47.793Z - info: Starting rendering request 18 rootId=7w6c5hcui3cze8h, id=7w6c5hcui3cze8h
2025-03-12T14:42:47.793Z - info: Rendering template { name: gadifydsadsad, recipe: chrome-pdf, engine: handlebars, preview: true } rootId=7w6c5hcui3cze8h, id=7w6c5hcui3cze8h
2025-03-12T14:42:47.794Z - debug: Adding sample data HqoL-nu-1 rootId=7w6c5hcui3cze8h, id=7w6c5hcui3cze8h
2025-03-12T14:42:47.795Z - debug: Base url not specified, skipping its injection. rootId=7w6c5hcui3cze8h, id=7w6c5hcui3cze8h
2025-03-12T14:42:47.795Z - debug: Rendering engine handlebars rootId=7w6c5hcui3cze8h, id=7w6c5hcui3cze8h
2025-03-12T14:42:47.807Z - debug: Executing recipe chrome-pdf rootId=7w6c5hcui3cze8h, id=7w6c5hcui3cze8h
2025-03-12T14:42:47.809Z - debug: Converting with chrome Chrome/133.0.6943.126 using chrome-pool strategy rootId=7w6c5hcui3cze8h, id=7w6c5hcui3cze8h
2025-03-12T14:42:47.869Z - debug: Page request: GET (document) file:///C:/Users/barua/AppData/Local/Temp/jsreport/autocleanup/c84d4344-46fe-493e-9e80-c137352dd873-chrome-pdf.html rootId=7w6c5hcui3cze8h, id=7w6c5hcui3cze8h
2025-03-12T14:42:47.896Z - debug: Page request finished: GET (document) 200 file:///C:/Users/barua/AppData/Local/Temp/jsreport/autocleanup/c84d4344-46fe-493e-9e80-c137352dd873-chrome-pdf.html rootId=7w6c5hcui3cze8h, id=7w6c5hcui3cze8h
2025-03-12T14:42:47.922Z - debug: Running chrome with params {"printBackground":true,"timeout":59982,"margin":{}} rootId=7w6c5hcui3cze8h, id=7w6c5hcui3cze8h
2025-03-12T14:42:48.256Z - debug: Skipping storing report. rootId=7w6c5hcui3cze8h, id=7w6c5hcui3cze8h
2025-03-12T14:42:48.256Z - info: Rendering request 18 finished in 466 ms rootId=7w6c5hcui3cze8h, id=7w6c5hcui3cze8h
2025-03-12T14:47:32.336Z - info: Initializing jsreport (version: 4.8.0, configuration file: none, nodejs: 20.15.1)
2025-03-12T14:47:32.339Z - info: Searching for available extensions in C:\Users\barua\OneDrive\Desktop\Gadify-Backend\
2025-03-12T14:47:32.343Z - info: Extensions location cache contains up to date information, skipping crawling in C:\Users\barua\OneDrive\Desktop\Gadify-Backend\
2025-03-12T14:47:32.415Z - info: Found 35 extension(s)
2025-03-12T14:47:32.442Z - debug: Writing extension locations cache to C:\Users\barua\AppData\Local\Temp\jsreport\core\locations.json
2025-03-12T14:47:32.443Z - debug: Discovered 35 extensions
2025-03-12T14:47:32.477Z - info: Using extension authentication@4.2.3
2025-03-12T14:47:32.635Z - debug: Extension authentication@4.2.3 was disabled
2025-03-12T14:47:32.636Z - info: Using extension base@4.0.0
2025-03-12T14:47:32.639Z - info: Using extension child-templates@4.1.0
2025-03-12T14:47:32.640Z - info: Using extension cli@4.1.0
2025-03-12T14:47:32.642Z - info: Using extension components@4.0.2
2025-03-12T14:47:32.644Z - info: Using extension data@4.1.0
2025-03-12T14:47:32.645Z - info: Using extension express@4.2.0
2025-03-12T14:47:32.881Z - info: Using extension freeze@4.0.0
2025-03-12T14:47:32.883Z - info: Using extension fs-store@4.1.0
2025-03-12T14:47:33.003Z - debug: Extension fs-store@4.1.0 was disabled
2025-03-12T14:47:33.004Z - info: Using extension handlebars@4.0.1
2025-03-12T14:47:33.005Z - info: Using extension import-export@4.0.6
2025-03-12T14:47:33.023Z - info: Using extension jsrender@4.0.0
2025-03-12T14:47:33.024Z - info: Using extension licensing@4.0.4
2025-03-12T14:47:33.058Z - info: Using extension localization@4.0.1
2025-03-12T14:47:33.059Z - info: Using extension npm@4.0.0
2025-03-12T14:47:33.065Z - info: Using extension pdf-utils@4.3.0
2025-03-12T14:47:33.067Z - info: Using extension reports@4.1.3
2025-03-12T14:47:33.070Z - info: Using extension tags@4.0.1
2025-03-12T14:47:33.072Z - info: Using extension text@4.0.2
2025-03-12T14:47:33.073Z - info: Using extension version-control@4.1.0
2025-03-12T14:47:33.085Z - info: Using extension assets@4.2.1
2025-03-12T14:47:33.099Z - info: Using extension authorization@4.1.0
2025-03-12T14:47:33.103Z - debug: Extension authorization@4.1.0 was disabled
2025-03-12T14:47:33.103Z - info: Using extension browser-client@4.1.0
2025-03-12T14:47:33.105Z - info: Using extension chrome-pdf@4.1.1
2025-03-12T14:47:33.108Z - debug: Chrome strategy is chrome-pool, numberOfWorkers: 1
2025-03-12T14:47:33.109Z - debug: Chrome custom launch options are protocolTimeout=60000
2025-03-12T14:47:33.109Z - info: Using extension docx@4.7.0
2025-03-12T14:47:33.112Z - info: Using extension html-to-xlsx@4.2.0
2025-03-12T14:47:33.299Z - info: html-to-xlsx detected chrome as available html engine
2025-03-12T14:47:33.300Z - info: Using extension pptx@4.4.0
2025-03-12T14:47:33.302Z - info: Using extension scheduling@4.1.0
2025-03-12T14:47:33.325Z - info: Using extension scripts@4.2.0
2025-03-12T14:47:33.326Z - info: Using extension static-pdf@4.1.0
2025-03-12T14:47:33.327Z - info: Using extension studio@4.3.0
2025-03-12T14:47:33.396Z - info: Using extension xlsx@4.4.0
2025-03-12T14:47:33.398Z - info: Using extension public-templates@4.0.0
2025-03-12T14:47:33.400Z - debug: Extension public-templates@4.0.0 was disabled
2025-03-12T14:47:33.400Z - info: Using extension sample-template@4.0.1
2025-03-12T14:47:33.402Z - info: Using extension studio-theme-dark@4.0.0
2025-03-12T14:47:33.403Z - info: Using general timeout for rendering (reportTimeout: 60000)
2025-03-12T14:47:33.404Z - info: Using memory provider for template store. The saved templates will be lost after restart
2025-03-12T14:47:33.414Z - debug: studio default theme is: light
2025-03-12T14:47:33.417Z - info: Creating default express app.
2025-03-12T14:47:33.435Z - info: jsreport server successfully started on http port: 5488
2025-03-12T14:47:33.437Z - info: Verifying license key free
2025-03-12T14:47:33.438Z - info: Using free license
2025-03-12T14:47:33.443Z - info: Migrating templates chrome settings (waitForNetworkIddle -> waitForNetworkIdle)
2025-03-12T14:47:33.444Z - info: Migration successful
2025-03-12T14:47:33.445Z - debug: Creating samples is disabled
2025-03-12T14:47:33.446Z - info: Initializing worker threads
2025-03-12T14:47:33.446Z - debug: Extensions in workers: base, child-templates, components, data, express, handlebars, jsrender, localization, npm, pdf-utils, reports, text, version-control, assets, browser-client, chrome-pdf, docx, html-to-xlsx, pptx, scripts, static-pdf, studio, xlsx
2025-03-12T14:47:33.963Z - info: 2 worker threads initialized in 517ms
2025-03-12T14:47:33.963Z - info: Starting temp files cleanup with 180000ms threshold
2025-03-12T14:47:33.964Z - info: reporter initialized
2025-03-12T14:47:47.443Z - info: Render request 1 queued for execution and waiting for available worker rootId=vjs7j8ohz0oqbsn, id=vjs7j8ohz0oqbsn
2025-03-12T14:48:04.700Z - info: Initializing jsreport (version: 4.8.0, configuration file: none, nodejs: 20.15.1)
2025-03-12T14:48:04.703Z - info: Searching for available extensions in C:\Users\barua\OneDrive\Desktop\Gadify-Backend\
2025-03-12T14:48:04.707Z - info: Extensions location cache contains up to date information, skipping crawling in C:\Users\barua\OneDrive\Desktop\Gadify-Backend\
2025-03-12T14:48:04.781Z - info: Found 35 extension(s)
2025-03-12T14:48:04.807Z - debug: Writing extension locations cache to C:\Users\barua\AppData\Local\Temp\jsreport\core\locations.json
2025-03-12T14:48:04.809Z - debug: Discovered 35 extensions
2025-03-12T14:48:04.847Z - info: Using extension authentication@4.2.3
2025-03-12T14:48:05.012Z - debug: Extension authentication@4.2.3 was disabled
2025-03-12T14:48:05.013Z - info: Using extension base@4.0.0
2025-03-12T14:48:05.016Z - info: Using extension child-templates@4.1.0
2025-03-12T14:48:05.018Z - info: Using extension cli@4.1.0
2025-03-12T14:48:05.021Z - info: Using extension components@4.0.2
2025-03-12T14:48:05.023Z - info: Using extension data@4.1.0
2025-03-12T14:48:05.024Z - info: Using extension express@4.2.0
2025-03-12T14:48:05.256Z - info: Using extension freeze@4.0.0
2025-03-12T14:48:05.258Z - info: Using extension fs-store@4.1.0
2025-03-12T14:48:05.376Z - debug: Extension fs-store@4.1.0 was disabled
2025-03-12T14:48:05.377Z - info: Using extension handlebars@4.0.1
2025-03-12T14:48:05.378Z - info: Using extension import-export@4.0.6
2025-03-12T14:48:05.398Z - info: Using extension jsrender@4.0.0
2025-03-12T14:48:05.399Z - info: Using extension licensing@4.0.4
2025-03-12T14:48:05.433Z - info: Using extension localization@4.0.1
2025-03-12T14:48:05.434Z - info: Using extension npm@4.0.0
2025-03-12T14:48:05.439Z - info: Using extension pdf-utils@4.3.0
2025-03-12T14:48:05.441Z - info: Using extension reports@4.1.3
2025-03-12T14:48:05.444Z - info: Using extension tags@4.0.1
2025-03-12T14:48:05.446Z - info: Using extension text@4.0.2
2025-03-12T14:48:05.447Z - info: Using extension version-control@4.1.0
2025-03-12T14:48:05.458Z - info: Using extension assets@4.2.1
2025-03-12T14:48:05.471Z - info: Using extension authorization@4.1.0
2025-03-12T14:48:05.475Z - debug: Extension authorization@4.1.0 was disabled
2025-03-12T14:48:05.476Z - info: Using extension browser-client@4.1.0
2025-03-12T14:48:05.478Z - info: Using extension chrome-pdf@4.1.1
2025-03-12T14:48:05.480Z - debug: Chrome strategy is chrome-pool, numberOfWorkers: 1
2025-03-12T14:48:05.480Z - debug: Chrome custom launch options are protocolTimeout=60000
2025-03-12T14:48:05.481Z - info: Using extension docx@4.7.0
2025-03-12T14:48:05.483Z - info: Using extension html-to-xlsx@4.2.0
2025-03-12T14:48:05.666Z - info: html-to-xlsx detected chrome as available html engine
2025-03-12T14:48:05.667Z - info: Using extension pptx@4.4.0
2025-03-12T14:48:05.669Z - info: Using extension scheduling@4.1.0
2025-03-12T14:48:05.692Z - info: Using extension scripts@4.2.0
2025-03-12T14:48:05.693Z - info: Using extension static-pdf@4.1.0
2025-03-12T14:48:05.694Z - info: Using extension studio@4.3.0
2025-03-12T14:48:05.762Z - info: Using extension xlsx@4.4.0
2025-03-12T14:48:05.765Z - info: Using extension public-templates@4.0.0
2025-03-12T14:48:05.767Z - debug: Extension public-templates@4.0.0 was disabled
2025-03-12T14:48:05.767Z - info: Using extension sample-template@4.0.1
2025-03-12T14:48:05.769Z - info: Using extension studio-theme-dark@4.0.0
2025-03-12T14:48:05.770Z - info: Using general timeout for rendering (reportTimeout: 60000)
2025-03-12T14:48:05.771Z - info: Using memory provider for template store. The saved templates will be lost after restart
2025-03-12T14:48:05.781Z - debug: studio default theme is: light
2025-03-12T14:48:05.785Z - info: Creating default express app.
2025-03-12T14:48:05.801Z - info: jsreport server successfully started on http port: 5488
2025-03-12T14:48:05.802Z - info: Verifying license key free
2025-03-12T14:48:05.804Z - info: Using free license
2025-03-12T14:48:05.809Z - info: Migrating templates chrome settings (waitForNetworkIddle -> waitForNetworkIdle)
2025-03-12T14:48:05.810Z - info: Migration successful
2025-03-12T14:48:05.811Z - debug: Creating samples is disabled
2025-03-12T14:48:05.811Z - info: Initializing worker threads
2025-03-12T14:48:05.811Z - debug: Extensions in workers: base, child-templates, components, data, express, handlebars, jsrender, localization, npm, pdf-utils, reports, text, version-control, assets, browser-client, chrome-pdf, docx, html-to-xlsx, pptx, scripts, static-pdf, studio, xlsx
2025-03-12T14:48:06.394Z - info: 2 worker threads initialized in 583ms
2025-03-12T14:48:06.395Z - info: Starting temp files cleanup with 180000ms threshold
2025-03-12T14:48:06.396Z - info: reporter initialized
2025-03-12T14:48:11.296Z - info: Initializing jsreport (version: 4.8.0, configuration file: none, nodejs: 20.15.1)
2025-03-12T14:48:11.299Z - info: Searching for available extensions in C:\Users\barua\OneDrive\Desktop\Gadify-Backend\
2025-03-12T14:48:11.304Z - info: Extensions location cache contains up to date information, skipping crawling in C:\Users\barua\OneDrive\Desktop\Gadify-Backend\
2025-03-12T14:48:11.369Z - info: Found 35 extension(s)
2025-03-12T14:48:11.398Z - debug: Writing extension locations cache to C:\Users\barua\AppData\Local\Temp\jsreport\core\locations.json
2025-03-12T14:48:11.400Z - debug: Discovered 35 extensions
2025-03-12T14:48:11.434Z - info: Using extension authentication@4.2.3
2025-03-12T14:48:11.588Z - debug: Extension authentication@4.2.3 was disabled
2025-03-12T14:48:11.588Z - info: Using extension base@4.0.0
2025-03-12T14:48:11.592Z - info: Using extension child-templates@4.1.0
2025-03-12T14:48:11.593Z - info: Using extension cli@4.1.0
2025-03-12T14:48:11.595Z - info: Using extension components@4.0.2
2025-03-12T14:48:11.597Z - info: Using extension data@4.1.0
2025-03-12T14:48:11.598Z - info: Using extension express@4.2.0
2025-03-12T14:48:11.852Z - info: Using extension freeze@4.0.0
2025-03-12T14:48:11.854Z - info: Using extension fs-store@4.1.0
2025-03-12T14:48:11.972Z - debug: Extension fs-store@4.1.0 was disabled
2025-03-12T14:48:11.973Z - info: Using extension handlebars@4.0.1
2025-03-12T14:48:11.974Z - info: Using extension import-export@4.0.6
2025-03-12T14:48:11.991Z - info: Using extension jsrender@4.0.0
2025-03-12T14:48:11.992Z - info: Using extension licensing@4.0.4
2025-03-12T14:48:12.025Z - info: Using extension localization@4.0.1
2025-03-12T14:48:12.027Z - info: Using extension npm@4.0.0
2025-03-12T14:48:12.032Z - info: Using extension pdf-utils@4.3.0
2025-03-12T14:48:12.034Z - info: Using extension reports@4.1.3
2025-03-12T14:48:12.036Z - info: Using extension tags@4.0.1
2025-03-12T14:48:12.038Z - info: Using extension text@4.0.2
2025-03-12T14:48:12.039Z - info: Using extension version-control@4.1.0
2025-03-12T14:48:12.050Z - info: Using extension assets@4.2.1
2025-03-12T14:48:12.063Z - info: Using extension authorization@4.1.0
2025-03-12T14:48:12.067Z - debug: Extension authorization@4.1.0 was disabled
2025-03-12T14:48:12.068Z - info: Using extension browser-client@4.1.0
2025-03-12T14:48:12.070Z - info: Using extension chrome-pdf@4.1.1
2025-03-12T14:48:12.072Z - debug: Chrome strategy is chrome-pool, numberOfWorkers: 1
2025-03-12T14:48:12.072Z - debug: Chrome custom launch options are protocolTimeout=60000
2025-03-12T14:48:12.073Z - info: Using extension docx@4.7.0
2025-03-12T14:48:12.075Z - info: Using extension html-to-xlsx@4.2.0
2025-03-12T14:48:12.256Z - info: html-to-xlsx detected chrome as available html engine
2025-03-12T14:48:12.257Z - info: Using extension pptx@4.4.0
2025-03-12T14:48:12.259Z - info: Using extension scheduling@4.1.0
2025-03-12T14:48:12.281Z - info: Using extension scripts@4.2.0
2025-03-12T14:48:12.282Z - info: Using extension static-pdf@4.1.0
2025-03-12T14:48:12.283Z - info: Using extension studio@4.3.0
2025-03-12T14:48:12.348Z - info: Using extension xlsx@4.4.0
2025-03-12T14:48:12.350Z - info: Using extension public-templates@4.0.0
2025-03-12T14:48:12.352Z - debug: Extension public-templates@4.0.0 was disabled
2025-03-12T14:48:12.352Z - info: Using extension sample-template@4.0.1
2025-03-12T14:48:12.354Z - info: Using extension studio-theme-dark@4.0.0
2025-03-12T14:48:12.355Z - info: Using general timeout for rendering (reportTimeout: 60000)
2025-03-12T14:48:12.355Z - info: Using memory provider for template store. The saved templates will be lost after restart
2025-03-12T14:48:12.366Z - debug: studio default theme is: light
2025-03-12T14:48:12.369Z - info: Creating default express app.
2025-03-12T14:48:12.386Z - info: jsreport server successfully started on http port: 5488
2025-03-12T14:48:12.387Z - info: Verifying license key free
2025-03-12T14:48:12.388Z - info: Using free license
2025-03-12T14:48:12.394Z - info: Migrating templates chrome settings (waitForNetworkIddle -> waitForNetworkIdle)
2025-03-12T14:48:12.395Z - info: Migration successful
2025-03-12T14:48:12.395Z - debug: Creating samples is disabled
2025-03-12T14:48:12.396Z - info: Initializing worker threads
2025-03-12T14:48:12.396Z - debug: Extensions in workers: base, child-templates, components, data, express, handlebars, jsrender, localization, npm, pdf-utils, reports, text, version-control, assets, browser-client, chrome-pdf, docx, html-to-xlsx, pptx, scripts, static-pdf, studio, xlsx
2025-03-12T14:48:12.918Z - info: 2 worker threads initialized in 522ms
2025-03-12T14:48:12.919Z - info: Starting temp files cleanup with 180000ms threshold
2025-03-12T14:48:12.920Z - info: reporter initialized
2025-03-12T14:48:18.992Z - info: Render request 1 queued for execution and waiting for available worker rootId=5cn37d3xym7dfs6, id=5cn37d3xym7dfs6
2025-03-12T14:48:19.001Z - info: Starting rendering request 1 rootId=5cn37d3xym7dfs6, id=5cn37d3xym7dfs6
2025-03-12T14:48:19.002Z - info: Rendering anonymous template { recipe: chrome-pdf, engine: handlebars } rootId=5cn37d3xym7dfs6, id=5cn37d3xym7dfs6
2025-03-12T14:48:19.002Z - debug: Inline data specified. rootId=5cn37d3xym7dfs6, id=5cn37d3xym7dfs6
2025-03-12T14:48:19.006Z - debug: Base url not specified, skipping its injection. rootId=5cn37d3xym7dfs6, id=5cn37d3xym7dfs6
2025-03-12T14:48:19.007Z - debug: Rendering engine handlebars rootId=5cn37d3xym7dfs6, id=5cn37d3xym7dfs6
2025-03-12T14:48:19.449Z - debug: Executing recipe chrome-pdf rootId=5cn37d3xym7dfs6, id=5cn37d3xym7dfs6
2025-03-12T14:48:19.776Z - debug: Converting with chrome Chrome/133.0.6943.126 using chrome-pool strategy rootId=5cn37d3xym7dfs6, id=5cn37d3xym7dfs6
2025-03-12T14:48:19.827Z - debug: Page request: GET (document) file:///C:/Users/barua/AppData/Local/Temp/jsreport/autocleanup/40270242-db9b-4bf1-b44a-81571b3740c3-chrome-pdf.html rootId=5cn37d3xym7dfs6, id=5cn37d3xym7dfs6
2025-03-12T14:48:19.852Z - debug: Page request finished: GET (document) 200 file:///C:/Users/barua/AppData/Local/Temp/jsreport/autocleanup/40270242-db9b-4bf1-b44a-81571b3740c3-chrome-pdf.html rootId=5cn37d3xym7dfs6, id=5cn37d3xym7dfs6
2025-03-12T14:48:19.869Z - debug: Running chrome with params {"timeout":59532,"margin":{},"printBackground":true} rootId=5cn37d3xym7dfs6, id=5cn37d3xym7dfs6
2025-03-12T14:48:20.202Z - debug: Skipping storing report. rootId=5cn37d3xym7dfs6, id=5cn37d3xym7dfs6
2025-03-12T14:48:20.202Z - info: Rendering request 1 finished in 1216 ms rootId=5cn37d3xym7dfs6, id=5cn37d3xym7dfs6
2025-03-12T14:48:34.520Z - info: Initializing jsreport (version: 4.8.0, configuration file: none, nodejs: 20.15.1)
2025-03-12T14:48:34.523Z - info: Searching for available extensions in C:\Users\barua\OneDrive\Desktop\Gadify-Backend\
2025-03-12T14:48:34.527Z - info: Extensions location cache contains up to date information, skipping crawling in C:\Users\barua\OneDrive\Desktop\Gadify-Backend\
2025-03-12T14:48:34.595Z - info: Found 35 extension(s)
2025-03-12T14:48:34.620Z - debug: Writing extension locations cache to C:\Users\barua\AppData\Local\Temp\jsreport\core\locations.json
2025-03-12T14:48:34.622Z - debug: Discovered 35 extensions
2025-03-12T14:48:34.657Z - info: Using extension authentication@4.2.3
2025-03-12T14:48:34.815Z - debug: Extension authentication@4.2.3 was disabled
2025-03-12T14:48:34.816Z - info: Using extension base@4.0.0
2025-03-12T14:48:34.819Z - info: Using extension child-templates@4.1.0
2025-03-12T14:48:34.821Z - info: Using extension cli@4.1.0
2025-03-12T14:48:34.824Z - info: Using extension components@4.0.2
2025-03-12T14:48:34.826Z - info: Using extension data@4.1.0
2025-03-12T14:48:34.827Z - info: Using extension express@4.2.0
2025-03-12T14:48:35.075Z - info: Using extension freeze@4.0.0
2025-03-12T14:48:35.078Z - info: Using extension fs-store@4.1.0
2025-03-12T14:48:35.254Z - debug: Extension fs-store@4.1.0 was disabled
2025-03-12T14:48:35.254Z - info: Using extension handlebars@4.0.1
2025-03-12T14:48:35.256Z - info: Using extension import-export@4.0.6
2025-03-12T14:48:35.276Z - info: Using extension jsrender@4.0.0
2025-03-12T14:48:35.277Z - info: Using extension licensing@4.0.4
2025-03-12T14:48:35.315Z - info: Using extension localization@4.0.1
2025-03-12T14:48:35.317Z - info: Using extension npm@4.0.0
2025-03-12T14:48:35.324Z - info: Using extension pdf-utils@4.3.0
2025-03-12T14:48:35.327Z - info: Using extension reports@4.1.3
2025-03-12T14:48:35.330Z - info: Using extension tags@4.0.1
2025-03-12T14:48:35.332Z - info: Using extension text@4.0.2
2025-03-12T14:48:35.333Z - info: Using extension version-control@4.1.0
2025-03-12T14:48:35.345Z - info: Using extension assets@4.2.1
2025-03-12T14:48:35.363Z - info: Using extension authorization@4.1.0
2025-03-12T14:48:35.367Z - debug: Extension authorization@4.1.0 was disabled
2025-03-12T14:48:35.368Z - info: Using extension browser-client@4.1.0
2025-03-12T14:48:35.371Z - info: Using extension chrome-pdf@4.1.1
2025-03-12T14:48:35.374Z - debug: Chrome strategy is chrome-pool, numberOfWorkers: 1
2025-03-12T14:48:35.374Z - debug: Chrome custom launch options are protocolTimeout=60000
2025-03-12T14:48:35.375Z - info: Using extension docx@4.7.0
2025-03-12T14:48:35.377Z - info: Using extension html-to-xlsx@4.2.0
2025-03-12T14:48:35.567Z - info: html-to-xlsx detected chrome as available html engine
2025-03-12T14:48:35.567Z - info: Using extension pptx@4.4.0
2025-03-12T14:48:35.569Z - info: Using extension scheduling@4.1.0
2025-03-12T14:48:35.592Z - info: Using extension scripts@4.2.0
2025-03-12T14:48:35.594Z - info: Using extension static-pdf@4.1.0
2025-03-12T14:48:35.595Z - info: Using extension studio@4.3.0
2025-03-12T14:48:35.660Z - info: Using extension xlsx@4.4.0
2025-03-12T14:48:35.663Z - info: Using extension public-templates@4.0.0
2025-03-12T14:48:35.664Z - debug: Extension public-templates@4.0.0 was disabled
2025-03-12T14:48:35.665Z - info: Using extension sample-template@4.0.1
2025-03-12T14:48:35.667Z - info: Using extension studio-theme-dark@4.0.0
2025-03-12T14:48:35.668Z - info: Using general timeout for rendering (reportTimeout: 60000)
2025-03-12T14:48:35.668Z - info: Using memory provider for template store. The saved templates will be lost after restart
2025-03-12T14:48:35.678Z - debug: studio default theme is: light
2025-03-12T14:48:35.682Z - info: Creating default express app.
2025-03-12T14:48:35.701Z - info: jsreport server successfully started on http port: 5488
2025-03-12T14:48:35.703Z - info: Verifying license key free
2025-03-12T14:48:35.703Z - info: Using free license
2025-03-12T14:48:35.709Z - info: Migrating templates chrome settings (waitForNetworkIddle -> waitForNetworkIdle)
2025-03-12T14:48:35.710Z - info: Migration successful
2025-03-12T14:48:35.711Z - debug: Creating samples is disabled
2025-03-12T14:48:35.711Z - info: Initializing worker threads
2025-03-12T14:48:35.712Z - debug: Extensions in workers: base, child-templates, components, data, express, handlebars, jsrender, localization, npm, pdf-utils, reports, text, version-control, assets, browser-client, chrome-pdf, docx, html-to-xlsx, pptx, scripts, static-pdf, studio, xlsx
2025-03-12T14:48:36.254Z - info: 2 worker threads initialized in 543ms
2025-03-12T14:48:36.254Z - info: Starting temp files cleanup with 180000ms threshold
2025-03-12T14:48:36.255Z - info: reporter initialized
2025-03-12T14:48:57.366Z - info: Initializing jsreport (version: 4.8.0, configuration file: none, nodejs: 20.15.1)
2025-03-12T14:48:57.369Z - info: Searching for available extensions in C:\Users\barua\OneDrive\Desktop\Gadify-Backend\
2025-03-12T14:48:57.373Z - info: Extensions location cache contains up to date information, skipping crawling in C:\Users\barua\OneDrive\Desktop\Gadify-Backend\
2025-03-12T14:48:57.437Z - info: Found 35 extension(s)
2025-03-12T14:48:57.462Z - debug: Writing extension locations cache to C:\Users\barua\AppData\Local\Temp\jsreport\core\locations.json
2025-03-12T14:48:57.463Z - debug: Discovered 35 extensions
2025-03-12T14:48:57.498Z - info: Using extension authentication@4.2.3
2025-03-12T14:49:37.568Z - info: Initializing jsreport (version: 4.8.0, configuration file: none, nodejs: 20.15.1)
2025-03-12T14:49:37.572Z - info: Searching for available extensions in C:\Users\barua\OneDrive\Desktop\Gadify-Backend\
2025-03-12T14:49:37.577Z - info: Extensions location cache contains up to date information, skipping crawling in C:\Users\barua\OneDrive\Desktop\Gadify-Backend\
2025-03-12T14:49:37.666Z - info: Found 35 extension(s)
2025-03-12T14:49:37.695Z - debug: Writing extension locations cache to C:\Users\barua\AppData\Local\Temp\jsreport\core\locations.json
2025-03-12T14:49:37.697Z - debug: Discovered 35 extensions
2025-03-12T14:49:37.732Z - info: Using extension authentication@4.2.3
2025-03-12T14:49:37.900Z - debug: Extension authentication@4.2.3 was disabled
2025-03-12T14:49:37.901Z - info: Using extension base@4.0.0
2025-03-12T14:49:37.904Z - info: Using extension child-templates@4.1.0
2025-03-12T14:49:37.906Z - info: Using extension cli@4.1.0
2025-03-12T14:49:37.909Z - info: Using extension components@4.0.2
2025-03-12T14:49:37.911Z - info: Using extension data@4.1.0
2025-03-12T14:49:37.912Z - info: Using extension express@4.2.0
2025-03-12T14:49:38.169Z - info: Using extension freeze@4.0.0
2025-03-12T14:49:38.170Z - info: Using extension fs-store@4.1.0
2025-03-12T14:49:38.298Z - debug: Extension fs-store@4.1.0 was disabled
2025-03-12T14:49:38.299Z - info: Using extension handlebars@4.0.1
2025-03-12T14:49:38.301Z - info: Using extension import-export@4.0.6
2025-03-12T14:49:38.318Z - info: Using extension jsrender@4.0.0
2025-03-12T14:49:38.319Z - info: Using extension licensing@4.0.4
2025-03-12T14:49:38.355Z - info: Using extension localization@4.0.1
2025-03-12T14:49:38.357Z - info: Using extension npm@4.0.0
2025-03-12T14:49:38.362Z - info: Using extension pdf-utils@4.3.0
2025-03-12T14:49:38.364Z - info: Using extension reports@4.1.3
2025-03-12T14:49:38.367Z - info: Using extension tags@4.0.1
2025-03-12T14:49:38.368Z - info: Using extension text@4.0.2
2025-03-12T14:49:38.370Z - info: Using extension version-control@4.1.0
2025-03-12T14:49:38.384Z - info: Using extension assets@4.2.1
2025-03-12T14:49:38.400Z - info: Using extension authorization@4.1.0
2025-03-12T14:49:38.404Z - debug: Extension authorization@4.1.0 was disabled
2025-03-12T14:49:38.404Z - info: Using extension browser-client@4.1.0
2025-03-12T14:49:38.406Z - info: Using extension chrome-pdf@4.1.1
2025-03-12T14:49:38.409Z - debug: Chrome strategy is chrome-pool, numberOfWorkers: 1
2025-03-12T14:49:38.409Z - debug: Chrome custom launch options are protocolTimeout=60000
2025-03-12T14:49:38.410Z - info: Using extension docx@4.7.0
2025-03-12T14:49:38.413Z - info: Using extension html-to-xlsx@4.2.0
2025-03-12T14:49:38.606Z - info: html-to-xlsx detected chrome as available html engine
2025-03-12T14:49:38.607Z - info: Using extension pptx@4.4.0
2025-03-12T14:49:38.609Z - info: Using extension scheduling@4.1.0
2025-03-12T14:49:38.636Z - info: Using extension scripts@4.2.0
2025-03-12T14:49:38.638Z - info: Using extension static-pdf@4.1.0
2025-03-12T14:49:38.638Z - info: Using extension studio@4.3.0
2025-03-12T14:49:38.708Z - info: Using extension xlsx@4.4.0
2025-03-12T14:49:38.711Z - info: Using extension public-templates@4.0.0
2025-03-12T14:49:38.712Z - debug: Extension public-templates@4.0.0 was disabled
2025-03-12T14:49:38.712Z - info: Using extension sample-template@4.0.1
2025-03-12T14:49:38.714Z - info: Using extension studio-theme-dark@4.0.0
2025-03-12T14:49:38.716Z - info: Using general timeout for rendering (reportTimeout: 60000)
2025-03-12T14:49:38.716Z - info: Using memory provider for template store. The saved templates will be lost after restart
2025-03-12T14:49:38.727Z - debug: studio default theme is: light
2025-03-12T14:49:38.730Z - info: Creating default express app.
2025-03-12T14:49:38.748Z - info: jsreport server successfully started on http port: 5488
2025-03-12T14:49:38.750Z - info: Verifying license key free
2025-03-12T14:49:38.751Z - info: Using free license
2025-03-12T14:49:38.756Z - info: Migrating templates chrome settings (waitForNetworkIddle -> waitForNetworkIdle)
2025-03-12T14:49:38.757Z - info: Migration successful
2025-03-12T14:49:38.758Z - debug: Creating samples is disabled
2025-03-12T14:49:38.758Z - info: Initializing worker threads
2025-03-12T14:49:38.758Z - debug: Extensions in workers: base, child-templates, components, data, express, handlebars, jsrender, localization, npm, pdf-utils, reports, text, version-control, assets, browser-client, chrome-pdf, docx, html-to-xlsx, pptx, scripts, static-pdf, studio, xlsx
2025-03-12T14:49:39.316Z - info: 2 worker threads initialized in 558ms
2025-03-12T14:49:39.317Z - info: Starting temp files cleanup with 180000ms threshold
2025-03-12T14:49:39.318Z - info: reporter initialized
2025-03-12T14:49:51.586Z - info: Render request 1 queued for execution and waiting for available worker rootId=alk6dsj4q88tzwe, id=alk6dsj4q88tzwe
2025-03-12T14:50:18.724Z - info: Initializing jsreport (version: 4.8.0, configuration file: none, nodejs: 20.15.1)
2025-03-12T14:50:18.727Z - info: Searching for available extensions in C:\Users\barua\OneDrive\Desktop\Gadify-Backend\
2025-03-12T14:50:18.732Z - info: Extensions location cache contains up to date information, skipping crawling in C:\Users\barua\OneDrive\Desktop\Gadify-Backend\
2025-03-12T14:50:18.798Z - info: Found 35 extension(s)
2025-03-12T14:50:18.823Z - debug: Writing extension locations cache to C:\Users\barua\AppData\Local\Temp\jsreport\core\locations.json
2025-03-12T14:50:18.824Z - debug: Discovered 35 extensions
2025-03-12T14:50:18.860Z - info: Using extension authentication@4.2.3
2025-03-12T14:50:22.519Z - info: Initializing jsreport (version: 4.8.0, configuration file: none, nodejs: 20.15.1)
2025-03-12T14:50:22.522Z - info: Searching for available extensions in C:\Users\barua\OneDrive\Desktop\Gadify-Backend\
2025-03-12T14:50:22.525Z - info: Extensions location cache contains up to date information, skipping crawling in C:\Users\barua\OneDrive\Desktop\Gadify-Backend\
2025-03-12T14:50:22.593Z - info: Found 35 extension(s)
2025-03-12T14:50:22.620Z - debug: Writing extension locations cache to C:\Users\barua\AppData\Local\Temp\jsreport\core\locations.json
2025-03-12T14:50:22.621Z - debug: Discovered 35 extensions
2025-03-12T14:50:22.655Z - info: Using extension authentication@4.2.3
2025-03-12T14:50:22.807Z - debug: Extension authentication@4.2.3 was disabled
2025-03-12T14:50:22.808Z - info: Using extension base@4.0.0
2025-03-12T14:50:22.811Z - info: Using extension child-templates@4.1.0
2025-03-12T14:50:22.812Z - info: Using extension cli@4.1.0
2025-03-12T14:50:22.815Z - info: Using extension components@4.0.2
2025-03-12T14:50:22.817Z - info: Using extension data@4.1.0
2025-03-12T14:50:22.818Z - info: Using extension express@4.2.0
2025-03-12T14:50:23.048Z - info: Using extension freeze@4.0.0
2025-03-12T14:50:23.050Z - info: Using extension fs-store@4.1.0
2025-03-12T14:50:23.169Z - debug: Extension fs-store@4.1.0 was disabled
2025-03-12T14:50:23.169Z - info: Using extension handlebars@4.0.1
2025-03-12T14:50:23.171Z - info: Using extension import-export@4.0.6
2025-03-12T14:50:23.187Z - info: Using extension jsrender@4.0.0
2025-03-12T14:50:23.188Z - info: Using extension licensing@4.0.4
2025-03-12T14:50:23.222Z - info: Using extension localization@4.0.1
2025-03-12T14:50:23.223Z - info: Using extension npm@4.0.0
2025-03-12T14:50:23.228Z - info: Using extension pdf-utils@4.3.0
2025-03-12T14:50:23.230Z - info: Using extension reports@4.1.3
2025-03-12T14:50:23.233Z - info: Using extension tags@4.0.1
2025-03-12T14:50:23.235Z - info: Using extension text@4.0.2
2025-03-12T14:50:23.236Z - info: Using extension version-control@4.1.0
2025-03-12T14:50:23.246Z - info: Using extension assets@4.2.1
2025-03-12T14:50:23.260Z - info: Using extension authorization@4.1.0
2025-03-12T14:50:23.264Z - debug: Extension authorization@4.1.0 was disabled
2025-03-12T14:50:23.265Z - info: Using extension browser-client@4.1.0
2025-03-12T14:50:23.267Z - info: Using extension chrome-pdf@4.1.1
2025-03-12T14:50:23.270Z - debug: Chrome strategy is chrome-pool, numberOfWorkers: 1
2025-03-12T14:50:23.271Z - debug: Chrome custom launch options are protocolTimeout=60000
2025-03-12T14:50:23.271Z - info: Using extension docx@4.7.0
2025-03-12T14:50:23.274Z - info: Using extension html-to-xlsx@4.2.0
2025-03-12T14:50:23.459Z - info: html-to-xlsx detected chrome as available html engine
2025-03-12T14:50:23.459Z - info: Using extension pptx@4.4.0
2025-03-12T14:50:23.461Z - info: Using extension scheduling@4.1.0
2025-03-12T14:50:23.483Z - info: Using extension scripts@4.2.0
2025-03-12T14:50:23.485Z - info: Using extension static-pdf@4.1.0
2025-03-12T14:50:23.486Z - info: Using extension studio@4.3.0
2025-03-12T14:50:23.551Z - info: Using extension xlsx@4.4.0
2025-03-12T14:50:23.553Z - info: Using extension public-templates@4.0.0
2025-03-12T14:50:23.555Z - debug: Extension public-templates@4.0.0 was disabled
2025-03-12T14:50:23.555Z - info: Using extension sample-template@4.0.1
2025-03-12T14:50:23.557Z - info: Using extension studio-theme-dark@4.0.0
2025-03-12T14:50:23.559Z - info: Using general timeout for rendering (reportTimeout: 60000)
2025-03-12T14:50:23.559Z - info: Using memory provider for template store. The saved templates will be lost after restart
2025-03-12T14:50:23.570Z - debug: studio default theme is: light
2025-03-12T14:50:23.574Z - info: Creating default express app.
2025-03-12T14:50:23.592Z - info: jsreport server successfully started on http port: 5488
2025-03-12T14:50:23.593Z - info: Verifying license key free
2025-03-12T14:50:23.594Z - info: Using free license
2025-03-12T14:50:23.599Z - info: Migrating templates chrome settings (waitForNetworkIddle -> waitForNetworkIdle)
2025-03-12T14:50:23.600Z - info: Migration successful
2025-03-12T14:50:23.601Z - debug: Creating samples is disabled
2025-03-12T14:50:23.601Z - info: Initializing worker threads
2025-03-12T14:50:23.602Z - debug: Extensions in workers: base, child-templates, components, data, express, handlebars, jsrender, localization, npm, pdf-utils, reports, text, version-control, assets, browser-client, chrome-pdf, docx, html-to-xlsx, pptx, scripts, static-pdf, studio, xlsx
2025-03-12T14:50:24.155Z - info: 2 worker threads initialized in 554ms
2025-03-12T14:50:24.155Z - info: Starting temp files cleanup with 180000ms threshold
2025-03-12T14:50:24.156Z - info: reporter initialized
2025-03-12T14:51:13.252Z - info: Initializing jsreport (version: 4.8.0, configuration file: none, nodejs: 20.15.1)
2025-03-12T14:51:13.254Z - info: Searching for available extensions in C:\Users\barua\OneDrive\Desktop\Gadify-Backend\
2025-03-12T14:51:13.259Z - info: Extensions location cache contains up to date information, skipping crawling in C:\Users\barua\OneDrive\Desktop\Gadify-Backend\
2025-03-12T14:51:13.323Z - info: Found 35 extension(s)
2025-03-12T14:51:13.347Z - debug: Writing extension locations cache to C:\Users\barua\AppData\Local\Temp\jsreport\core\locations.json
2025-03-12T14:51:13.349Z - debug: Discovered 35 extensions
2025-03-12T14:51:13.382Z - info: Using extension authentication@4.2.3
2025-03-12T14:51:13.537Z - debug: Extension authentication@4.2.3 was disabled
2025-03-12T14:51:13.538Z - info: Using extension base@4.0.0
2025-03-12T14:51:13.541Z - info: Using extension child-templates@4.1.0
2025-03-12T14:51:13.542Z - info: Using extension cli@4.1.0
2025-03-12T14:51:13.545Z - info: Using extension components@4.0.2
2025-03-12T14:51:13.546Z - info: Using extension data@4.1.0
2025-03-12T14:51:13.548Z - info: Using extension express@4.2.0
2025-03-12T14:51:13.783Z - info: Using extension freeze@4.0.0
2025-03-12T14:51:13.785Z - info: Using extension fs-store@4.1.0
2025-03-12T14:51:13.908Z - debug: Extension fs-store@4.1.0 was disabled
2025-03-12T14:51:13.908Z - info: Using extension handlebars@4.0.1
2025-03-12T14:51:13.910Z - info: Using extension import-export@4.0.6
2025-03-12T14:51:13.928Z - info: Using extension jsrender@4.0.0
2025-03-12T14:51:13.929Z - info: Using extension licensing@4.0.4
2025-03-12T14:51:13.963Z - info: Using extension localization@4.0.1
2025-03-12T14:51:13.964Z - info: Using extension npm@4.0.0
2025-03-12T14:51:13.971Z - info: Using extension pdf-utils@4.3.0
2025-03-12T14:51:13.973Z - info: Using extension reports@4.1.3
2025-03-12T14:51:13.975Z - info: Using extension tags@4.0.1
2025-03-12T14:51:13.977Z - info: Using extension text@4.0.2
2025-03-12T14:51:13.977Z - info: Using extension version-control@4.1.0
2025-03-12T14:51:13.991Z - info: Using extension assets@4.2.1
2025-03-12T14:51:14.004Z - info: Using extension authorization@4.1.0
2025-03-12T14:51:14.008Z - debug: Extension authorization@4.1.0 was disabled
2025-03-12T14:51:14.009Z - info: Using extension browser-client@4.1.0
2025-03-12T14:51:14.011Z - info: Using extension chrome-pdf@4.1.1
2025-03-12T14:51:14.014Z - debug: Chrome strategy is chrome-pool, numberOfWorkers: 1
2025-03-12T14:51:14.015Z - debug: Chrome custom launch options are protocolTimeout=60000
2025-03-12T14:51:14.015Z - info: Using extension docx@4.7.0
2025-03-12T14:51:14.018Z - info: Using extension html-to-xlsx@4.2.0
2025-03-12T14:51:14.223Z - info: html-to-xlsx detected chrome as available html engine
2025-03-12T14:51:14.224Z - info: Using extension pptx@4.4.0
2025-03-12T14:51:14.226Z - info: Using extension scheduling@4.1.0
2025-03-12T14:51:14.248Z - info: Using extension scripts@4.2.0
2025-03-12T14:51:14.250Z - info: Using extension static-pdf@4.1.0
2025-03-12T14:51:14.250Z - info: Using extension studio@4.3.0
2025-03-12T14:51:14.317Z - info: Using extension xlsx@4.4.0
2025-03-12T14:51:14.319Z - info: Using extension public-templates@4.0.0
2025-03-12T14:51:14.320Z - debug: Extension public-templates@4.0.0 was disabled
2025-03-12T14:51:14.321Z - info: Using extension sample-template@4.0.1
2025-03-12T14:51:14.323Z - info: Using extension studio-theme-dark@4.0.0
2025-03-12T14:51:14.325Z - info: Using general timeout for rendering (reportTimeout: 60000)
2025-03-12T14:51:14.325Z - info: Using memory provider for template store. The saved templates will be lost after restart
2025-03-12T14:51:14.335Z - debug: studio default theme is: light
2025-03-12T14:51:14.339Z - info: Creating default express app.
2025-03-12T14:51:14.357Z - info: jsreport server successfully started on http port: 5488
2025-03-12T14:51:14.359Z - info: Verifying license key free
2025-03-12T14:51:14.359Z - info: Using free license
2025-03-12T14:51:14.365Z - info: Migrating templates chrome settings (waitForNetworkIddle -> waitForNetworkIdle)
2025-03-12T14:51:14.366Z - info: Migration successful
2025-03-12T14:51:14.367Z - debug: Creating samples is disabled
2025-03-12T14:51:14.368Z - info: Initializing worker threads
2025-03-12T14:51:14.368Z - debug: Extensions in workers: base, child-templates, components, data, express, handlebars, jsrender, localization, npm, pdf-utils, reports, text, version-control, assets, browser-client, chrome-pdf, docx, html-to-xlsx, pptx, scripts, static-pdf, studio, xlsx
2025-03-12T14:51:14.912Z - info: 2 worker threads initialized in 544ms
2025-03-12T14:51:14.912Z - info: Starting temp files cleanup with 180000ms threshold
2025-03-12T14:51:14.913Z - info: reporter initialized
2025-03-12T14:51:23.873Z - info: Render request 1 queued for execution and waiting for available worker rootId=u5tblm6nuyr8mcy, id=u5tblm6nuyr8mcy
2025-03-12T14:52:50.847Z - info: Initializing jsreport (version: 4.8.0, configuration file: none, nodejs: 20.15.1)
2025-03-12T14:52:50.850Z - info: Searching for available extensions in C:\Users\barua\OneDrive\Desktop\Gadify-Backend\
2025-03-12T14:52:50.855Z - info: Extensions location cache contains up to date information, skipping crawling in C:\Users\barua\OneDrive\Desktop\Gadify-Backend\
2025-03-12T14:52:50.930Z - info: Found 35 extension(s)
2025-03-12T14:52:50.960Z - debug: Writing extension locations cache to C:\Users\barua\AppData\Local\Temp\jsreport\core\locations.json
2025-03-12T14:52:50.962Z - debug: Discovered 35 extensions
2025-03-12T14:52:50.996Z - info: Using extension authentication@4.2.3
2025-03-12T14:52:51.160Z - debug: Extension authentication@4.2.3 was disabled
2025-03-12T14:52:51.161Z - info: Using extension base@4.0.0
2025-03-12T14:52:51.164Z - info: Using extension child-templates@4.1.0
2025-03-12T14:52:51.166Z - info: Using extension cli@4.1.0
2025-03-12T14:52:51.169Z - info: Using extension components@4.0.2
2025-03-12T14:52:51.170Z - info: Using extension data@4.1.0
2025-03-12T14:52:51.171Z - info: Using extension express@4.2.0
2025-03-12T14:52:51.410Z - info: Using extension freeze@4.0.0
2025-03-12T14:52:51.412Z - info: Using extension fs-store@4.1.0
2025-03-12T14:52:51.535Z - debug: Extension fs-store@4.1.0 was disabled
2025-03-12T14:52:51.536Z - info: Using extension handlebars@4.0.1
2025-03-12T14:52:51.537Z - info: Using extension import-export@4.0.6
2025-03-12T14:52:51.555Z - info: Using extension jsrender@4.0.0
2025-03-12T14:52:51.557Z - info: Using extension licensing@4.0.4
2025-03-12T14:52:51.598Z - info: Using extension localization@4.0.1
2025-03-12T14:52:51.600Z - info: Using extension npm@4.0.0
2025-03-12T14:52:51.605Z - info: Using extension pdf-utils@4.3.0
2025-03-12T14:52:51.607Z - info: Using extension reports@4.1.3
2025-03-12T14:52:51.610Z - info: Using extension tags@4.0.1
2025-03-12T14:52:51.611Z - info: Using extension text@4.0.2
2025-03-12T14:52:51.612Z - info: Using extension version-control@4.1.0
2025-03-12T14:52:51.626Z - info: Using extension assets@4.2.1
2025-03-12T14:52:51.648Z - info: Using extension authorization@4.1.0
2025-03-12T14:52:51.652Z - debug: Extension authorization@4.1.0 was disabled
2025-03-12T14:52:51.652Z - info: Using extension browser-client@4.1.0
2025-03-12T14:52:51.654Z - info: Using extension chrome-pdf@4.1.1
2025-03-12T14:52:51.657Z - debug: Chrome strategy is chrome-pool, numberOfWorkers: 1
2025-03-12T14:52:51.658Z - debug: Chrome custom launch options are protocolTimeout=60000
2025-03-12T14:52:51.659Z - info: Using extension docx@4.7.0
2025-03-12T14:52:51.661Z - info: Using extension html-to-xlsx@4.2.0
2025-03-12T14:52:51.853Z - info: html-to-xlsx detected chrome as available html engine
2025-03-12T14:52:51.854Z - info: Using extension pptx@4.4.0
2025-03-12T14:52:51.857Z - info: Using extension scheduling@4.1.0
2025-03-12T14:52:51.882Z - info: Using extension scripts@4.2.0
2025-03-12T14:52:51.883Z - info: Using extension static-pdf@4.1.0
2025-03-12T14:52:51.884Z - info: Using extension studio@4.3.0
2025-03-12T14:52:51.955Z - info: Using extension xlsx@4.4.0
2025-03-12T14:52:51.958Z - info: Using extension public-templates@4.0.0
2025-03-12T14:52:51.959Z - debug: Extension public-templates@4.0.0 was disabled
2025-03-12T14:52:51.960Z - info: Using extension sample-template@4.0.1
2025-03-12T14:52:51.962Z - info: Using extension studio-theme-dark@4.0.0
2025-03-12T14:52:51.963Z - info: Using general timeout for rendering (reportTimeout: 60000)
2025-03-12T14:52:51.964Z - info: Using memory provider for template store. The saved templates will be lost after restart
2025-03-12T14:52:51.975Z - debug: studio default theme is: light
2025-03-12T14:52:51.979Z - info: Creating default express app.
2025-03-12T14:52:51.997Z - info: jsreport server successfully started on http port: 5488
2025-03-12T14:52:51.999Z - info: Verifying license key free
2025-03-12T14:52:52.000Z - info: Using free license
2025-03-12T14:52:52.006Z - info: Migrating templates chrome settings (waitForNetworkIddle -> waitForNetworkIdle)
2025-03-12T14:52:52.007Z - info: Migration successful
2025-03-12T14:52:52.008Z - debug: Creating samples is disabled
2025-03-12T14:52:52.008Z - info: Initializing worker threads
2025-03-12T14:52:52.008Z - debug: Extensions in workers: base, child-templates, components, data, express, handlebars, jsrender, localization, npm, pdf-utils, reports, text, version-control, assets, browser-client, chrome-pdf, docx, html-to-xlsx, pptx, scripts, static-pdf, studio, xlsx
2025-03-12T14:52:52.539Z - info: 2 worker threads initialized in 531ms
2025-03-12T14:52:52.540Z - info: Starting temp files cleanup with 180000ms threshold
2025-03-12T14:52:52.541Z - info: reporter initialized
2025-03-12T14:52:53.284Z - info: Render request 1 queued for execution and waiting for available worker rootId=hfbdynbqynypjkv, id=hfbdynbqynypjkv
2025-03-12T14:52:53.294Z - info: Starting rendering request 1 rootId=hfbdynbqynypjkv, id=hfbdynbqynypjkv
2025-03-12T14:52:53.294Z - info: Rendering anonymous template { recipe: chrome-pdf, engine: handlebars } rootId=hfbdynbqynypjkv, id=hfbdynbqynypjkv
2025-03-12T14:52:53.295Z - debug: Inline data specified. rootId=hfbdynbqynypjkv, id=hfbdynbqynypjkv
2025-03-12T14:52:53.296Z - debug: Base url not specified, skipping its injection. rootId=hfbdynbqynypjkv, id=hfbdynbqynypjkv
2025-03-12T14:52:53.297Z - debug: Rendering engine handlebars rootId=hfbdynbqynypjkv, id=hfbdynbqynypjkv
2025-03-12T14:52:53.695Z - debug: Executing recipe chrome-pdf rootId=hfbdynbqynypjkv, id=hfbdynbqynypjkv
2025-03-12T14:52:54.040Z - debug: Converting with chrome Chrome/133.0.6943.126 using chrome-pool strategy rootId=hfbdynbqynypjkv, id=hfbdynbqynypjkv
2025-03-12T14:52:54.090Z - debug: Page request: GET (document) file:///C:/Users/barua/AppData/Local/Temp/jsreport/autocleanup/543aefe2-88a4-4eff-890e-846b19026a5e-chrome-pdf.html rootId=hfbdynbqynypjkv, id=hfbdynbqynypjkv
2025-03-12T14:52:54.118Z - debug: Page request finished: GET (document) 200 file:///C:/Users/barua/AppData/Local/Temp/jsreport/autocleanup/543aefe2-88a4-4eff-890e-846b19026a5e-chrome-pdf.html rootId=hfbdynbqynypjkv, id=hfbdynbqynypjkv
2025-03-12T14:52:54.148Z - debug: Running chrome with params {"timeout":59582,"margin":{},"printBackground":true} rootId=hfbdynbqynypjkv, id=hfbdynbqynypjkv
2025-03-12T14:52:54.604Z - debug: Skipping storing report. rootId=hfbdynbqynypjkv, id=hfbdynbqynypjkv
2025-03-12T14:52:54.604Z - info: Rendering request 1 finished in 1322 ms rootId=hfbdynbqynypjkv, id=hfbdynbqynypjkv
2025-03-12T14:53:05.776Z - info: Render request 2 queued for execution and waiting for available worker rootId=mu4h029rj3acyks, id=mu4h029rj3acyks
2025-03-12T14:53:05.779Z - info: Starting rendering request 2 rootId=mu4h029rj3acyks, id=mu4h029rj3acyks
2025-03-12T14:53:05.780Z - info: Rendering anonymous template { recipe: chrome-pdf, engine: handlebars } rootId=mu4h029rj3acyks, id=mu4h029rj3acyks
2025-03-12T14:53:05.780Z - debug: Data item not defined for this template. rootId=mu4h029rj3acyks, id=mu4h029rj3acyks
2025-03-12T14:53:05.781Z - debug: Base url not specified, skipping its injection. rootId=mu4h029rj3acyks, id=mu4h029rj3acyks
2025-03-12T14:53:05.782Z - debug: Rendering engine handlebars rootId=mu4h029rj3acyks, id=mu4h029rj3acyks
2025-03-12T14:53:06.207Z - debug: Executing recipe chrome-pdf rootId=mu4h029rj3acyks, id=mu4h029rj3acyks
2025-03-12T14:53:06.539Z - debug: Converting with chrome Chrome/133.0.6943.126 using chrome-pool strategy rootId=mu4h029rj3acyks, id=mu4h029rj3acyks
2025-03-12T14:53:06.588Z - debug: Page request: GET (document) file:///C:/Users/barua/AppData/Local/Temp/jsreport/autocleanup/dcba49bc-3e7d-44c1-8ba3-2641fabbf629-chrome-pdf.html rootId=mu4h029rj3acyks, id=mu4h029rj3acyks
2025-03-12T14:53:06.602Z - debug: Page request finished: GET (document) 200 file:///C:/Users/barua/AppData/Local/Temp/jsreport/autocleanup/dcba49bc-3e7d-44c1-8ba3-2641fabbf629-chrome-pdf.html rootId=mu4h029rj3acyks, id=mu4h029rj3acyks
2025-03-12T14:53:06.612Z - debug: Running chrome with params {"timeout":59557,"margin":{},"printBackground":true} rootId=mu4h029rj3acyks, id=mu4h029rj3acyks
2025-03-12T14:53:06.812Z - debug: Skipping storing report. rootId=mu4h029rj3acyks, id=mu4h029rj3acyks
2025-03-12T14:53:06.812Z - info: Rendering request 2 finished in 1038 ms rootId=mu4h029rj3acyks, id=mu4h029rj3acyks
2025-03-13T12:00:41.650Z - info: Initializing jsreport (version: 4.8.0, configuration file: none, nodejs: 20.15.1)
2025-03-13T12:00:41.653Z - info: Searching for available extensions in C:\Users\barua\OneDrive\Desktop\Gadify-Backend\
2025-03-13T12:00:41.659Z - info: Extensions location cache contains up to date information, skipping crawling in C:\Users\barua\OneDrive\Desktop\Gadify-Backend\
2025-03-13T12:00:41.766Z - info: Found 35 extension(s)
2025-03-13T12:00:41.811Z - debug: Writing extension locations cache to C:\Users\barua\AppData\Local\Temp\jsreport\core\locations.json
2025-03-13T12:00:41.813Z - debug: Discovered 35 extensions
2025-03-13T12:00:41.844Z - info: Using extension authentication@4.2.3
2025-03-13T12:00:42.127Z - debug: Extension authentication@4.2.3 was disabled
2025-03-13T12:00:42.128Z - info: Using extension base@4.0.0
2025-03-13T12:00:42.131Z - info: Using extension child-templates@4.1.0
2025-03-13T12:00:42.133Z - info: Using extension cli@4.1.0
2025-03-13T12:00:42.137Z - info: Using extension components@4.0.2
2025-03-13T12:00:42.139Z - info: Using extension data@4.1.0
2025-03-13T12:00:42.140Z - info: Using extension express@4.2.0
2025-03-13T12:00:42.548Z - info: Using extension freeze@4.0.0
2025-03-13T12:00:42.550Z - info: Using extension fs-store@4.1.0
2025-03-13T12:00:42.740Z - debug: Extension fs-store@4.1.0 was disabled
2025-03-13T12:00:42.741Z - info: Using extension handlebars@4.0.1
2025-03-13T12:00:42.743Z - info: Using extension import-export@4.0.6
2025-03-13T12:00:42.771Z - info: Using extension jsrender@4.0.0
2025-03-13T12:00:42.772Z - info: Using extension licensing@4.0.4
2025-03-13T12:00:42.827Z - info: Using extension localization@4.0.1
2025-03-13T12:00:42.829Z - info: Using extension npm@4.0.0
2025-03-13T12:00:42.832Z - info: Using extension pdf-utils@4.3.0
2025-03-13T12:00:42.834Z - info: Using extension reports@4.1.3
2025-03-13T12:00:42.838Z - info: Using extension tags@4.0.1
2025-03-13T12:00:42.840Z - info: Using extension text@4.0.2
2025-03-13T12:00:42.842Z - info: Using extension version-control@4.1.0
2025-03-13T12:00:42.860Z - info: Using extension assets@4.2.1
2025-03-13T12:00:42.880Z - info: Using extension authorization@4.1.0
2025-03-13T12:00:42.887Z - debug: Extension authorization@4.1.0 was disabled
2025-03-13T12:00:42.888Z - info: Using extension browser-client@4.1.0
2025-03-13T12:00:42.891Z - info: Using extension chrome-pdf@4.1.1
2025-03-13T12:00:42.894Z - debug: Chrome strategy is chrome-pool, numberOfWorkers: 1
2025-03-13T12:00:42.895Z - debug: Chrome custom launch options are protocolTimeout=60000
2025-03-13T12:00:42.896Z - info: Using extension docx@4.7.0
2025-03-13T12:00:42.898Z - info: Using extension html-to-xlsx@4.2.0
2025-03-13T12:00:43.201Z - info: html-to-xlsx detected chrome as available html engine
2025-03-13T12:00:43.202Z - info: Using extension pptx@4.4.0
2025-03-13T12:00:43.205Z - info: Using extension scheduling@4.1.0
2025-03-13T12:00:43.242Z - info: Using extension scripts@4.2.0
2025-03-13T12:00:43.244Z - info: Using extension static-pdf@4.1.0
2025-03-13T12:00:43.245Z - info: Using extension studio@4.3.0
2025-03-13T12:00:43.356Z - info: Using extension xlsx@4.4.0
2025-03-13T12:00:43.359Z - info: Using extension public-templates@4.0.0
2025-03-13T12:00:43.360Z - debug: Extension public-templates@4.0.0 was disabled
2025-03-13T12:00:43.361Z - info: Using extension sample-template@4.0.1
2025-03-13T12:00:43.363Z - info: Using extension studio-theme-dark@4.0.0
2025-03-13T12:00:43.365Z - info: Using general timeout for rendering (reportTimeout: 60000)
2025-03-13T12:00:43.365Z - info: Using memory provider for template store. The saved templates will be lost after restart
2025-03-13T12:00:43.379Z - debug: studio default theme is: light
2025-03-13T12:00:43.382Z - info: Creating default express app.
2025-03-13T12:00:43.409Z - info: jsreport server successfully started on http port: 5488
2025-03-13T12:00:43.410Z - info: Verifying license key free
2025-03-13T12:00:43.411Z - info: Using free license
2025-03-13T12:00:43.418Z - info: Migrating templates chrome settings (waitForNetworkIddle -> waitForNetworkIdle)
2025-03-13T12:00:43.419Z - info: Migration successful
2025-03-13T12:00:43.420Z - debug: Creating samples is disabled
2025-03-13T12:00:43.420Z - info: Initializing worker threads
2025-03-13T12:00:43.420Z - debug: Extensions in workers: base, child-templates, components, data, express, handlebars, jsrender, localization, npm, pdf-utils, reports, text, version-control, assets, browser-client, chrome-pdf, docx, html-to-xlsx, pptx, scripts, static-pdf, studio, xlsx
2025-03-13T12:00:44.020Z - info: 2 worker threads initialized in 600ms
2025-03-13T12:00:44.021Z - info: Starting temp files cleanup with 180000ms threshold
2025-03-13T12:00:44.022Z - info: reporter initialized
